id,nome
1,ONE OK ROCK
2,Skillet
3,Avril Lavigne
4,Sueco & Warren Zeiders
5,Highly Suspect
6,All Time Low
7,Paramore
8,Zero 9:36
9,Starbuck
10,Marshall Crenshaw
11,My Chemical Romance
12,Ed Sheeran
13,Imagine Dragons
14,Red Hot Chili Peppers
15,Thirty Seconds to Mars
16,Bruno Mars
17,Shinedown
18,Barns Courtney
19,Meet Me @ The Altar
20,GOJIRA
21,Slipknot
22,jxdn
23,White Reaper
24,Disturbed
25,Halestorm
26,Megadeth
27,The Goo Goo Dolls
28,Weezer
29,Death Cab for Cutie
30,Panic! At the Disco
31,Rival Sons
32,The Smiths
33,The Rolling Stones
34,H.e.a.t
35,Yeah Yeah Yeahs
36,AB's
37,Creed
38,Lana Del Rey
39,Boz Scaggs
40,Creedence Clearwater Revival
41,Whitesnake
42,Maroon 5
43,Coldplay
44,3 Doors Down
45,U2
46,Chris Isaak
47,Jason Mraz
48,The Script
49,Matt Maeson
50,AC/DC
51,Tokyo Fan Club
52,Martin HERRS
53,Davi
54,"Charlie May, Natacha Atlas, Dimitri Nakov & Roman Rai"
55,Barış Manço
56,Bloodbound
57,Adele
58,Dino Lenny
59,Randall Jones & Four Candles
60,Living Colour
61,Lopezhouse
62,Breaking Benjamin
63,Type O Negative
64,Junior Wells
65,Zoo Brazil
66,Sleeping With Sirens
67,Island Hill
68,STARSET
69,Evanescence
70,The Romantics
71,Mike Viola
72,Meshuggah
73,blink-182
74,"Captain Mustache, John Digweed & Nick Muir"
75,Pig&Dan
76,LINKIN PARK
77,Britney Spears
78,Ultimate Fakebook
79,Oniris
80,Wojtek Szumański
81,"Franky Wah, John Digweed & Nick Muir"
82,Five Finger Death Punch
83,Zach Bryan
84,Aubrey Fry
85,The Smashing Pumpkins
86,Karpov
87,Wide Waters
88,The Black Keys
89,Elliott Smith
90,Under This
91,Janet Jackson
92,Ben Spencer & Buraki
93,Soel
94,Richard Marx
95,Bon Jovi
96,The Velvet Underground
97,Big Thief
98,Wallows
99,Three Days Grace
100,Rammstein
101,The Cranberries
102,The Boomtown Rats
103,Mykol & Victor Calderone
104,Kenny Loggins
105,Miles Atmospheric
106,twenty one pilots
107,Limp Bizkit
108,Queen
109,Avenged Sevenfold
110,Iggy & The Stooges
111,Kelis
112,Cage the Elephant
113,The Darkness
114,Theory of a Deadman
115,Bush
116,Elvis Presley
117,Tom Waits
118,One Direction
119,Lynyrd Skynyrd
120,Hawkestrel
121,Hinder
122,Highwind
123,Britny Fox
124,Menudo
125,John Cougar Mellencamp
126,Everclear
127,Lifehouse
128,No Doubt
129,Alter Bridge
130,Semisonic
131,The Wallflowers
132,Toadies
133,Fuel
134,Ghost
135,L.S. Dunes
136,Buffalo Daughter
137,A Day to Remember
138,ILLENIUM & Sueco
139,Fother Muckers
140,Drowning Pool
141,The Plot In You
142,LIVE
143,Hoobastank
144,Elvin Bishop
145,Glass Animals
146,Journey
147,Godsmack
148,Vance Joy
149,Eric Church
150,Soul Asylum
151,My Darkest Days
152,Taylor Swift
153,Get Scared
154,Bob Seger & The Silver Bullet Band
155,Black Veil Brides
156,Eddie Money
157,Jake Owen
158,"Daft Punk, Pharrell Williams & Nile Rodgers"
159,Ciara
160,Hollywood Undead
161,The Band
162,ICE NINE KILLS
163,Spiderbait
164,Grinspoon
165,Surf Curse
166,Katy Perry
167,The Ghastly Ones
168,The Specials
169,Dexys Midnight Runners & Kevin Rowland
170,The Beatles
171,The Vandals
172,AWOLNATION
173,Lorde
174,Cast
175,James Arthur
176,Parikrama
177,"nothing,nowhere."
178,Papa Roach
179,Jason Derulo
180,Powderfinger
181,Ariana Grande
182,Dead By April
183,Arctic Monkeys
184,Mac DeMarco
185,Fall Out Boy
186,Little River Band
187,Kelsea Ballerini
188,Christina Perri
189,Casting Crowns
190,Steve Miller Band
191,Brantley Gilbert
192,Family
193,Steely Dan
194,Dean Lewis
195,Stealers Wheel
196,Florida Georgia Line
197,Zendaya
198,Cassadee Pope
199,Derek & The Dominos
200,Kelly Clarkson
201,Milva
202,The Rare Occasions
203,Gorillaz
204,The Convenience
205,Against The Current
206,Jerrod Niemann
207,Joel Adams
208,Iggy Pop
209,Kiss
210,Zac Brown Band
211,Jackson Browne
212,Tom Odell
213,MKTO
214,Greta Van Fleet
215,Motionless In White
216,Train
217,Don Mclean
218,Bridgit Mendler
219,B.o.B
220,Passion Pit
221,Beyoncé
222,Rod Stewart
223,Ylvis
224,Birdy
225,Mitski
226,Switchfoot
227,Sebastián Yatra & Reik
228,Tom Grox
229,David Guetta
230,Mumford & Sons
231,Breakbot
232,Cat Stevens
233,Easton Corbin
234,Foals
235,Mötley Crüe
236,The Beach Boys
237,MrGsmith
238,Maxwell
239,Stray Kids
240,Floral
241,Nick Lutsko
242,Tiu Don
243,Samuel David Penagos
244,Diles que no me maten
245,The National
246,P.O.D.
247,Olamide
248,Krush Proof Muzik
249,TurboQuest
250,KADOKAWA DREAMS
251,Stone Temple Pilots
252,John Mayer
253,Elvis Costello & The Attractions
254,Olly Murs
255,Capital Cities
256,Labrinth
257,I Prevail
258,Volbeat
259,Lutan Fyah
260,Chevelle
261,John Barnes
262,Pearl Jam
263,Sparky & Quango
264,Queens of the Stone Age
265,Baauer
266,Blood Orange
267,Alicia Keys
268,Sizzla
269,Kings of Leon
270,Charlie Puth
271,Glasgow
272,Ibo Fyah
273,Green Day
274,Sheena
275,Tame Impala
276,Justin Timberlake
277,A Great Big World
278,Bring Me The Horizon
279,Paulo Fonseca
280,Jennifer Lopez
281,Rocky Racoon Jr.
282,Little Mix
283,Blind Channel
284,ODESZA
285,Weyes Blood
286,Rise Against
287,Kudosss & Dr. Disco
288,The Killers
289,La Dispute
290,Quango
291,Fleet Foxes
292,Darragh
293,Posttraumatic Stress Disorder
294,Stone Sour
295,Fitz and The Tantrums
296,Chet Faker
297,Kenny Chesney
298,Chris Cornell
299,Richie Spice
300,Deadeye Dick
301,Drive-By Truckers
302,Ozzy Osbourne
303,SUUNS
304,The Replacements
305,Foo Fighters
306,Namewee
307,Southern Culture On the Skids
308,House Music
309,coldrain
310,Midwife
311,Cro-Mags
312,CHASER
313,Gabby Barrett
314,La Vela Puerca
315,Shawn Mendes
316,DDT
317,Jonas Brothers
318,Before Manhattan
319,Metric
320,Mon Laferte
321,USHER
322,Marco Sfogli
323,Metallica
324,Lionel Boy
325,Darius Rucker
326,Lauren Daigle
327,The Lumineers
328,Chris Stapleton
329,mgk & blackbear
330,Beach House
331,Lil Nas X
332,Cody Johnson
333,MJ's Brass Boppers
334,d4vd
335,Kid Rock
336,Olivia Rodrigo
337,Lizzo
338,Jimmy Eat World
339,Hozier
340,Bandalos Chinos
341,Matamba
342,Eagles
343,Mike Posner
344,MGMT
345,Deftones
346,The Strokes
347,Boston
348,M83
349,Gnarls Barkley
350,Mazzy Star
351,Gigi Perez
352,Audioslave
353,KALEO
354,Lee Brice
355,Muni Long
356,Jeremih
357,Brad Paisley
358,Aerosmith
359,Myles Smith
360,A Great Big World & Christina Aguilera
361,Burl Ives
362,Bad Bunny & The Marías
363,Igorrr
364,Blake Shelton
365,Zedd
366,Counting Crows
367,The Fray
368,Van Halen
369,Marshmello & Kane Brown
370,Tyrese
371,Led Zeppelin
372,Josh Turner
373,Miranda Lambert
374,Modest Mouse
375,System Of A Down
376,Snow Patrol
377,Bob Dylan
378,Billy Joel
379,Elton John
380,Eurythmics
381,Ashes And Diamonds
382,Keane
383,Mariah Carey
384,Rihanna
385,Blue Öyster Cult
386,sombr
387,Fleetwood Mac
388,Ryan Hurd & Maren Morris
389,Carrie Underwood
390,Nickelback
391,Selena Gomez
392,Laurel Aitken
393,"Far East Movement, The Cataracs & Dev"
394,Avicii
395,Demi Lovato
396,Nelly Furtado
397,"HUNTR/X, EJAE, AUDREY NUNA, REI AMI & KPop Demon Hunters Cast"
398,Parker McCollum
399,"Stephanie Beatriz, Olga Merediz & Encanto - Cast"
400,Brett Young
401,Bobby Caldwell
402,Jack Johnson
403,Ella Mai
404,Avant
405,Tate McRae
406,George Benson
407,Eluveitie
408,The Cardigans
409,Prince
410,Dan + Shay
411,HARDY
412,Basement
413,"Migos, KAROL G, Snoop Dogg & Rock Mafia"
414,Young the Giant
415,Chris Young
416,Kid Kapichi
417,Halsey
418,Janelle Monáe
419,Foster the People
420,Old Dominion
421,Asking Alexandria
422,Pink Floyd
423,Fred Buscaglione
424,Cole Swindell
425,Deep Purple
426,Noah Peters
427,David Bowie
428,Def Leppard
429,The Spits
430,Puppet
431,Paul McCartney & Wings
432,Klipwerf Orkes
433,Garbage
434,Kate Bush
435,홍서범
436,Naked Eyes
437,The Rolling Rock Band
438,Toploader
439,Liz Phair
440,Dr.Fun
441,Walking Rumor
442,Black Swamp Water
443,San Francisco's
444,TV on the Radio
445,Kickin Valentina
446,Lina Morgan
447,DJ Kee
448,Worry Blast
449,Bunbury
450,Shannon & Keast
451,Electric Boys
452,Electric Light Orchestra
453,DJ Hush
454,Chefs and Actors
455,Hot Water Music
456,Rigoyaro
457,Mike Brooks
458,塑料
459,Thom Cooper
460,Divavikings
461,Vitamin String Quartet
462,Jonathan Young
463,Twisted Sister
464,Moorelo
465,Meg Birch
466,Tom Cochrane
467,David Bowie & Tina Turner
468,Park Jae Hyung
469,Kikka
470,Black Oak County
471,Armin van Buuren & Shapov
472,Asian Kung-Fu Generation
473,Andrew N Project
474,Howard Jones
475,Massive Attack
476,Alice Lamb
477,Junkyard Drive
478,Crishan
479,D'Mixmasters
480,Zoe Zori
481,Karizma Duo
482,INXS
483,Electric Guitars
484,Radiohead
485,R.E.M.
486,Saturday School
487,Park Soeun
488,Chris Pomeroy
489,Spoon
490,Silver End
491,Linky First
492,Nelson
493,Luchia
494,The Reverend Shawn Amos
495,Verandah
496,Hannah Dorman
497,Prince & The Revolution
498,Second Street Bridge
499,Lireau
500,Tygers of Pan Tang
501,Flatland Cavalry
502,We Could Build an Empire
503,Ólafur Arnalds
504,Mike Tramp
505,Something's Cursed
506,Saturday School & Last Ones
507,Midnight Foolishness
508,Twin Peaks
509,Paul McCartney
510,George Michael
511,Sid
512,Bite The Bullet
513,Ben Max
514,Fadheit
515,Florida Man
516,Lucer
517,Tainted Lady
518,The Cocaine Wolves
519,La Santa Cecilia
520,bastard archive
521,Franklin Zoo
522,The Association
523,Deed In Karma
524,Vital Breath
525,Blended Brew
526,New Café Blues City Group
527,Sea
528,Damn Freaks
529,Souls of Tide
530,Doug Bleichner
531,The Verve
532,French Montana
533,Ennio Morricone & Czech National Symphony Orchestra
534,Chubby Checker
535,Koe Wetzel
536,Stevie Nicks
537,Tom Petty & The Heartbreakers
538,The Pirouettes
539,408 & TITUS
540,Leaves' Eyes
541,Marching Church
542,Aunt Martha
543,Miró
544,Soundgarden
545,Phil Collins
546,Sublime
547,Stevie Nicks & Don Henley
548,Sleeping Sunset
549,Evergrey
550,The Doobie Brothers
551,The White Stripes
552,Marc Romboy
553,Tagua Tagua
554,MAVA RÖ
555,Face to Face
556,Lil Wiz
557,Nick Warren & Guy Mantzur
558,Tom Petty
559,Real Work
560,Bog
561,Eagles & Butterflies
562,Chloe Le Page
563,Stevie Nicks & Tom Petty & The Heartbreakers
564,Gary Clark Jr.
565,Bilmuri & Knox
566,The 50kaiten's
567,The Piano Guys
568,Stelios Vassiloudis
569,Landa
570,Temple of the Dog
571,"Darren Emerson, John Digweed & Nick Muir"
572,Siete Dagas
573,Coyu & Ramiro Lopez
574,Dethroned
575,Victoria Justice
576,Secret Knowledge
577,Hotei
578,"Reeve Carney, Christina Milian, Tim Curry & Annaleigh Ashford"
579,Maretu
580,HOSH
581,Jethro Tull
582,FOMARE
583,Ryan McCartan & Victoria Justice
584,Forever Strong
585,Wehbba
586,3LIAS & Ali Ajami
587,The Kiboomers
588,GroupMusic
589,Skyhooks
590,Lars-Luis Linek
591,Peach Pit
592,Iron Maiden
593,Weekend Nachos
594,Tina Turner
595,Alanis Morissette
596,Hal Walker
597,Lucifer's Friend
598,Paul McCartney & Michael Jackson
599,Linda Ronstadt
600,The Yardbirds
601,Local Space Boy
602,Faith No More
603,King Toussain
604,Hey
605,a-ha
606,Gelu
607,Yui Asaka
608,Regresión
609,Tito & Tarantula
610,Philine Sonny
611,Stereo Total
612,Tracy Chapman
613,Canti
614,Los Mustang
615,Tori Amos
616,Phases of Perception
617,Supergrass
618,Grandma's Cat
619,Sleater-Kinney
620,Tha Alkaholiks
621,George Harrison
622,Kris Drever
623,God Dethroned
624,Wings
625,Racoon
626,Roger Ruskin Spear
627,Supertramp
628,Wilco
629,THE BOOTLEGS
630,Hikaru Utada
631,travis xsdhgif
632,Enjoy
633,The Kinks
634,The Notorious B.I.G.
635,Sasha Carassi
636,Mark Crozer
637,"Bob Dylan, Roger McGuinn, Tom Petty, Neil Young, Eric Clapton & George Harrison"
638,Ramon Tapia & Stavroz
639,CPM 22
640,Various Artists
641,Jim Johnston
642,Kiscsillag
643,Man
644,Boy Hits Car
645,Miguel
646,John Digweed & Nick Muir
647,Thodoris Triantafillou & Cj Jeff
648,Carlo Lio & Harvey McKay
649,The World Is A Beautiful Place & I Am No Longer Afraid To Die
650,Ian O'Donovan
651,Downstait
652,The Japanese Popstars
653,Nick Cave & The Bad Seeds
654,Denis A
655,Madben & Yann
656,Santana
657,Saliva
658,"John Digweed, Nick Muir & Pig&Dan"
659,Kinky
660,Harvey McKay
661,Power Trip
662,Morrissey
663,"Emerson, Lake & Palmer"
664,ZOMBIELOAF
665,Motörhead
666,Robert Babicz
667,Daniel Bryan
668,Eddie Vedder & Mike McCready
669,Black Devil
670,William Elliott Whitmore
671,Kin Corruption
672,Rush
673,Ferry Corsten
674,Sweet
675,KuTso
676,Management del dolore post-operatorio
677,Viola
678,Bob Marley & The Wailers
679,Sunflower Bean
680,Primal Scream
681,Perturbazione
682,Yüzyüzeyken Konuşuruz
683,Black Slate
684,Viniloversus
685,Bianco
686,Levante
687,The Who
688,Green Like July
689,Bruno Sanmetalica
690,Saluti da Saturno
691,Appino
692,Huey Lewis & The News
693,Diodato
694,UNA (Ita)
695,Cosmetic
696,Carolina Bubbico
697,Giacomo Toni
698,Maria Antonietta
699,Massimo Volume
700,Wildmen
701,Luca Morino & Combo Luminoso
702,Spiral69
703,Luminal
704,Fine Before You Came
705,Marco Germani
706,Riccardo Latteri
707,Fabio Cinti
708,Elio Petri
709,The Wise Guyz
710,Petramante
711,The Clash
712,The Cyborgs
713,andymori
714,Nirvana
715,Mr. Sos
716,Harold Budd
717,Mayday
718,Michael Jackson
719,Freddy Cannon
720,Phreek Plus One
721,Budgie
722,Mel Tormé
723,MIDI Bunny
724,Nightwish
725,La Femme
726,Gyptian
727,Morgan Heritage
728,Panjabi MC
729,Jay Sean
730,The Word Alive
731,Red Desert
732,Gossip
733,Nemesea
734,Bob Wayne
735,Evolove
736,King Junior & Ricky Rich
737,Dengue Fever
738,Wang Wen
739,GOASTT
740,Candy
741,Blur
742,Burnt By the Sun
743,Silva
744,Therion
745,Mumblr
746,Paul & Linda McCartney
747,Boikot
748,Sonic Youth
749,Dr. Know
750,The Cool and Deadly
751,mor ve ötesi
752,Market
753,Uncharted Shores
754,Luna and the Mountain Jets
755,Fingers Mitchell Cullen
756,My Autumn & Dony
757,Yvonne Elliman
758,Alan Doggett & Murray Head
759,Warrior Soul
760,Slot
761,Blake Brock
762,Murray Head & Choir
763,"Ian Gillan, Yvonne Elliman, Apostles & Murray Head"
764,Box Elders
765,60 Watt Kid
766,Ian Gillan & Yvonne Elliman
767,Interpol
768,The Oak Creek Band
769,Ádammo
770,The Summer Obsession
771,Orchestra Of Jesus Christ Superstar
772,Victor Brox & Brian Keith
773,Ian Gillan
774,"Victor Brox, Ian Gillan & Alan Doggett"
775,Her Familiar
776,John Gustafson & Ian Gillan
777,Ian Gillan & Alan Doggett
778,Snowgoons
779,Salvations Lost
780,Barry Dennen & Alan Doggett
781,"Murray Head, Brian Keith, Victor Brox & Choir"
782,Korzus
783,Mike D'Abo
784,"Ian Gillan, Apostles & Murray Head"
785,4 Point 0
786,Dragonfly
787,FABLED NUMBER
788,Kory Clarke & Warrior Soul
789,Barry Dennen & Ian Gillan
790,"Murray Head, Victor Brox, Paul Davis, Ian Gillan & Brian Keith"
791,Sugar
792,"Murray Head, Victor Brox & Choir"
793,"Paul Davis, Yvonne Elliman & Annette Brox"
794,Dick50
795,"Barry Dennen, Victor Brox & Ian Gillan"
796,Frankie Miller
797,The Proclaimers
798,Spit
799,Paul Simon
800,PlanetaR
801,America
802,Rishi Romero
803,Kalei Gamiao
804,Bonfire
805,Amy Winehouse
806,Laraaji & Jonathan Goldman
807,Hurricane Nightcore
808,Johnny Otis
809,Tim Ismag
810,Wooden Lee
811,松本孝弘
812,Kylie Minogue & Nick Cave & The Bad Seeds
813,Bob Seger
814,The Fleetwoods
815,George Michael & Queen
816,Freddie Mercury
817,"Queen, Wyclef Jean & Pras Michel"
818,Noel Gallagher's High Flying Birds
819,Nightmares for a Week
820,Queen & Elton John
821,James Vincent McMorrow
822,Freddie Mercury & Montserrat Caballé
823,Queen & David Bowie
824,Simon & Garfunkel
825,Alpha Blondy
826,Squid
827,Cornelius
828,Rhythm Device
829,Radio Free Alice
830,The Keystones
831,Apocalyptica
832,The Cure
833,Orgel Sound J-Pop
834,James Bay
835,Thrice
836,LMFAO
837,Nothing But Thieves
838,Birdy & RHODES
839,Royal Blood
840,P!nk
841,Plants and Animals
842,Bastille
843,Pop Evil
844,Saxon
845,Ratones Paranoicos
846,Boyfriends
847,Rayland Baxter
848,The Swellers
849,JPNSGRLS
850,My Prophecy
851,The Stone Roses
852,Carb on Carb
853,SHINee
854,The Cult
855,Lucio Dalla
856,Anxiety
857,Hannah Montana
858,Sunny Day Real Estate
859,Lithuania
860,Procol Harum
861,Yeah Huh
862,Jazmine Sullivan
863,The Bravery
864,A Vital Message
865,Pynch
866,The Four Horsemen
867,Kraftwerk
868,Ultravox
869,Beastie Boys
870,Oasis
871,Alkaline Trio
872,Space Patrol
873,Bon Iver
874,Vampire Weekend
875,Metro Station
876,Leona Lewis
877,John Legend
878,Midnight Oil
879,Jennifer Hudson
880,Empire Of The Sun
881,Fred Thomas
882,Bobby Helms
883,GROUPLOVE
884,Good Charlotte
885,Plain White T's
886,Hello Saferide
887,Incubus
888,Dierks Bentley
889,The All-American Rejects
890,Alice In Chains
891,Steve Earle
892,Band of Horses
893,OneRepublic
894,Korn
895,Black Sabbath
896,Chuck Berry
897,Montgomery Gentry
898,Vanessa Carlton
899,Ginuwine
900,Deana Carter
901,Trapt
902,Drake
903,Yellowcard
904,Neon Trees
905,Sade
906,Fountains Of Wayne
907,J. Holiday
908,MercyMe
909,The Red Jumpsuit Apparatus
910,Dave Matthews Band
911,Cher
912,"Hank Williams, Jr."
913,Johnny Cash
914,The Chicks
915,Rick Springfield
916,Mario
917,Deborah Cox
918,Sugarland
919,The Weeknd
920,Heart
921,Sum 41
922,Owl City
923,Foreigner
924,Matchbox Twenty
925,Lady A
926,Madonna
927,Jesse McCartney
928,M-Y-C
929,Pixies
930,Genesis
931,T. Rex
932,Pretenders
933,Ashes To Amber
934,Boney M.
935,Sly & The Family Stone
936,Pressure
937,Robert Calvert
938,Daft Punk
939,Dana Berger
940,Robin Trower
941,Уляна Дель Рей
942,Ratt
943,Kann Karate
944,Tim McGraw
945,aifolh
946,Operation Ivy
947,Yorsh
948,Spirit
949,Tarrus Riley
950,The Doors
951,Killing Joke
952,Particles
953,Francis Cabrel
954,Nothing Over Silence
955,Blind Guardian
956,Kevin Henrickson
957,Parokya Ni Edgar
958,Warren Zevon
959,The Dandy Warhols
960,Seafoam Samples
961,Dave Matthews & Tim Reynolds
962,Superchunk
963,Roy Harper
964,Muse
965,Cherish
966,Jamiroquai
967,Gym Class Heroes featuring Patrick Stump
968,Ne-Yo
969,Christina Aguilera
970,Bill Withers
971,Hank Williams Jr.
972,Luther Vandross
973,Joe
974,Lyfe Jennings
975,Donell Jones
976,Kodaline
977,Matisyahu
978,Sara Bareilles
979,Ole 60
980,Daughtry
981,Lecrae & Tori Kelly
982,Colbie Caillat
983,Corinne Bailey Rae
984,Musiq Soulchild
985,Blind Melon
986,Eve 6
987,Staind
988,The Police
989,Wheatus
990,John Cougar
991,SageFNTM
992,Hombres G
993,South Arcade
994,Thick As Blood
995,Hands
996,Pennywise
997,"Dhani Harrison, Jeff Lynne, Prince, Steve Winwood & Tom Petty"
998,Bitty McLean
999,Exit & Handguns
1000,Heffner
1001,The 1975
1002,Shakeout
1003,adore
1004,The Circle View
1005,Bright Fires
1006,Five for Fighting
1007,Natalie Merchant
1008,Bright Eyes
1009,Towards the Sunrise
1010,Pat Benatar
1011,The Kickback
1012,Juanes
1013,The Stooges
1014,Museum Mouth
1015,Cassandra Kaczor
1016,Steve Lieberman the Gangsta Rabbi
1017,T.Love
1018,PRART GROUP
1019,Laura Mellencamp
1020,Zebra Hunt
1021,Bruce Hornsby & The Range
1022,Mark Lee Townsend
1023,Jah Cure
1024,Roy Wood
1025,Sunsets
1026,Bruce Hornsby
1027,SUPER JUNIOR
1028,Glass Tiger
1029,Cliff Richard & The Shadows
1030,Cream
1031,Wyatt Ryder
1032,Sharon Shannon & Steve Earle
1033,Better Chemistry
1034,Thereallilglock4
1035,Bijelo Dugme
1036,Christine and the Queens
1037,Velvet Revolver
1038,Franz Ferdinand
1039,Seal
1040,Band Aid
1041,Anthony Amorim
1042,Bowling for Soup
1043,Gavin DeGraw
1044,Kenny Chesney & Uncle Kracker
1045,Lonestar
1046,Tyler Childers
1047,Nextime
1048,Echo & The Bunnymen
1049,Killswitch Engage
1050,Not My Weekend
1051,311
1052,The Red Clay Strays
1053,The Postal Service
1054,Dashboard Confessional
1055,A Perfect Circle
1056,WACK
1057,The Mamas & The Papas
1058,Of Monsters and Men
1059,Sam Smith
1060,Taking Back Sunday
1061,Todrick Hall
1062,Nina Gordon
1063,Luke Combs
1064,Lord Huron
1065,Jefferson Airplane
1066,And The Kids
1067,Molly Burch
1068,Lumidee
1069,Martina McBride
1070,The Ataris
1071,Dido
1072,Bonnie Raitt
1073,Luna Blue
1074,Ashanti
1075,"Perspective, a Lovely Hand to Hold"
1076,Miley Cyrus
1077,4 Non Blondes
1078,Coheed and Cambria
1079,Becky G
1080,The SpacePimps
1081,Hot Chelle Rae
1082,Rupert Holmes
1083,Daryl Hall & John Oates
1084,Mark Ronson featuring Amy Winehouse
1085,Seether
1086,April Wine
1087,Crystal Rock & Anastasia Rose
1088,DAVVN
1089,Bob Schneider
1090,Novulent
1091,Anne-Marie
1092,Enumclaw
1093,Grand Funk Railroad
1094,Chinese Cigarettes
1095,Amerie
1096,Keith Urban
1097,Teena Marie
1098,The Psychedelic Furs
1099,xServitudex
1100,Bruce Springsteen
1101,The Flaming Lips
1102,Robin Thicke
1103,The X-Ecutioners
1104,Melissa Etheridge
1105,Phish
1106,Third World War
1107,Barenaked Ladies
1108,Trevor Something
1109,Blondie
1110,Dr. Dre
1111,Eartha Kitt
1112,Mile Marker Zero
1113,Billy Idol
1114,Mom Dad & Me
1115,Mike Keneally
1116,bokula.
1117,The Ephinjis
1118,Kid Dakota
1119,Linda
1120,Third Day
1121,Candylion
1122,Rita Lee
1123,C Turtle
1124,Collective Soul
1125,Poor You
1126,Dean Martin
1127,Chris Ballew
1128,Shapeshifter
1129,Capital Inicial
1130,Os Mutantes
1131,NAMBA69
1132,Range Life
1133,The Monarchs
1134,Superorder
1135,Helvetia
1136,Wetherbee
1137,Great White
1138,Gods Child
1139,Panchiko
1140,Eric Clapton
1141,Sound Providers
1142,Kov Zelonky
1143,Marion
1144,Sanchez
1145,Pablø Anton
1146,David Allan Coe
1147,Anne Murray
1148,30 Dollar Weekend
1149,Earth Crisis
1150,Bathory
1151,Travis Tritt
1152,Iyaz
1153,Alabama Shakes
1154,Gwendoline
1155,BOYS LIKE GIRLS
1156,Nine Days
1157,Puddle of Mudd
1158,Pierce the Veil
1159,Uncle Kracker
1160,Story of the Year
1161,Khruangbin & Leon Bridges
1162,Jagged Edge
1163,Maná
1164,Iron & Wine
1165,The Hives
1166,Savage Garden
1167,Third Eye Blind
1168,CAKE
1169,Flyleaf
1170,Michelle Branch
1171,Kellie Pickler
1172,Jordin Sparks & Chris Brown
1173,Sean Paul
1174,Escape the Fate
1175,TOOL
1176,Daniel Bedingfield
1177,Lenny Kravitz
1178,Gerald Levert
1179,Justice
1180,The 5th Dimension
1181,Brand New
1182,Florence + the Machine
1183,Pitbull
1184,Regina Spektor
1185,Bloc Party
1186,Michael Bublé
1187,Silversun Pickups
1188,Sixx:A.M.
1189,Eddie Vedder
1190,Rock N' Roll Baby Lullaby Ensemble
1191,Settle Your Scores
1192,Dope
1193,Powerman 5000
1194,NO CIGAR
1195,Hovvdy
1196,Hitsujibungaku
1197,Eddie And The Getaway
1198,girlfriends
1199,Shout Out Louds
1200,The Seahorses
1201,Widespread Panic
1202,Daniel Lee
1203,KOYOTE
1204,Trans Am
1205,Twinkle Twinkle Little Rock Star
1206,Summertime Dropouts
1207,The Mike Flowers Pops
1208,Zeke
1209,Bajo Sueños
1210,Florida State University Marching Chiefs & Patrick Dunnigan
1211,Lauryn Hill
1212,Love of Lesbian
1213,Céline Dion
1214,LUNA SEA
1215,Tegan and Sara
1216,Icecross
1217,The Black Crowes
1218,Razed In Black
1219,PEDRO
1220,Mad Sin
1221,Midnite String Quartet
1222,Piano Project
1223,Paul Shaffer
1224,Thomas Nicholas Band
1225,D'ERLANGER
1226,Andrew Huang
1227,Birthright
1228,Gon Massey
1229,SIAM SHADE
1230,Big Audio Dynamite II
1231,Red Dirt Rangers
1232,Last Tuesday
1233,Love Angeles
1234,Gao Qi & Overload
1235,Volcano Suns
1236,Speechwriters LLC
1237,The Residents
1238,Henrik Freischlader Band
1239,Doro
1240,Zoom Karaoke
1241,Almafuerte
1242,Arlen Gun Club
1243,Adeva
1244,THE DADA
1245,Cody Lewis
1246,If He Dies He Dies featuring Marc Paffi
1247,C Case
1248,Pajama Party
1249,红白色乐队
1250,Western Affairs
1251,More & Relsy
1252,8-Bit Misfits
1253,Freedoms Children
1254,Jay Portal
1255,The Airport 77s
1256,Louis Michael Johnson
1257,FFRAZER
1258,Adelaida
1259,Zukai
1260,Varsity Drag
1261,Lindsey Buckingham & Stevie Nicks
1262,Iván Ferreiro
1263,Moral Panic
1264,Your Heart Breaks
1265,CHEIFS
1266,Barroom Heroes
1267,Coyote Aguilar
1268,John Wolfhooker
1269,Burd Hauz
1270,THE STARBEMS
1271,Jane's Party
1272,So Say We All
1273,Lucio Dalla & Gli Idoli
1274,Meganoidi
1275,Los Fiascos
1276,Barking Caucasians
1277,BOYNEXTDOOR
1278,Carson Ferris
1279,Air Supply
1280,ABAY
1281,Watson Moon
1282,Elton John & LeAnn Rimes
1283,Fiona Apple
1284,Cakau Ni Mana Kei Uluinaviriviri
1285,The Beautiful Fear
1286,TORO
1287,LA 45 & Guido Isaza
1288,The Motels
1289,C-MAZZ
1290,amplest
1291,DJ NAVA
1292,Señor No
1293,Will Smith
1294,Rob Inaudible
1295,"Nat ""King"" Cole"
1296,1999 WRITE THE FUTURE & Eyedress
1297,The Jacksons
1298,ErnstFall
1299,Would-Be-Goods
1300,Tubeway Army & Gary Numan
1301,The Hollies
1302,Yura Yura Teikoku
1303,Peace
1304,Bleeker
1305,Matthew Koma
1306,L'Impératrice
1307,Mercy Union & Jared Hart
1308,Forest
1309,The Dears
1310,Lacuna
1311,Lázaros
1312,The Night Flight Orchestra
1313,Ra.D
1314,Doubting Thieves
1315,Safia Nolin
1316,roca firme
1317,Eilert Pilarm
1318,Mint Condition
1319,Atomic Skipper
1320,Męskie Granie Orkiestra 2022
1321,Stevie B
1322,Tsukioukanata
1323,GOING UNDER GROUND
1324,Yolk
1325,Acid Fader
1326,Umashikate
1327,Empty Young
1328,Gary Numan & Tubeway Army
1329,DJ Ron E
1330,Lady Revel
1331,Hamlet
1332,Todd Snider
1333,Suburban Delinquents
1334,James Irvin
1335,The Troubadours
1336,Triade
1337,Melanoid
1338,Aburinatown
1339,The B-52's
1340,Jack White
1341,Tokyo Shonenn Club
1342,Vaida NM
1343,Bam Spacey
1344,Altre di B
1345,WTVR WNVR
1346,Funny Face House
1347,Farolitos
1348,Eric Clapton & Tracy Chapman
1349,Black Twig
1350,Tonks & the Aurors
1351,Monkey Pilot
1352,NORTH WEST
1353,The Gherkins
1354,Foot Village
1355,Calexico
1356,Elegy
1357,Garrett Olitsky
1358,Master Radical
1359,Benny's Broken Chair
1360,"Ja, Panik"
1361,Radio Days
1362,Redbush
1363,Insecure Alex
1364,Zombienpraga
1365,Bruce Springsteen & The E Street Band
1366,See3
1367,MERCY
1368,Teenager
1369,Schiller
1370,The Six String Affair
1371,New breath
1372,Gordon Lightfoot
1373,Headwound
1374,CAUSE A STORM
1375,Thousand Foot Krutch
1376,John Popper & Eric Clapton
1377,Saint Motel
1378,Faith Hill & Tim McGraw
1379,Mason Jennings
1380,Saves The Day
1381,Regallily
1382,Yn lok eldev an lok
1383,Edwin McCain
1384,Holygram
1385,The Offspring
1386,Meredith Brooks
1387,Sleepytime Gorilla Museum
1388,Captain Samurai
1389,Tevin Campbell
1390,MAN WITH A MISSION
1391,New Edition
1392,The Prodigy
1393,Aaliyah
1394,Talk Talk
1395,Whitney Houston
1396,Pras
1397,for KING & COUNTRY
1398,Berlin
1399,Hateen
1400,Megan Moroney
1401,Guns N' Roses
1402,Meg Washington
1403,Natalie Imbruglia
1404,Tauren Wells
1405,Mary J. Blige
1406,Technotronic
1407,Kris Kross
1408,Eyedress & Dent May
1409,Newsboys
1410,Matt Maher
1411,Bee Gees
1412,Matt Redman
1413,Joe Diffie
1414,Big Mountain
1415,LeAnn Rimes
1416,Faith Hill
1417,Sinéad O'Connor
1418,Chumbawamba
1419,House of Pain
1420,All-4-One
1421,Fred Hammond
1422,James Taylor
1423,Babyface
1424,Lee Greenwood
1425,Marvin Gaye
1426,The Isley Brothers
1427,Jad Fair & Jason Willett
1428,The Wombats
1429,The Lake Poets
1430,Plastic Mermaids
1431,Indalo
1432,KARAŚ/ROGUCKI
1433,Sepultura
1434,Poison
1435,The Platform Live & Indalo
1436,Patti Smith Group
1437,Castle Pines
1438,Haunted Summer
1439,Theatre Breaks Loose
1440,MONKEY MAJIK
1441,Letting Up Despite Great Faults
1442,Suellen
1443,Man & Boy
1444,Daniel Stefanik
1445,Dent
1446,Afrika Bambaataa & The Soul Sonic Force
1447,Pet Symmetry
1448,The Study Abroad
1449,Conversing with Oceans
1450,Eels
1451,Bryan Adams
1452,Meat Loaf
1453,We Are Awakened
1454,Buzzcocks
1455,The Misfits
1456,Tricklebolt
1457,Emarosa
1458,Xander Nelson
1459,shishinoodoshi
1460,The Crotches
1461,Drew Danburry
1462,PENA MAXIMA
1463,Bluemoongirl
1464,Maria Morena
1465,Screaming Trees
1466,Gentlemen
1467,Jeff Buckley
1468,Goldhawks
1469,See You Smile
1470,Querido Capitán
1471,Catholic Girls
1472,Iowa Highway
1473,East Coast Tremors
1474,Jay-Jay Johanson
1475,Soft Cell
1476,Synthesize Her
1477,Pública
1478,La Prole Rock
1479,H2O
1480,Blue Dahlia
1481,Molly Nilsson
1482,Starflyer 59
1483,Pigeondust
1484,Luna
1485,Judy Blank
1486,The Hellacopters
1487,Cruelty of the Heavens
1488,Jasmine Cain
1489,Lanterna
1490,Michael Bolton
1491,Michael Seyer
1492,Fury In the Slaughterhouse
1493,Best Years
1494,Frankie Mermaid
1495,Dumas
1496,Art-School
1497,Thomas Newman
1498,Son Volt
1499,Pav
1500,Thomas Newman & Hollywood Studio Symphony
1501,The Whitlams
1502,Deja Solo
1503,KOTORI
1504,Greg Macpherson Band
1505,High on Stress
1506,Ephilexia
1507,Oh! Cometa
1508,Team William
1509,Empowered
1510,1995
1511,4th Hour
1512,Oakview
1513,The Dumbanimals
1514,Duran Duran
1515,Fabrizio Leo
1516,phobia quartet
1517,Filter
1518,Hot Panda
1519,Starskream
1520,Grateful Dead
1521,Gene McDaniels
1522,Flizz
1523,Peter Murphy
1524,Mr.Children
1525,Gary Marx
1526,HALATION
1527,Delridge
1528,Trampauline
1529,Hootie & The Blowfish
1530,Autumn's Child
1531,Carly Simon
1532,The China Wife Motors
1533,Jimmy Stafford
1534,Wolves Among Ravens
1535,Foursidewalks
1536,Kid's Garden
1537,Fennesz
1538,Al Green
1539,Andrew Jed
1540,The Submarine Racers
1541,Gregory Isaacs
1542,Gotham City
1543,Cha Cha
1544,James Brown
1545,Jeff Hoyt
1546,Treephort
1547,Charlie Doesn't Surf
1548,Kiss The Ghost
1549,Joey Salvia
1550,Super Furry Animals
1551,SUGUS
1552,Sweetass
1553,Freshwater Roots
1554,Spiral Vortex
1555,D'Angelo
1556,War-Rior
1557,B.A.M.
1558,Los Abuelos de la Nada
1559,PWR BTTM
1560,Norma Jean
1561,The Vernes
1562,Saving Grace
1563,Superbloom
1564,Moonlit Sailor
1565,Beliefs
1566,The Stereo
1567,Loudon Wainwright III
1568,Sting
1569,Age Factory
1570,Kris Ulrich
1571,Noiseheads
1572,BOØWY
1573,Les Shirley
1574,Burning Face
1575,No Somos Marineros
1576,Nervous Jerk
1577,Efecto Mariposa
1578,Jason is
1579,Assholeparade
1580,Chris Grantham
1581,Ron Hawkins
1582,Bunny Lake
1583,The Indiana Drones
1584,Have a Rad Day
1585,After the Fall
1586,Gluecifer
1587,The Skateboard Kids
1588,Injector
1589,NOT WONK
1590,Amberhaze
1591,Empires
1592,Trip Report
1593,Avengers in Sci-Fi
1594,HÖST
1595,Tina Arena & The Roc Project
1596,Playground
1597,Worldfast
1598,Thee Oops
1599,Superfriends
1600,Charles Ditto
1601,Gary Moore
1602,In Medias Res
1603,The Silver Heart Club
1604,Swingin' Thing
1605,Vista Rhymes
1606,Rammstein & Sven Helbig
1607,Tre Allegri Ragazzi Morti
1608,Amanda Garrigues
1609,"Ziggy Marley, The I-Threes, Bono And The Rock Hall Jam Band & Bono"
1610,Buchholz
1611,Big Chef
1612,Theatre Royal
1613,New Pilot
1614,Dan San
1615,Last Train
1616,Ian Alexy
1617,Yard of Blondes
1618,Akoustic Junkies
1619,Wicked Maraya
1620,Lee Of The Stone
1621,Chris Thompson
1622,GLI IMPOSSIBILI
1623,L3ON
1624,The Moldy Peaches
1625,Stephen Kellogg & The Sixers
1626,Jack Gardiner
1627,Sigur Rós
1628,Acid Dad
1629,Panteón Rococó
1630,Softer Still
1631,Rude Punch
1632,Candlebox
1633,Olivia Newton-John
1634,Royal Bangs
1635,Carter the Unstoppable Sex Machine
1636,The Four Seasons
1637,"Maxi Priest, Nadine Sutherland & Terror Fabulous"
1638,Run-DMC
1639,Backstreet Boys
1640,GRMLN
1641,Dananananaykroyd
1642,Stephanie Mills
1643,Sogah 24/7
1644,Michael W. Smith
1645,Az Yet
1646,Dire Straits
1647,Looking Glass
1648,Nailed Promise
1649,No Innocent Victim
1650,Tears for Fears
1651,The Ex & Tom Cora
1652,Onceblind
1653,Dogwood
1654,Randy Williams
1655,Peabo Bryson & Regina Belle
1656,Ancient of Days
1657,Pomegranates
1658,Sundayrunners
1659,Alphaville
1660,Mr. Big
1661,Spoken
1662,TIDALWAVE
1663,RIBS
1664,Floating In Space
1665,Valor Interior
1666,La Mancha del Jardín
1667,PELICAN FANCLUB
1668,Cherry 葵 Nightcore & ZeroMizKun Nightcore
1669,Talking Heads
1670,Chaka Khan
1671,Max Herre
1672,Lemon Law
1673,Europe
1674,The Moody Blues
1675,Faith
1676,Uncle Tupelo
1677,Negrita
1678,Cheap Trick
1679,Thiago Pethit
1680,The Work
1681,Into the Wake
1682,Die Lords
1683,Pretoria
1684,Mundaka
1685,Giveth
1686,Dust We Are
1687,Kevin the Persian
1688,Tangerine Dream
1689,Ben Khan
1690,Toshi Yanagi
1691,Gloryhammer
1692,Hummersqueal
1693,Lost In Grey
1694,Mirv
1695,Zero Place
1696,St. Brendan
1697,Dance Hall Crashers
1698,Dirty Blond
1699,Tanya Tucker
1700,Killing Miley
1701,Jeff Buckley & Gary Lucas
1702,Paul C. Cuthbert
1703,The Allman Brothers Band
1704,King Pedestrian
1705,DAAU - Die Anarchistische Abendunterhaltung
1706,L'Esprit du Clan
1707,Acetone
1708,The Lords
1709,Moes Haven
1710,Levi Run
1711,The Sisters of Mercy
1712,Nek
1713,Decontrol
1714,Rockwell
1715,Parquesvr
1716,Sha-Boom
1717,Jimmy LaFave
1718,Caedmon's Call
1719,Second Youth
1720,The London Suede
1721,The Brian Jonestown Massacre
1722,Michael Learns to Rock
1723,EXTREME
1724,Marc Cohn
1725,Color Me Badd
1726,Death Lens
1727,Derik Fein
1728,The Fauns
1729,Brooks & Dunn
1730,Alan Jackson
1731,Heavy D & The Boyz
1732,Call Me Karizma
1733,Good Night Alive
1734,FireHouse
1735,SWV
1736,Damn Yankees
1737,Jodeci
1738,Lou Bega
1739,Starship
1740,Zapp & Roger
1741,Spin Doctors
1742,Robin S.
1743,Hey Satan
1744,John Anderson
1745,Matthew Sweet
1746,Crystal Waters
1747,Pantera
1748,C.L. Smooth & Pete Rock
1749,Ralph Tresvant
1750,MY DISCO
1751,Jomanda
1752,Jean Leloup
1753,Soviet Soviet
1754,Soda Stereo
1755,Beck
1756,Keith Sweat
1757,Bikini Kill
1758,Dionne Farris
1759,Harvey Danger
1760,Concrete Blonde
1761,Blues Traveler
1762,Marilyn Manson
1763,Shai
1764,Los Dynamite
1765,Donna Lewis
1766,Butthole Surfers
1767,Jane's Addiction
1768,The Breeders
1769,TLC
1770,Boyz II Men
1771,Vertical Horizon
1772,En Vogue
1773,The Verve Pipe
1774,Spacehog
1775,Sugar Ray
1776,Better Than Ezra
1777,Hole
1778,COMPLEX
1779,Duncan Sheik
1780,Deee-Lite
1781,Rob Base & DJ EZ Rock
1782,"10,000 Maniacs"
1783,"Babyface, Mariah Carey, Kenny G & Sheila E."
1784,Fatboy Slim
1785,Patty Loveless
1786,Dwight Yoakam
1787,Avail
1788,Primitive Radio Gods
1789,Nine Inch Nails
1790,The Flys
1791,Andrés Calamaro
1792,Republica
1793,Andy Griggs
1794,Sarah McLachlan
1795,Mary Chapin Carpenter
1796,Sammy Kershaw
1797,Shanice
1798,Eiffel 65
1799,Buju Banton
1800,Michael Marcagi
1801,Chantal Kreviazuk
1802,Roxette
1803,Reba McEntire
1804,The Bouncing Souls
1805,Less Than Jake
1806,Mindless Self Indulgence
1807,Benjamin Ingrosso
1808,Portugal. The Man
1809,the pillows
1810,Nestor
1811,Teen Idols
1812,dEUS
1813,Sam Shupak
1814,The Post Nobles
1815,Finde
1816,Ryan Adams
1817,Chris Caffery
1818,ayutthaya
1819,The Emotron
1820,Knife
1821,Animal Revolt
1822,rooftops
1823,Lou Gramm
1824,weltraumrauschen
1825,Maker
1826,killing Boy
1827,Spizzenergi
1828,Rosanne Cash
1829,VYSTA
1830,The Reachers
1831,Kita Beach
1832,Cargo
1833,Capital Youth
1834,David Brent
1835,Malignant Tumour
1836,O Acidoxibordel & João Peste
1837,Kevin Daniel Cahill
1838,Sun Heights
1839,Bop Bop Bigger Bab'el
1840,Orphan Boy
1841,City Kings
1842,Halfacre Gunroom
1843,Michael Lemmo
1844,Hibernator
1845,4:44
1846,The Feral Ghosts
1847,A Voice of Your Own
1848,Benjamin Watts
1849,Hiza:ki
1850,Jerry Garcia Band
1851,The Lovesick
1852,Asanee & Wasan
1853,Platinum Blonde
1854,The Smithereens
1855,Clitoric Ris
1856,Molotov Cocktail Piano
1857,The Carlines
1858,Allison García
1859,The Alarm
1860,Blue Minute
1861,Bob Weir & Rob Wasserman
1862,Real Life
1863,Am Amp
1864,Harry Nilsson & George Tipton
1865,Uriah Heep
1866,"Richard O'Brien, Patricia Quinn & Little Nell"
1867,Orient Fall
1868,Sushi
1869,Les Shades
1870,Phinx
1871,Champagne Alley
1872,Jens Rybo
1873,"Slingshot Genius, Erika June Christina Laing, Brian Ciarimboli, Chris Bell & Rob Marsili"
1874,The Jeff Healey Band
1875,Bad Animal
1876,Gongmaison
1877,Mashina Vremeni
1878,Homecoming UK
1879,Animations
1880,League of Madfellows
1881,Iamxa
1882,Eric Carmen
1883,fern
1884,Drivin N Cryin
1885,BBHF
1886,Andy Gillion
1887,Lori McKenna
1888,Don Henley
1889,Scorpions
1890,Quiet Riot
1891,38 Special
1892,REO Speedwagon
1893,Executioner's Mask
1894,Belinda Carlisle
1895,Night Ranger
1896,Toto
1897,Peter Gabriel
1898,Surfistas Del Sistema
1899,DJ Cam
1900,James Pants
1901,Dexys Midnight Runners
1902,WANIMA
1903,Uztar
1904,New Order
1905,Dazz Band
1906,Kenny Lattimore
1907,Cinderella
1908,Los Lobos
1909,Alice Cooper
1910,Lionel Richie & Diana Ross
1911,The Go-Go's
1912,John Mellencamp
1913,Mickey 3D
1914,GLAY
1915,ZODRHI
1916,Steven Curtis Chapman
1917,Liberty
1918,paionia
1919,Los Invasores de Nuevo León
1920,Marco Antonio Solís & Los Bukis
1921,Oingo Boingo
1922,Michael Jackson & Siedah Garrett
1923,New Kids On the Block
1924,SAKANAMON feat.たかはしほのか from リーガルリリー
1925,Bulut Tar
1926,Bobo Renthlei
1927,Barbra Streisand
1928,Neko
1929,David Bowie & Pat Metheny Group
1930,Crown the Yeti
1931,Flesh for Lulu
1932,The Waterboys
1933,"John Lennon, The Harlem Community Choir, The Plastic Ono Band & Yoko Ono"
1934,Phoneboy
1935,John Maus
1936,DIAMANTE
1937,La Gusana Ciega
1938,Saul Williams
1939,Los Fabulosos Cadillacs
1940,David Kilgour
1941,Mike Golden & Friends
1942,All Misery
1943,Sleep for Sleepers
1944,Rocky Mountain Oysters
1945,Talk With Your Hands
1946,Secret Asian Men
1947,Cancervo
1948,The Cars
1949,Karies
1950,American Jetset
1951,Basca
1952,Neil Young & Crazy Horse
1953,Yes
1954,Audra
1955,The Alan Parsons Project
1956,When In Rome
1957,Lars Frøsland
1958,SPROUT
1959,2 Minutos
1960,Resgatando o Rock
1961,Asian Fred
1962,Debbie Gibson
1963,rip roslyn
1964,The La's
1965,Girls in Suede
1966,Joseph A. Peragine
1967,Sinking Suns
1968,Myu-Chan
1969,Genetic Error
1970,Sub/Shop
1971,Wizzo
1972,Random Conflict
1973,Rivadeneira
1974,Bobby and the Tiger
1975,Héroes del Silencio
1976,Dude Cougar
1977,Purplespace
1978,Wm Van Sise
1979,Alice Boman
1980,Ry Cooder
1981,Zer Bizio?
1982,Kool & The Gang
1983,The Shiny Diamonds
1984,Odd Cardinal
1985,Alison's Halo
1986,Area
1987,The Autumns
1988,Drugstore
1989,Louis Philippe
1990,The Charlottes
1991,Blow-Up
1992,Lycia
1993,14 Iced Bears
1994,Melenas
1995,Discover America
1996,Honeymoon Suite
1997,Fredrik
1998,Manual
1999,La Habitación Roja
2000,DROP
2001,Penelope’s Web
2002,Nanoverse
2003,Half String
2004,Smashing Orange
2005,Breathless
2006,Levitation
2007,Sweet Jesus
2008,An April March
2009,For Against
2010,Tse Tse Fly
2011,Blind Mr. Jones
2012,Harry Pussy
2013,This Ascension
2014,Bad News
2015,Bignic
2016,Jet Motor Crash
2017,Nervous Laugh
2018,Fusion Bomb
2019,Erang
2020,The Horoscope
2021,S.A. Adams
2022,Malingo
2023,Old Time Boxing
2024,Órpheus Von Doom
2025,Eric Harrison
2026,Brainscanner
2027,UKID
2028,Dionaea
2029,PEZ
2030,Lord Vigo
2031,Yo La Tengo
2032,Bikini Beach
2033,Nostradameus
2034,Ossian
2035,Joe Jackson
2036,Boards of Canada
2037,802
2038,Hung Up
2039,Ass & The Frenchmen
2040,Officer Roseland
2041,Kleiton & Kledir
2042,Nausea
2043,Kevin Esko
2044,Bullets over Broadway
2045,Gerilja
2046,Cowboy Junkies
2047,Sanguis et Cinis
2048,The Membranes
2049,DJ Jazzy Jeff & The Fresh Prince
2050,The Brian Travis Band
2051,Deine Cousine
2052,Jake Crawford
2053,Roberto Carlos
2054,Jerry Garcia
2055,Jason Slayton
2056,Indochine
2057,Never-Opened-Doors
2058,Hank Sinatra
2059,George Thorogood & The Destroyers
2060,Quintessence
2061,One Last Wish
2062,Mekanik
2063,Flinch
2064,Cantalouper
2065,Jesiel Ladrel
2066,Randy Travis
2067,Tardis
2068,Proteus
2069,Smash It Up
2070,Theatre of Hate
2071,White Flag
2072,Jerry Garcia & John Kahn
2073,Shop Assistants
2074,Haken
2075,Punk Rock Factory
2076,Kvelertak
2077,Crash Kings
2078,Bowling for Soup & Scott Simons
2079,Carcass
2080,Bobby Cole
2081,Desolated
2082,First to Eleven
2083,Amen Dunes
2084,Archers of Loaf
2085,French Kicks
2086,Katz
2087,Treat
2088,Manic Street Preachers
2089,Piano Dreamers
2090,Perfect Plan
2091,Lilac Kings
2092,Huntingtons
2093,This Cold Night
2094,gardenstate
2095,Afrika Bambaataa & The Soulsonic Force
2096,Bobby Long
2097,"Chin Up, Kid"
2098,Witch Ripper
2099,Headband
2100,Julian Hoover
2101,Daemon Hatfield
2102,Kid Fly
2103,The Deathless
2104,APM Karaoke
2105,Tarwater
2106,Bridgerton Duets
2107,Jo Henley
2108,Constants
2109,David Nevue
2110,Street Joy
2111,Bernie Tormé
2112,John Cxnnor
2113,Hello Kelly
2114,Todd Rundgren
2115,One Star Day
2116,Melted Wings
2117,Chrome Rose
2118,Sörcery
2119,White Mystery
2120,1985
2121,DEEN
2122,AJ Harvey
2123,Patrik Isaksson
2124,tinvìs
2125,Marathonmann
2126,Human Don't Be Angry
2127,PocketsUke
2128,Dan Lucas
2129,Alan Moore & Mitch Jenkins
2130,¥xM
2131,Black Tie
2132,The Million Reasons
2133,Church of Starry Wisdom
2134,The Echo Division
2135,Robert Brookins & Stephanie Mills
2136,Dennis Brown
2137,Grumpynators
2138,The Ific
2139,Paul Kelly
2140,Adestria
2141,NIGHT TRAVELER
2142,Smile Empty Soul
2143,"My City, My Secret"
2144,Blackfoot
2145,Earip
2146,The Kicks
2147,Not Today
2148,Broken Water
2149,Aj Coyle
2150,Silence is Sexy
2151,Louna
2152,Cage9
2153,Delafé y las Flores Azules
2154,A-Mac & the Height
2155,The Pointer Sisters
2156,Rick Wakeman
2157,Lo and Behold
2158,The Last Internationale
2159,Shellshag
2160,Honey Crush
2161,Chaotic Alliance
2162,DUSTMYTE
2163,Takai The Maid
2164,The Holy Mackerel
2165,Renaissance Music EDM & 锦伞半卷
2166,Fiona
2167,Neon Kross
2168,Exile Exist
2169,Phil Cody
2170,Coal Town Reunion
2171,Cockney Rejects
2172,Airline Food
2173,New Model Army
2174,The Pour
2175,Paul Clark
2176,Disco Volante
2177,The Unwanted
2178,Shayliff
2179,The Dawn
2180,Terra Naomi
2181,Maanam
2182,Laura Branigan
2183,Dio
2184,Ákos
2185,The Changes
2186,Mommies Dummies
2187,Ataraxia
2188,The Records
2189,Mark Lint
2190,Allan Feller
2191,Koinophobia
2192,The Trillions
2193,SAMURAI JACK UNIVERSE
2194,Young Wolves
2195,Jeff Foote
2196,WAB
2197,Sneaky Sound System
2198,Dopamine
2199,Lemon Pepper Hangover
2200,NOBANDWIDTH
2201,Headroom Heros
2202,Stationary Pebbles
2203,Hot Sugar Mama
2204,Fredag den 13:e
2205,Rick Wakeman & The English Rock Ensemble
2206,The Wee Trio
2207,The Oppressed
2208,Brian Koenigsknecht
2209,45 Grave
2210,Bonanza Banzai
2211,Black Surfboards
2212,The Mountains
2213,The Misguided
2214,Ramones
2215,T.S.O.L.
2216,Kirsten DeHaan
2217,Wishful Thinking
2218,Nash The Slash
2219,Storksky
2220,Desperate Measures
2221,Wheels Of Time
2222,The Useless
2223,The Queen of Spades
2224,Turqouiz Noiz
2225,brothers young
2226,Ovni
2227,Cornelis Vreeswijk
2228,The Jimi Hendrix Experience
2229,Buddy Holly
2230,Chet Atkins
2231,In This Moment
2232,Jimi Hendrix
2233,Tropical Fuck Storm
2234,Antipole
2235,Sophie Hunger
2236,Derik Hultquist
2237,Carcosa
2238,Summoner
2239,The Incredible Moses Leroy
2240,Brazzaville
2241,Party Cannon
2242,YDI
2243,Soft Machine
2244,Hawksley Workman
2245,And Then There Was You
2246,Espresso
2247,Pelle Carlberg
2248,Divided Heaven
2249,Wreckless Eric & Amy Rigby
2250,Oscar Wåle
2251,Indigo Innuendo
2252,Lou Albino
2253,The Corps
2254,The Deep
2255,Pepper Johnson
2256,søren andersen
2257,Fur Coat Judy
2258,Jonathan Steingard
2259,Highland Brothers Band
2260,The Color Study
2261,UFO
2262,Nite Vertigo
2263,The Plimsouls
2264,Piano Tribute Players
2265,DogCom Music
2266,The Hollowbodies
2267,Michael Stanley Band
2268,Hot Chocolate
2269,Analogue Transit
2270,Lawson
2271,Últimos Reyes
2272,Janez Detd.
2273,Rich Cashman
2274,Out of Phase
2275,mizutanikuro
2276,Rita Coolidge
2277,Bauhaus
2278,Mendelson
2279,Golden West Service
2280,BÜNNI
2281,Gracelins Ghost
2282,Evan Olson
2283,Frankie Goes to Hollywood
2284,Vapid
2285,Brian Campeau
2286,Midnight Strange
2287,Tracy Silverman
2288,Violent Femmes
2289,Helix
2290,Eric Gaffney
2291,The Boyscout
2292,Stevie Ray Vaughan & Double Trouble
2293,S.M.N.
2294,Governess
2295,Les Fatals Picards
2296,Bruce Wojick & The Struggle
2297,Klasse Kriminale
2298,noid
2299,Lodestar
2300,Jamie Dunphy and True North
2301,David Wilson and the Summer Husbands
2302,Earle Mankey
2303,Paolo Lotti
2304,Mynoni & Friends
2305,PS Lookdown
2306,Loverboy
2307,Manfred Mann's Earth Band
2308,Mary Wells
2309,Dark Ghosts
2310,The Po' Boys
2311,The Mountain Goats
2312,Sodom
2313,The Crash Engine
2314,Liima
2315,Madeline
2316,Michael Grimm
2317,Frànçois & The Atlas Mountains
2318,We Are Trees
2319,The Wild Swans
2320,The Stranglers
2321,Señor Loop
2322,Šank Rock
2323,F.R. David
2324,Chicago
2325,AUSMUTEANTS
2326,The Joneses
2327,Dangerous Hippies
2328,82Fifty
2329,Fenster
2330,Abrasive Wheels
2331,The Rods
2332,Vypsaná fiXa
2333,Stevie Wonder
2334,Brad Byrd
2335,Marty Robbins
2336,"Crosby, Stills, Nash & Young"
2337,Cocteau Twins
2338,Trans-Siberian Orchestra
2339,Rehab
2340,Scraps
2341,The Revillos
2342,Locust Revival
2343,Brogues
2344,Michael McDonald
2345,The Green Thieves
2346,Violent Bullshit
2347,Asia
2348,See Jazz
2349,Hypnotic Kick
2350,Gyroscope
2351,Rhys Chatham
2352,I DONT KNOW HOW BUT THEY FOUND ME
2353,Public Image Ltd.
2354,Kevin Seconds
2355,Graham Colton
2356,D Generation
2357,Ash Code
2358,F.K.Ü.
2359,The Band Royale
2360,Ice Cream Boy
2361,"Adam Arcuragi, Charlie Hall, Janet Kim & Rick Flom"
2362,Swans
2363,Generation X
2364,Elliott Sharp
2365,Lori Meyers
2366,Christian Marclay
2367,Kids Like Us
2368,Bill's Friends
2369,zpiderflower
2370,Flannigan's Right Hook
2371,Carpenters
2372,Bad Head
2373,Wild Dogs
2374,Alagoas
2375,Beta Minus Mechanic
2376,Delta 5
2377,Tommy James
2378,The Flaws
2379,Puffy Areolas
2380,The 757s
2381,The Go Set
2382,Druggy Pizza
2383,Cake On Cake
2384,Gannin Arnold
2385,Buffalo
2386,Muskeg Mudsuck
2387,The Mds
2388,Vice Squad
2389,Harry Chapin
2390,Brent Holliday
2391,Mighty Ploughboys
2392,The Youngsters
2393,Polybius
2394,Professional Americans
2395,Piloti & KIKI LESENDRIĆ
2396,Spastic Apes
2397,Stab
2398,Chaos Z
2399,Old Tom & the Lookouts
2400,Chris Rainbow
2401,1981 Rock Classics
2402,G.B.H.
2403,Gary Wright
2404,Warningfield & ShyBoy
2405,Velorum
2406,The X
2407,Agent Orange
2408,Goodsir
2409,Ice Out
2410,DK'ed Willies
2411,Joel and Rev. JJ
2412,Jello Stretchmarks
2413,Joel Lamson
2414,Fløjl
2415,Diamond
2416,The End
2417,fantasy drama
2418,Tiësto & Tate McRae
2419,Teddy Swims
2420,Benson Boone
2421,Felippinho21
2422,*NSYNC
2423,Myke Towers
2424,Chris Tomlin
2425,Lila Drew
2426,Alex Warren
2427,Ozuna
2428,Bailey Zimmerman
2429,Prince & The New Power Generation
2430,Nessa Barrett
2431,Jubël
2432,Daniel Seavey
2433,MAX
2434,Omah Lay
2435,Ali Gatie
2436,Bella Poarch
2437,Omar Apollo
2438,Crash Adams
2439,Bazzi
2440,Burna Boy
2441,Anitta & J Balvin
2442,Joshua Bassett
2443,Ava Max
2444,Rachel Chinouriri
2445,ILLENIUM & MAX
2446,"Galantis, David Guetta & MNEK"
2447,Maude Latour
2448,Sia
2449,La Oreja de Van Gogh
2450,"Bruno Mars, Anderson .Paak & Silk Sonic"
2451,Jenna Raine
2452,Sam Ryder
2453,Forest Blakk
2454,Bad Bunny
2455,KAROL G
2456,A7S
2457,Danny Ocean
2458,Eliza Rose & Interplanetary Criminal
2459,LF SYSTEM
2460,Bizarrap & Quevedo
2461,Manuel Turizo
2462,Rema
2463,Ayra Starr
2464,The Calling
2465,Tems
2466,Dolly Parton
2467,KAROL G & Maldy
2468,USHER & Alicia Keys
2469,Gryffin & Elley Duhé
2470,Lady Gaga & Bradley Cooper
2471,Flo Rida
2472,*NSYNC & Justin Timberlake
2473,The Chainsmokers
2474,Charlie Puth & Jung Kook
2475,BLACKPINK
2476,Kali Uchis
2477,Cigarettes After Sex
2478,Fun.
2479,Kane Brown
2480,Justin Bieber
2481,"Kane Brown, Swae Lee, Khalid"
2482,Micro Tdh & Piso 21
2483,MAGIC!
2484,Noah Kahan
2485,Calvin Harris
2486,Kygo & Selena Gomez
2487,Max
2488,Hailee Steinfeld & Alesso
2489,Kesha
2490,Dua Lipa
2491,J Balvin & Willy William
2492,"Marc Segui, Rauw Alejandro & Pol Granch"
2493,Eslabon Armado
2494,Djo
2495,Adam Melchor
2496,Wisin & Yandel & ROSALÍA
2497,Aventura
2498,ELENA ROSE
2499,Macklemore
2500,Chappell Roan
2501,Ingrid Andress
2502,Milky Chance
2503,Mark Ronson
2504,Zara Larsson & MNEK
2505,Paloma Faith
2506,Don Omar
2507,NATTI NATASHA & Ozuna
2508,Alec Benjamin
2509,"Silk City, Dua Lipa"
2510,The Marías
2511,Kansas
2512,Tiësto
2513,Martin Garrix & Dua Lipa
2514,SkyeChristy
2515,Galantis
2516,Hillsong UNITED & Benjamin William Hastings
2517,The Band Perry
2518,Jessie Murph
2519,Patrick Watson
2520,Kanye West
2521,Billie Eilish & Khalid
2522,Tiësto & Ava Max
2523,Chris Brown
2524,Beyond
2525,Miriam Yeung
2526,Maggie Lindemann & Julia Wolf
2527,Billie Eilish
2528,Victoria Beverley Walker & Sam Gellaitry
2529,Chelsea Cutler & Noah Kahan
2530,Sam Smith & Normani
2531,George Ezra
2532,Kehlani
2533,Omah Lay & Justin Bieber
2534,Pentatonix
2535,Sam Smith & Labrinth
2536,"Imagine Dragons, JID, Arcane & League of Legends Music"
2537,Khalid
2538,Zion & Lennox
2539,Kygo & Whitney Houston
2540,Nancy Ajram
2541,Loose Ends
2542,Meghan Trainor
2543,BRELAND
2544,Marshmello & Bastille
2545,Always April & Bashaar Al Jawad
2546,"David Guetta, Bebe Rexha & J Balvin"
2547,WALK THE MOON
2548,Destiny's Child
2549,SZA & Calvin Harris
2550,Mohamad Majzoub
2551,Issam Alnajjar
2552,ZAYN
2553,Abeer Nehme
2554,SHISHAMO
2555,Måneskin
2556,22Bullets
2557,Tones And I
2558,Mrs. GREEN APPLE
2559,Lauv
2560,WILLOW
2561,Marshmello
2562,Why Don't We
2563,Fujii Kaze
2564,Fifth Harmony
2565,Charli xcx
2566,Kamome Sano
2567,Shakira
2568,Fred again.. & Delilah Montagu
2569,Glee Cast
2570,Natasha Bedingfield
2571,Chase Atlantic
2572,Hayley Kiyoko
2573,Elle King
2574,Karen Tong
2575,Alle Farben & HUGEL
2576,Jessica Simpson
2577,Always April
2578,Bashaar Al Jawad
2579,Subway Surfers
2580,Westlife
2581,"David Guetta, Becky Hill & Ella Henderson"
2582,Matt Terry
2583,Shayne Ward
2584,P'Square
2585,Bianca Ryan
2586,MONATIK
2587,Kary Ng
2588,Lewis Capaldi
2589,Fairouz
2590,Christopher
2591,Rachid Taha
2592,Frank Ocean
2593,Conan Gray
2594,Anuel AA & Romeo Santos
2595,Declan McKenna
2596,Maluma
2597,Anitta & Missy Elliott
2598,Dalida
2599,HUMBE
2600,Harry Styles
2601,J Balvin
2602,Christian Nodal
2603,Kane Brown x blackbear
2604,Ruth B.
2605,Varinder Brar
2606,GIVĒON
2607,KAROL G & Mariah Angeliq
2608,Topic & A7S
2609,PinkPantheress
2610,CKay
2611,Pop 2024
2612,Duncan Laurence
2613,Maluma & The Weeknd
2614,Myke Towers & Juhn
2615,Swedish House Mafia
2616,"Sech, Daddy Yankee & J Balvin"
2617,"Manuel Turizo, Rauw Alejandro & Myke Towers"
2618,Lil Tjay & 6LACK
2619,LÜCY
2620,Calibre 50
2621,Selena Gomez & Rauw Alejandro
2622,Aidan Bissett
2623,Álvaro Díaz & Rauw Alejandro
2624,Riton & Nightcrawlers
2625,Sebastián Yatra & Myke Towers
2626,BTS
2627,Kenya Grace
2628,Wizkid
2629,BENEE
2630,Alessia Cara
2631,Rauw Alejandro & Camilo
2632,Surfaces
2633,Manuel Turizo & Maluma
2634,girl in red
2635,Mimi Webb
2636,J Balvin & Maria Becerra
2637,Andra Day
2638,"Ozuna, KAROL G & Myke Towers"
2639,Rauw Alejandro
2640,21 Savage
2641,Dominic Fike
2642,Phantogram
2643,Nicky Jam & Romeo Santos
2644,Joji
2645,LADIPOE & BNXN
2646,Becky G & KAROL G
2647,Camilo & Christian Nodal
2648,Trinix Remix
2649,DKZ
2650,P.A. Presents
2651,Great Good Fine Ok
2652,Chantel
2653,The World of Birds & Red Robyn
2654,MC Magic & Baby Bash
2655,"Aretuza Lovi, Pabllo Vittar & Gloria Groove"
2656,Natalie Gelman
2657,P-MODEL
2658,Kaede
2659,Oohyo
2660,Jovem Dionisio
2661,Piso 21 & Micro Tdh
2662,Tailz.
2663,IamDayLight
2664,Sabrina Carpenter
2665,Elena Temnikova
2666,"Tyla, Gunna & Skillibeng"
2667,Lady Gaga
2668,Dudi Buzaglo
2669,Lila
2670,Lagum & Liu
2671,Ka5sh
2672,Maria
2673,Pharrell Williams
2674,Sonic Vizion
2675,Rouge
2676,Jewel Villaflores
2677,João Mar
2678,Kevin Yadao & Jr Crown
2679,Lagum
2680,Sophia Stedile
2681,"Victor Thompson, Gunna & Ehis 'D' Greatest"
2682,I'll Take You There Choir
2683,Kygo
2684,Great Good Fine Ok & Wolf and Love
2685,Jack Black
2686,Ariana Grande & The Weeknd
2687,"Black Eyed Peas, Ozuna & J. Rey Soul"
2688,Noah Treimer
2689,Clara x Sofia
2690,"Laura Schadeck, Gianni Petrarca & Ramori"
2691,Lizzy McAlpine
2692,R. City
2693,Romeo Santos
2694,Clairo
2695,Lagum & Cynthia Luz
2696,MTK
2697,Lhast
2698,Omi
2699,Daparte
2700,Lucas e Orelha
2701,Taio Cruz & Wonder Stereo
2702,Echosmith
2703,Miles Caton
2704,Nina Sky
2705,Sergiu Bolotă
2706,Chino & Nacho
2707,Timothée Chalamet
2708,Crayon
2709,Devon Seyward
2710,"Pierre Oslonn, Piano Covers Club & PianoDreams"
2711,Martin Jensen & Georgia Ku
2712,Pomme
2713,Stéphane
2714,Robin Knaak
2715,Jae Stephens
2716,Emrah Karaduman
2717,Edward Maya & Vika Jigulina
2718,Macklemore & Ryan Lewis
2719,Yuna
2720,Passenger
2721,DJ Snake
2722,Bilal Sonses & Tuğçe Kandemir
2723,Rudimental
2724,EDIS
2725,Ayta Sözeri
2726,Bod Rockers
2727,Gülşen
2728,Farruko
2729,Simge
2730,İlyas Yalçıntaş
2731,Christopher Cross
2732,Sibel Can
2733,Dawin
2734,Ulices Chaidez
2735,TWICE
2736,MØ
2737,Çağla
2738,Remmy Valenzuela
2739,Red Velvet
2740,Mabel Matiz
2741,Mustafa Sandal
2742,Gwen Stefani
2743,Shawn Mendes & Camila Cabello
2744,Carly Rae Jepsen
2745,iKON
2746,Nicky Jam
2747,Troye Sivan
2748,Rita Ora
2749,Kendrick Lamar
2750,Ofenbach
2751,Sigala & Becky Hill
2752,J Balvin & Wisin & Yandel
2753,Ally Brooke
2754,Milind Ingle
2755,Hande Ünsal
2756,James Alyn
2757,DVBBS & Borgeous
2758,Tuğba Yurt
2759,Pop 2018
2760,Greg Sletteland
2761,Sidhu Moose Wala
2762,Guru Randhawa & Dhvani Bhanushali
2763,Diljit Dosanjh
2764,S.J.T.R.5
2765,Jubin Nautiyal
2766,Amaal Mallik
2767,Yumi Lacsamana
2768,Guru Randhawa
2769,Ayushmann Khurrana
2770,Yo Yo Honey Singh
2771,Choi Seo Hyun
2772,Jassie Gill & Neha Kakkar
2773,Pet Shop Boys
2774,Kakai Bautista
2775,Chic
2776,NCT U
2777,Zé Neto & Cristiano
2778,Millind Gaba & Kamal Raja
2779,The Juans
2780,Gusttavo Lima
2781,Laszlo Bencker
2782,Katrina Velarde
2783,Thyro Alfaro
2784,Custom 7 & Meg Birch
2785,"John Carpenter, Cody Carpenter & Daniel Davies"
2786,Jorge & Mateus
2787,Winset Jacot & Medyo Maldito
2788,Geoff Bastow
2789,Sadie
2790,Wesley Safadão
2791,Thiaguinho
2792,RJ dela Fuente
2793,SYSTEM SEOUL & hawks
2794,Yelloasis
2795,Manuel Landy
2796,Zé Felipe
2797,TIHOMIR ASANOVIĆ POP
2798,Cleber & Cauan
2799,NCT 127
2800,Luan Santana
2801,Ferdinand Aragon
2802,"Joerg Reiter, Stephan Diez, Thomas Stabenow & Freddie Santiago"
2803,NCT DREAM
2804,Mashinomi
2805,Kuya Dennis
2806,Gracenote
2807,Carlo David
2808,Mano Walter
2809,Ataska & Nash Lorca
2810,Feel Day
2811,NCT 2018
2812,Bayang Barrios & Naliyagan Band
2813,Mic Llave
2814,Nar Cabico
2815,Therese Villarante
2816,Leanne & Naara
2817,Chud Festejo
2818,Sorriso Maroto
2819,Jonas Esticado
2820,Lexa
2821,Maiara & Maraisa
2822,Acapellago
2823,Jex De Castro
2824,Davey Langit
2825,Vitinho
2826,Carl Drewo
2827,Martin Jensen
2828,Dimitri Vegas & Like Mike & KSHMR
2829,Caleb Santos
2830,Tyler Rose
2831,Julian Trono
2832,Makoto Matsushita
2833,Nitro
2834,"Angela Lansbury, Jerry Orbach & The Chorus of Beauty and the Beast"
2835,Carlyn Ocampo & Joshua Feliciano
2836,Chef Boy R Dizzy Noah Evanston
2837,Lullaby Players
2838,JoJo
2839,BennyBunnyBand
2840,Gabby Onme
2841,Kyle Pulido
2842,Bronski Beat
2843,Jem Cubil
2844,Angela Lansbury
2845,"Angela Lansbury, David Ogden Stiers, Jerry Orbach, Paige O'Hara & Robby Benson"
2846,Hailee Steinfeld & Grey
2847,Niall Horan
2848,DJ Earworm
2849,Axwell Λ Ingrosso
2850,Joshua Malilay
2851,Rasmus Seebach
2852,Rachel Platten
2853,Bebe Rexha
2854,Kiiara
2855,XXXTENTACION
2856,Charli xcx & Sam Smith
2857,NF
2858,M Lisa
2859,Ozuna & Romeo Santos
2860,"DJ Luian, Mambo Kingz & Anuel AA"
2861,DNCE
2862,Dennis Lloyd
2863,Anuel AA
2864,Blanco Brown
2865,Sam Fischer
2866,Rauw Alejandro & Romeo Santos
2867,Joel Corry
2868,La Roux
2869,Kungs & Cookin' On 3 Burners
2870,Cory Asbury
2871,Paul Russell
2872,Wayne Wonder
2873,Chord Overstreet
2874,Elvis Crespo
2875,Banda MS de Sergio Lizárraga
2876,"Abraham Mateo, Farruko & Christian Daniel"
2877,Itchyworms
2878,Turpal Abdulkerimov
2879,Jason Dy
2880,Banda ni Kleggy & Aikee
2881,Yassi Pressman
2882,Clarence Clarity
2883,Majo Rivas
2884,Rytas
2885,"Cookie Chua, Bayang Barrios & The Benjamins"
2886,Sugar 'N Spice & Joan Da
2887,Monica Cuenco
2888,Nyoy Volante
2889,Acapellago & Jimmy Marquez
2890,Ramiru Mataro
2891,Zensery
2892,Kenjhons
2893,Mario Winans
2894,ZIN CHOI
2895,Kat Victoria
2896,Ricky Montgomery
2897,Avicii & Sandro Cavazza
2898,Sam Normani
2899,EXO
2900,Françoise Hardy
2901,Murray Head
2902,Gladius
2903,Max Würden
2904,Banda Clave Nueva De Max Peraza
2905,Jene Jackson
2906,Michael Constantino
2907,Tyler Rifley
2908,The Düsseldorf Düsterboys
2909,Black Coast
2910,Ricky Dillard & New G
2911,James Ricker
2912,Enigma
2913,Chattaraa
2914,Henrietta Adewole
2915,SECHSKIES
2916,Wyatt Roberts
2917,TROVA
2918,Dynamix Music
2919,Maggie Rogers
2920,Justin Stone
2921,Efra Herrera
2922,Simple Minds
2923,Christian Kuria
2924,Ace of Base
2925,Chocolate
2926,Ravyn Lenae
2927,T-Pain
2928,Number_i
2929,Calvin Harris & Disciples
2930,Dynoro & Gigi D'Agostino
2931,Jonas Blue
2932,Manu Chao
2933,Robin Schulz
2934,SZA & Justin Timberlake
2935,KAROL G & Tiësto
2936,Bad Bunny & Los Pleneros de la Cresta
2937,Rednex
2938,Morgan Evans
2939,Norlie & KKV
2940,Big Daddy Weave
2941,Daddy Yankee & Katy Perry
2942,Nelly & Florida Georgia Line
2943,I AM THEY
2944,Danny Gokey
2945,TobyMac
2946,NEEDTOBREATHE
2947,Sean Paul & J Balvin
2948,Sigala & James Arthur
2949,Passion
2950,Tenth Avenue North
2951,Riley Clemmons
2952,Doja Cat
2953,Keyshia Cole & Sean Paul
2954,Armin van Buuren
2955,KAROL G & Marco Antonio Solís
2956,The Chainsmokers & Coldplay
2957,Laura Story
2958,Pat Barrett
2959,Neton Vega
2960,Jess Glynne
2961,Zara Larsson
2962,Nick Jonas
2963,The New Country All-Stars
2964,Tom Rodriguez
2965,Jake Scott
2966,Kyla
2967,"Jay R, Elmo Magalona & Q-York"
2968,Clara Benin & Mcoy Fundales
2969,Nikki Gil
2970,Kiana V
2971,Kris Lawrence
2972,Aldrich Talonding & James Bucong
2973,Luigi D Avola
2974,Thor Dulay
2975,Duncan Ramos & Young JV
2976,Aloe Blacc & David Correy
2977,Ronboogz
2978,G-DRAGON
2979,Nicole Asensio Laurel
2980,Michael Richter
2981,Código FN
2982,Band Aid 30
2983,WINNER
2984,PAULINKO
2985,Awkward Marina
2986,Beth Crowley
2987,Samuel E. Wright
2988,Thomas Fehlmann
2989,Harry James and His Orchestra & Kitty Kallen
2990,Cameron Turpel
2991,Morissette
2992,Poni Tails
2993,WhiteFlame
2994,Flume
2995,KZ Tandingan
2996,Santana & Wyclef Jean
2997,Audrey Hepburn
2998,Jodi Benson
2999,Anthem Lights
3000,Stan Walker
3001,Pat Carroll
3002,"kyo, Nizikawa & Lilniina"
3003,Ben Harper
3004,Noripy
3005,"Yoon Jong Shin, Kwak Jin Eon & Kim Feel"
3006,Neru
3007,Fly Project
3008,Laura Pausini
3009,Notis Sfakianakis
3010,Adel Ebrahim
3011,Dr. Alban
3012,Ricky Martin
3013,Étienne Daho
3014,Andrea Bocelli & Laura Pausini
3015,Chris Connor
3016,Aretha Franklin
3017,Arash
3018,The Pied Pipers
3019,Psirico
3020,lenemy
3021,Yoon Jong Shin & Jung Joonil
3022,Chrissie Hynde
3023,Descemer Bueno
3024,lamazeP
3025,samfree
3026,Bedroom Audio
3027,emon
3028,Neil Young
3029,Joey Ayala & Gloc-9
3030,Sitti Navarro & Julianne Tarroja
3031,Kimpoy Feliciano
3032,"Sam Concepcion, Tippy Dos Santos & Quest"
3033,ElyOtto
3034,Karylle
3035,Christian Bautista
3036,Six Part Invention
3037,Rumeli Semih
3038,World In Union
3039,Jose & Wally
3040,Mac Miller
3041,Nelly
3042,"benny blanco, Halsey & Khalid"
3043,5 Seconds of Summer
3044,Far East Movement & Ryan Tedder
3045,"Jay Wheeler, DJ Nelson & Myke Towers"
3046,John Lennon
3047,Daddy Yankee
3048,Ghost Town DJs
3049,Kenny Rogers
3050,Sean Kingston
3051,Yoa
3052,Taio Cruz
3053,Lauv & Troye Sivan
3054,Missy Elliott
3055,Major Lazer
3056,The Kid LAROI
3057,Anna Kendrick
3058,Jason Aldean
3059,The Ronettes
3060,Sam Cooke
3061,Clean Bandit
3062,Underworld
3063,Melhem Zein
3064,Phillip Phillips
3065,The Champs
3066,PSY
3067,Ritchie Valens
3068,Mickey & Sylvia
3069,7eventh Time Down
3070,Micah Tyler
3071,Ed Sheeran & Gary Lightbody
3072,Karmin
3073,Waleed Al Shami
3074,Kacey Musgraves
3075,DIIV
3076,Nicki Minaj
3077,Selena Gomez & The Scene
3078,Sergio Mendes
3079,Unspoken
3080,Leeland
3081,Brandon Heath
3082,Jung Kook & BTS
3083,"Fergie, Q-Tip & GoonRock"
3084,Abdul Majeed Abdullah
3085,NAYEON
3086,Rend Collective
3087,Nico & Vinz
3088,BRONSON
3089,Phil Fuldner
3090,CeeLo Green
3091,SaraoMusic
3092,Cody Simpson
3093,Travie McCoy
3094,Loreen
3095,Becky Hill
3096,Santo & Johnny
3097,Lupe Fiasco & Guy Sebastian
3098,Eliza Doolittle
3099,Kylie Minogue
3100,Yuridia
3101,Boyzone
3102,Piso 21
3103,Jesse & Joy & Gente de Zona
3104,The Wanted
3105,Benny Benassi
3106,Alan Walker
3107,boy pablo
3108,Cobra Starship
3109,Sebastián Yatra & Mau y Ricky
3110,Penelope Road
3111,Sifa
3112,Orions Belte
3113,Ralph Kaminski
3114,astrid
3115,Thomas Dolby
3116,Lucy Deakin
3117,Godz Kidz
3118,Męskie Granie Orkiestra 2021 & Ralph Kaminski
3119,AJ
3120,Diego Verdaguer
3121,James Walker
3122,Tim Medina & Jack Baumann
3123,Estelle
3124,Karaoke Cloud
3125,PASSEPIED
3126,arys vance
3127,Aleks Syntek
3128,Platini P
3129,BadMoodRude
3130,Enya
3131,Julie Melucci
3132,The Beatles & Billy Preston
3133,Cochino_eno
3134,Loren Heat
3135,The Vaselines
3136,Nena
3137,Crazy Boys 2006
3138,Kevin Kennedy III
3139,Miles Wesley
3140,Joss Stone
3141,Cough Cool
3142,Sam Lee
3143,Dead or Alive
3144,Boy Without Batteries
3145,Mijo
3146,HyperTony
3147,Lee Young Hyun
3148,Blake Mathews
3149,Harper Dhadde
3150,The Chameleons
3151,Despina Vandi
3152,JOLIN
3153,Midori
3154,BP Studio Musicians
3155,Nashville Singers
3156,Rudi Risavy
3157,Rex Orange County
3158,Enrique Iglesias
3159,Chaos Chaos
3160,Slick Shoes
3161,NERIAH
3162,JONA
3163,Elephants on Tape
3164,David Archuleta
3165,Markus Guentner
3166,Kris Gruen
3167,William Mcgee
3168,Van Morrison
3169,Enur
3170,Still Dreams
3171,UA
3172,Maria Jaume
3173,Manfred Minnich & Manfred Minnich Strings
3174,Nikki Flores
3175,Nick Lowe
3176,BLONDINKA-FM
3177,G.E.M.
3178,Eyedress
3179,Alan Tam
3180,Palmbeach Wasted Youth Club
3181,Terence Yucca
3182,Jey mv
3183,Xu Wei
3184,Smiss
3185,Alexa Marie
3186,ZZ Top
3187,Soft Center
3188,12VE
3189,Cavetown
3190,Laid Back
3191,Daydream
3192,Kristoffer Ragnstam
3193,Snap!
3194,Serani
3195,Talakaii
3196,diggy-mo
3197,underscores & Maxwell Young
3198,John Fiddy & Orchestra John Fiddy
3199,Pino Daniele
3200,13th Floor Elevators
3201,CoCo Lee
3202,UPLIFTO
3203,Gonzalo
3204,Opus
3205,Rob Mayth
3206,Pearl Static
3207,Aaditya Laddha & Aaina
3208,Werner Brüggemann
3209,Roy Orbison & Emmylou Harris
3210,Uncuntfortable Divas
3211,Project Pop
3212,Queen Sea Big Shark
3213,Carsick Cars
3214,Joyside
3215,Voodoo KungFu
3216,Taylor Díaz
3217,Ripsquad Archive
3218,Cepeda & David Otero
3219,P.K.14
3220,CAFFE-IN
3221,Snapline
3222,China MC Brothers
3223,Subs
3224,Demerit
3225,Hang On The Box
3226,Tookoo
3227,China Dub Soundsystem
3228,Cop Kid
3229,Ruins
3230,White
3231,Rococo
3232,Mint Simon
3233,The Scoff
3234,Honey Gun
3235,Munga
3236,ARTXMIS
3237,1limurk
3238,MIKA
3239,Drew Pulliam
3240,Low Girl
3241,2WOSiDE
3242,GIMNASIA!
3243,OG Chess
3244,Jay Chou & 杜國璋
3245,Stereo Skyline
3246,ex. happyender girl
3247,Roxeanne Hazes
3248,Jay Chou
3249,Happy Mondays
3250,Amy Macdonald
3251,Marija Serifovic
3252,Malú
3253,Da Buzz
3254,"RBD, Anahí, Dulce María, Maite Perroni & Christian Chávez"
3255,Dear Nora
3256,Wendy Matthews
3257,AKB48
3258,Alvaro Torres
3259,SMTOWN
3260,Kyle Huffman
3261,Jeon Chain
3262,"Jay Chou, Will Pan & Jacky Cheung"
3263,Annie Leeth
3264,Luther Vandross & Mariah Carey
3265,Sissy Nobby
3266,Aaron Lewis
3267,Dudu Tassa
3268,Bhertuy
3269,SK8M BANKS
3270,Morgues
3271,Dudes and Their Guys
3272,Luther Vandross & Beyoncé
3273,The Brighton Boys
3274,2006WR
3275,Yanzi Sun
3276,Klimek
3277,Albert af Ekenstam
3278,Raga
3279,Social Anxiety Disorder
3280,La Secta Allstar
3281,Alejandro Sanz
3282,Pass Into Silence
3283,Michael Wong
3284,Kenny Rogers & Kim Carnes
3285,Wael Kfoury
3286,Sidharth Bendi
3287,Wire
3288,Irving Berlin's White Christmas Broadway Ensemble & Brian d'Arcy James
3289,JUKJAE
3290,Dear Lys
3291,Kay Tse
3292,Cheb Khaled & Diana Hadad
3293,Anastasia Barzee & Meredith Patterson
3294,Dashiel
3295,Noah Tonin
3296,"Irving Berlin's White Christmas Broadway Ensemble, Jeffrey Denman, Meredith Patterson, Cliff Bemis & Jennifer Prescott"
3297,Pop X & IIOANA
3298,Parcher
3299,Amadi
3300,"Irving Berlin's White Christmas Broadway Ensemble, Brian d'Arcy James & Jeffry Denman"
3301,Jeffrey Denman & Irving Berlin's White Christmas Broadway Quintet
3302,BIGBANG
3303,Luz Divina
3304,Rivermaya
3305,heidi.
3306,Adam Gingrich
3307,Michael Wong & Gary Chaw
3308,Tanya Chua & Yanzi Sun
3309,Brian d'Arcy James & Anastasia Barzee
3310,Jeffrey Denman & Meredith Patterson
3311,Aaron Kwok
3312,JOLIN & David Tao
3313,Tokio Hotel
3314,Fares Karam
3315,Luther Vandross with Mariah Carey
3316,Roberta Flack
3317,Eulalio Valderrama
3318,Brian d'Arcy James & Jeffrey Denman
3319,Irving Berlin's White Christmas Original Broadway Orchestra
3320,Anastasia Barzee & Brian d'Arcy James
3321,"Anastasia Barzee, Karen Morrow & Meredith Patterson"
3322,Karen Morrow
3323,"Irving Berlin's White Christmas Broadway Ensemble, Karen Morrow, Brian d'Arcy James & Jeffrey Denman"
3324,"Fonseca, Greeicy & Cali y El Dandee"
3325,Sadboy2005
3326,James Blunt
3327,Billy Cobb
3328,Gas
3329,Sam Hunt
3330,Bon Jovi & Jennifer Nettles
3331,ATO
3332,Tyler Hilton
3333,Bobby V
3334,ROSALÍA & J Balvin
3335,Feid & ATL Jacob
3336,Janice Vidal
3337,Twista
3338,Kevin Lyttle
3339,TNT
3340,Eric Prydz
3341,Katrina and the Waves
3342,Arlo Guthrie
3343,DJ Snake & J Balvin
3344,ROSALÍA & Rauw Alejandro
3345,Maze featuring Frankie Beverly
3346,Selena
3347,The Pussycat Dolls & Busta Rhymes
3348,Fazlija
3349,Bell Biv DeVoe
3350,Juan Gabriel
3351,Luke Bryan
3352,Trace Adkins
3353,Becky G & NATTI NATASHA
3354,Reik
3355,Fly By Nightcore
3356,Daniel Jang
3357,Amber Leigh Irish
3358,"Alex Goot, Kurt Hugo Schneider & Jada Facer"
3359,Los Rivera Destino
3360,Samar Tarik
3361,J.Fla
3362,Snelle & Katja Schuurman
3363,Andrew Foy
3364,RANGE a cappella
3365,Das Weeth Experience
3366,FINNEAS
3367,Sebastián Urdiales
3368,thornskin
3369,Starr Adara
3370,Deodato
3371,Arum Rae
3372,Nashville Session Musicians
3373,Gonzalo Hermida & David DeMaría
3374,Percy Faith
3375,PSICOLOGI & KORA
3376,Gonzalo Hermida
3377,Skillbea
3378,Destiny X
3379,Alfred García
3380,Valentine
3381,David Guetta & Sia
3382,ATEEZ
3383,TAEMIN
3384,Andy & Lucas
3385,Aleks Syntek & Ana Torroja
3386,A*Teens
3387,All Saints
3388,Paulina Rubio
3389,Belanova
3390,Fonseca
3391,Melocos
3392,Gym Class Heroes
3393,David Bisbal
3394,Maldita Nerea
3395,Carlos Sadness
3396,Mauricio & Palodeagua
3397,Orianthi
3398,Estopa
3399,Cabas
3400,Paris Hilton
3401,Dani Martín
3402,Vicente García
3403,Adriana Lucia
3404,Public Library Commute
3405,Edurne
3406,Amaia Montero
3407,Leiva
3408,Pastora
3409,Supersubmarina
3410,Guaraná
3411,Måns Zelmerlöw
3412,Black Eyed Peas
3413,A Rocket to the Moon
3414,Dvicio
3415,Stooshe
3416,El Canto del Loco
3417,Spice Girls
3418,Sabina Ddumba
3419,Vitamin C
3420,Cassie
3421,Baha Men
3422,India Martínez
3423,Rosario
3424,El Pescao
3425,Joaquín Sabina
3426,Mónica Naranjo
3427,Gabrielle Aplin
3428,Peter Cincotti
3429,Pereza
3430,Niña Pastori
3431,Ivy Queen
3432,Jon B.
3433,Pignoise
3434,Shaggy
3435,Norah Jones
3436,Ana Torroja
3437,Merche
3438,Rubén Pozo
3439,Mclean
3440,Los Planetas
3441,Manolo García
3442,Marcos Cao
3443,Sidonie
3444,Vengaboys
3445,Charli xcx & Troye Sivan
3446,John K
3447,MARK
3448,"Viceroy, Brandyn Burnette & EMAN8"
3449,g2
3450,Ministry of Funk
3451,Michael Schulte
3452,Jon Morrow
3453,XV Nauthiz
3454,Maxwell Young
3455,dempsey hope
3456,JOSH CULLEN
3457,Arrhult
3458,Mireyli Rosa
3459,Nishina
3460,Run Wilson
3461,Bone Thugs-n-Harmony
3462,Babylon
3463,"Lee Richardson, Richard Macklin & Tom Ford"
3464,Güneş
3465,Silent Skies
3466,Jahmal TGK
3467,Lincka & Rat F!nk
3468,PPCX
3469,Group Action
3470,Steven C
3471,Nathan Lane
3472,Poppie Swag
3473,Michael Kaneko
3474,Plastic tree
3475,The Whiffenpoofs
3476,Katie Kuffel
3477,Brady Lamont
3478,DunLux
3479,Andrew Holdsworth
3480,Hi-Fi Set
3481,Htun Eaindra Bo
3482,The Town Heroes
3483,TP7
3484,John Williams & The Skywalker Symphony Orchestra
3485,RIM
3486,Classix Nouveaux
3487,Deaton Chris Anthony
3488,Cardin McKinney
3489,Shin Hae Chul
3490,Saxtribution
3491,John Williams
3492,Rayvus
3493,King & Prince
3494,SakiKubota
3495,John Williams & Boston Pops Orchestra
3496,WOPTamii
3497,John Williams & London Symphony Orchestra
3498,Julyan
3499,Adrian Michael
3500,V-rus
3501,Fernanda Porto
3502,Knight Instrumental
3503,Lyberty
3504,Ameritz Tribute Club
3505,Hana Hope
3506,Relaxing Piano Covers
3507,London Symphony Orchestra & John Williams
3508,Thomas Headon
3509,Musical Creations Karaoke
3510,Jacky Cheung
3511,Alice Deejay
3512,Lamp
3513,Binary Finary
3514,.........
3515,tiiiza
3516,Johnny Jane
3517,Dan Garcia
3518,Pear freezes tightly
3519,Al Buchanan
3520,George Michael & Aretha Franklin
3521,Los Ángeles Negros
3522,Hanna Ross
3523,2Pac
3524,Rpa Ralte
3525,Mx$e
3526,Aretha Franklin & George Benson
3527,Melbs BB
3528,Zexi Zhang
3529,Ibi Ego
3530,Wang Leehom
3531,Mpty
3532,SEELEMANN
3533,Rosie the Rage
3534,Nale
3535,Ine Hoem
3536,Shabba Ranks & Carlton Livingston
3537,sushiwishfish
3538,GONZO HERNAN
3539,Erika Needs
3540,TV-2
3541,Ryan Cole
3542,Saarta Hannah
3543,Leksiu & Team X
3544,aMEI
3545,Steve Yoo
3546,Angelo Worldwide
3547,Sarah Vaughan
3548,KOKIA
3549,Kim Jang Hoon
3550,Jayson Yo
3551,toi
3552,Tony Barrera
3553,Greedo
3554,Jovanotti
3555,GUMI
3556,Kobukuro
3557,TALLA
3558,Willy Be
3559,Jon Bon Jovi
3560,Christofer White
3561,絢香×コブクロ
3562,Cornershop
3563,Kalimer C
3564,João Gilberto
3565,Eurythmics & Aretha Franklin
3566,Luke Medley
3567,Beau Rian
3568,CAN
3569,Fransisca Liebenberg
3570,Cosmo
3571,EPEX
3572,waiai
3573,Pony Pony Run Run
3574,Beatrice Deer
3575,wolfi
3576,Mirror Talk
3577,Alfred García & Niño de Elche
3578,Amaral
3579,Future Friend
3580,MC Jin
3581,BUSHROD
3582,G-Willi
3583,Gazebo
3584,Sibille Attar
3585,Poel
3586,Fend
3587,Your Heart
3588,Tamar Berk
3589,Charlie Yescas
3590,Babyface & Eric Clapton
3591,Trisha Yearwood
3592,"Elton John, Anne Dudley & Orchestra"
3593,RKBRIO
3594,"Plácido Domingo, Zubin Mehta, Orchestra of the Rome Opera House & Orchestra del Maggio Musicale Fiorentino"
3595,Valensia
3596,Ella
3597,SVENSPRINK
3598,"Luciano Pavarotti, Zubin Mehta, Orchestra of the Rome Opera House & Orchestra del Maggio Musicale Fiorentino"
3599,Tori Kelly
3600,Jeong Eun Ji & Seo In Guk
3601,The Jam
3602,Dan Fogelberg
3603,TUSH1G
3604,Brandonthepro
3605,The Van Allen Belt
3606,Sonograma
3607,Spitz
3608,Julien Clerc
3609,Gilaya
3610,1997
3611,Karen Carpenter & Ella Fitzgerald
3612,Parkinson DC
3613,Nadadora
3614,"Indigo Girls, Jewel & Sarah McLachlan"
3615,SOMA E
3616,Mantas Ben
3617,Bella Lambert
3618,TSS
3619,The Unlovables
3620,"InnerCut, Juancho Marqués & Pedro LaDroga"
3621,PghLFilms
3622,Deligah Grier Publishing
3623,"Ramon Ayala, Jr. & Leo Dan"
3624,Mark Chesnutt
3625,"Jgriff, FUTURISTIC & Indie Amplify"
3626,Tua
3627,Fool's Garden
3628,Vic Iyke
3629,Yara
3630,Mavis Hee
3631,Danniela
3632,Stillsound
3633,Grand Bantam
3634,Revulsa
3635,A Lyinn Yaung
3636,Ruddy Rodda
3637,Shabba Ranks
3638,Dustyrodes
3639,izid99
3640,Maz Green
3641,Texas Tornados
3642,The Radio Dept.
3643,Sister Sledge
3644,Bunji Garlin
3645,LOTTE
3646,Holly Macve
3647,Eraserheads
3648,Ken Hirai
3649,Björn Olsson
3650,Magic Potion
3651,FrankJavCee
3652,Lesley Chiang
3653,Victory Lane
3654,藤原さくら
3655,Krista Siegfrids
3656,kokua
3657,"DJ Mykael V, 1995 & indie tribe"
3658,Matt Wyeth
3659,Aaron Doucette
3660,Jeremy Finlay
3661,ШЫША
3662,Laurie Leblanc
3663,Cherry pick
3664,Tolgahan Tarıoğlu
3665,Judy Blank & Metropole Orkest
3666,Jeremy Tyler
3667,Macie Breaux
3668,Happy New Years
3669,Kenny Kendrick
3670,Beenie Man
3671,Choeur du Roi
3672,MVVSK
3673,The West Exit
3674,Justin LuQuire
3675,Amy Seeley
3676,Ale Zabala
3677,Season
3678,Patti LaBelle
3679,b-flower
3680,Vasilis Karras
3681,Dream Cars
3682,Rabble House
3683,The Rain
3684,Blue Riddem
3685,Mark Morrison
3686,Third World
3687,Yuri Hirano
3688,Declan's Well
3689,FAV
3690,Yianna
3691,colormal
3692,Lorenzo Fragola
3693,The Flitz
3694,John Denver
3695,MAY'S
3696,The House of Love
3697,Merlyn Uusküla
3698,Andrea Bocelli
3699,Been Stellar
3700,The John Barry Seven
3701,Aswad
3702,Sebalter
3703,Electric City Cowboys
3704,Corey C Dixon
3705,LLeow
3706,Feedbacks
3707,JustCosplaySings
3708,Waveform Mountain
3709,Leon Russell
3710,The Emergency Crew
3711,Keith Frank & The Soileau Zydeco Band
3712,Tyson Yoshi & Yan Ting
3713,SUPERBEE
3714,Les Cowboys Fringants
3715,Philip Strand
3716,Eli Rose
3717,Nathan Evans
3718,Aviv
3719,JIHU
3720,Republic
3721,KIM
3722,Zephyr Ciesar
3723,Mix Factor
3724,Emilio
3725,Paul Young
3726,青春ミッドナイトランナーズ
3727,GWeekes
3728,Absolutely Fabulous
3729,Mirazh
3730,Russell James
3731,The Cigarettes
3732,Jam Tracks
3733,B1A4
3734,rukatama
3735,Cooley SSE
3736,Alejandro Lerner
3737,Blaggers Ita
3738,Jovanotti & Soleluna NY Lab
3739,Over the Atlantic
3740,Don't Go Radio
3741,Sunday (1994)
3742,HiNi
3743,Jang Hye-Jin
3744,Luis Gallegos
3745,Hello Beautiful
3746,Kit Chan
3747,Scott Malcom
3748,Jon Secada
3749,Daniel J
3750,Jamie Pearce
3751,Tony Bennett
3752,Mai Meng
3753,Shannon Smith
3754,Roy Kim
3755,Si Connelly
3756,James
3757,Takashi Utsunomiya
3758,Floyd Cramer
3759,Nouveau Vélo
3760,The Brian Setzer Orchestra
3761,Surfer Girl
3762,Manila Killa
3763,NAUL
3764,Wincent Weiss
3765,2raumwohnung
3766,Hildur
3767,Boosta
3768,George & the Handsomes
3769,Gemelli Diversi
3770,Supertandad
3771,Anika Moa
3772,浪子成龙
3773,Centauros
3774,Kraków Loves Adana
3775,Travis Atkinson
3776,Lips
3777,Scott Frilot
3778,Barry Manilow
3779,"The Nat ""King"" Cole Trio"
3780,deLillos
3781,Bob Gentry
3782,Samantha Natalie
3783,Oh Sangho Nonet
3784,Taken By Savages
3785,Nathan K.
3786,Selena y Los Dinos
3787,K's Choice
3788,Myuji
3789,Sheena Easton
3790,Jordan Laviniere
3791,Andreas Hammarsten
3792,The Bethlehem Beard Corporation
3793,SG Wannabe
3794,Jason Reynolds
3795,43 Tigers
3796,August22
3797,Popdorian
3798,Elsa
3799,Glen Hughes
3800,Lyldoll
3801,The Northern Pikes
3802,Manila Killa & Mansionair
3803,Clay Walker
3804,Bruises
3805,Jez Dior
3806,丛琳潼 & Ryan.B
3807,Omoinotake
3808,Monterrosa
3809,Grizzly
3810,Son Mieux
3811,NTsKi
3812,Leo Dan
3813,Bonnie Pointer
3814,Another Bad Creation
3815,Crystal Distortion
3816,Charlotte is Mine
3817,Thelma Houston
3818,Dalton Grap
3819,Charlie Moon
3820,The Modern Society
3821,Sakis Rouvas
3822,Perry Como
3823,Milano Breeze
3824,Yanni Euro
3825,Toto Cutugno
3826,Kevin Lin
3827,Kohmi Hirose
3828,Refuse to Sleep
3829,"Hi,how are you?"
3830,The Reels
3831,Imliakum Aier
3832,Rezynate
3833,Diffiniad
3834,Jim Knable
3835,GALI
3836,Bernadette Peters
3837,Aviv Bahar
3838,Kenshi Yonezu
3839,Naughty By Nature
3840,Naomi Sharon
3841,Kat Graham
3842,Nic D
3843,Ellie Goulding
3844,KAWAII BOX
3845,Silentó
3846,Digital Underground
3847,Ido Maimon
3848,"Rudimental, 1991, PNAU & AR/CO"
3849,Depeche Mode
3850,Nehuda
3851,LUCKY TAPES
3852,Tony! Toni! Toné!
3853,Bigg Base
3854,Juan Luis Guerra 4.40
3855,The Northern Lights
3856,(Please) Don't Blame Mexico
3857,Redbone
3858,Covey
3859,Kid Cudi
3860,Botnit
3861,Vic Mizzy
3862,The Aviator's Club
3863,Judy Garland
3864,BEA1991
3865,TE
3866,Luis Fonsi
3867,Lady Los
3868,Frankie J
3869,Coska
3870,Typefighter
3871,Urban Cone
3872,Montell Jordan
3873,Master P
3874,Made in Hepburn
3875,Big Head Todd & The Monsters
3876,Exposé
3877,Brian McKnight
3878,K-Ci & JoJo
3879,Vanilla Ice
3880,Leoniden
3881,Achille Lauro
3882,Toni Braxton
3883,C+C Music Factory
3884,Monica
3885,Marina Maximilian
3886,The Temptations
3887,Skee-Lo
3888,Silk
3889,Brandy
3890,Blackstreet
3891,Los Temerarios
3892,Ini Kamoze
3893,Los del Río
3894,Aqua
3895,Sexy Pigeon
3896,Shine
3897,Snow
3898,Lisa Loeb
3899,CeCe Peniston
3900,Bronco
3901,Paula Abdul
3902,Culture Beat
3903,Gloria Trevi
3904,B*Witched
3905,Reba McEntire & Linda Davis
3906,Alejandra Guzmán
3907,Jarabe de Palo
3908,k.d. lang
3909,Daryle Singletary
3910,Wyclef Jean
3911,Diana King
3912,LL COOL J
3913,The Bucketheads
3914,Furia Fobia
3915,Chichi Peralta
3916,Amber
3917,Brandy & Monica
3918,Des'ree
3919,Onda Vaselina
3920,Patty Smyth
3921,Everything But the Girl & Todd Terry
3922,Jerry Cantrell
3923,Delights
3924,Chris August
3925,Kaoma
3926,Soul II Soul
3927,Charles Goose
3928,Bad English
3929,"Grover Washington, Jr."
3930,Simply Red
3931,Warrant
3932,indigo la End
3933,Summer Camp
3934,Shishir Ahmed
3935,Ryan Haynes & Garrett Hunter
3936,Weary Pines
3937,Berry Goodman
3938,Ingrid Witt
3939,PhoBoys
3940,Jung Jae Hyung
3941,Chronic Youth
3942,Michael Botte Band
3943,MICHAEL PICKETT
3944,The Tremeloes
3945,NicolA
3946,Noel
3947,Diệu Vân
3948,Loa Mercury
3949,SITUASION
3950,Team Rockit
3951,Shakespears Sister
3952,Pete Ham
3953,my bloody valentine
3954,Maud Lübeck
3955,WABLE
3956,The Everly Brothers
3957,Laurent Voulzy
3958,Lukach
3959,Courtnay & The Unholy Reverie
3960,Estranhos Românticos
3961,University of Oklahoma Bands & Gene Thrailkill
3962,Burton
3963,Aditus
3964,Viral Tempo
3965,The Darcys
3966,Nabeel Shuiel
3967,Herbs
3968,Calogero
3969,Mama Duke
3970,Campo
3971,MASOOM SHARMA & Anjali 99
3972,Miguel Araújo
3973,Kim Tae Seong
3974,ATLAS
3975,Yonghoon Lim
3976,Pop Dell'arte
3977,Minus Six
3978,Disco Freaks
3979,Teenage Mutant Ninja Turtles
3980,Donny Montell
3981,Afterhours
3982,Hidrogenesse
3983,Antônio Carlos Jobim
3984,DOM SHWN
3985,Mari-Leen
3986,Frank Sinatra
3987,Peter Tosh
3988,Noice
3989,Tom Monitor
3990,Paula
3991,GAO
3992,Hylynd
3993,JB
3994,The Jeremy Days
3995,Mbilia Bel
3996,Peter Tosh & Mick Jagger
3997,Roy Orbison
3998,The Venns
3999,Young Fire
4000,Lovsky
4001,Steve Chou
4002,Melvil
4003,Dj Moonstone
4004,Peach Kelli Pop
4005,HÅN
4006,Brymo
4007,Kid Francescoli
4008,DEVIN MØRE
4009,ORI
4010,Ana Bacalhau
4011,Lyrik London
4012,Melting X
4013,Carlão
4014,Mattis
4015,Pati Yang
4016,The Hit Crew
4017,Los Bukis
4018,Lisandro Aristimuño
4019,Iñigo Montoya
4020,"Lena d'Água, Catarina Salinas & João Só"
4021,ikkubaru
4022,Roxeno
4023,Zzo
4024,Brittlestar
4025,Samuel Úria
4026,Miguel Araújo & João Só
4027,Knipi
4028,Marcia & Tatanka
4029,1986 OMEGA TRIBE
4030,Vincent Vallières
4031,David Fonseca
4032,Sam Duckworth
4033,Na Yeong Hwan
4034,João Só
4035,David Rudder
4036,Rita Redshoes
4037,Boys Don't Cry
4038,5oh5
4039,Taraella
4040,Eleftheria Arvanitaki
4041,Jérémie Kisling
4042,Century
4043,Tachenko
4044,Sunday Morning
4045,Rádio Macau
4046,"An Orange Car, Crashed"
4047,Overflow
4048,Air Family
4049,Sanullim
4050,The Dentists
4051,Minako Honda
4052,Banda Rosa's
4053,Elsa & Glenn Medeiros
4054,Trademark
4055,Sandra de Sá
4056,Mylène Farmer
4057,Atlantic Starr
4058,dj rockhill
4059,Hotel Apache
4060,Lloyd P-White
4061,Packtion
4062,Roberto Restuccia
4063,Bill Lloyd
4064,Lyric
4065,SERYABKINA
4066,Andrea Sannino
4067,In the City
4068,Wang Heye
4069,REDDY
4070,Simon Chylinski
4071,Lee Tzsche
4072,Paper Jackets
4073,Péter Herold
4074,Kid Drew and the Kids
4075,Not Too Sharp
4076,Roxi Drive
4077,LaFee
4078,Pseudo Echo
4079,Manther
4080,Casely
4081,Scity
4082,Arnold The Painter
4083,Miss Audrey
4084,Sunlit
4085,VINTER
4086,Pegah
4087,Joel Bernstein
4088,Codename Colin
4089,Thom Hell
4090,Scared Weird Little Guys
4091,Gabriel Afolayan
4092,Power Music Workout
4093,The Muhlenberg Dynamics
4094,Shy for Shore
4095,Charlie Kurd
4096,Sunset FM
4097,Betty Brokn
4098,Jonny Gomez
4099,George Santana
4100,ProSource Karaoke Band
4101,Cooke
4102,Beats Bakery
4103,Lucas Wood
4104,Dynamo & the Dullhouse
4105,The Sing-A-Long Kids
4106,Catherin
4107,Loi Loi
4108,Us3r
4109,Noise Box
4110,Aaron Thies
4111,Sea Turtle Harmonic
4112,Elevator
4113,fluorite kids
4114,Mike Tam
4115,Not A Magician
4116,Chords of Chaos
4117,NAMI
4118,mDm11
4119,Gol Gappas
4120,St. Christopher
4121,Dianne Reeves
4122,Steve Austin Music
4123,The Honeydrippers
4124,LUNCHSONG Project
4125,Wham!
4126,SWING
4127,JUNKO YAGAMI
4128,Jacob Maul
4129,Ivan Torrent
4130,Ray Parker Jr.
4131,Siamese Youth
4132,Nebulossa
4133,Limahl
4134,Trey Pearson
4135,YORU 夜
4136,Peppermint Heaven
4137,"Simiran Kaur Dhadli, Desi Trap Music & Rammi Indgarh"
4138,"Earth, Wind & Fire"
4139,Drain Maria
4140,NseeB
4141,rep Zac
4142,U.S.A. for Africa
4143,Cheryl Lynn
4144,Red Rider
4145,Jalan Fields
4146,Village People
4147,Hoonch
4148,Eric Kwok
4149,Sean Dhondt
4150,1983
4151,Alexander Wood
4152,Young Braves
4153,Misa
4154,The Brilliant Corners
4155,Gianna Nannini
4156,Freedom Fry
4157,Dutch Melrose
4158,The Weather
4159,Bow Anderson
4160,Elijah Wallace
4161,Isabelle Antena & Antena
4162,Camlann
4163,Antena
4164,Timecop1983
4165,Beat Flickers
4166,Timecop1983 & The Bad Dreamers
4167,Alex Cornell
4168,Barbarian Lovers
4169,The Clubs
4170,Els Catarres
4171,Femmepop
4172,Reece Crawford
4173,New Casino
4174,Jona Arcane
4175,Timecop1983 & Josh Dally
4176,Plustwo
4177,Joan Armatrading
4178,VK Lynne
4179,Bandolero
4180,Local Natives
4181,Wang Bao
4182,Hayley Taylor
4183,Jessie Frye
4184,Fiona Tasarek
4185,"Radio3000, Big Calo, Michi & Chip 7"
4186,Timecop1983 & Primo the Alien
4187,Jennifer O'Connor
4188,The Maverick
4189,"At 1980, Josh Dally & Timecop1983"
4190,Maxwell's Complex
4191,Lloyd Cole & The Commotions
4192,Septembryo
4193,Farmacia de Guardia
4194,The Hacker & Miss Kittin
4195,Malacates Trebol Shop
4196,Danny Scordato
4197,"That Mexican OT, Curren$y & LE$"
4198,Matthew Wilder
4199,The Human League
4200,Powl Ameerali
4201,Anita Baker
4202,David Bowie & Bing Crosby
4203,Geyster
4204,Gary Fuston
4205,SkyDive
4206,Boohwal
4207,Aviador Dro
4208,Patricia van Daal
4209,Nathan Grisdale
4210,Strawberry Switchblade
4211,Rubel del Prado
4212,Kenneth Arias
4213,Joan Blokland
4214,Diana Gouvernante
4215,The Raquels
4216,Survivor
4217,Jennifer Holliday
4218,Helianthe Redan
4219,Lionel Richie
4220,Gerold Limon
4221,Teddy Pendergrass
4222,J. van Riessen & S. Purperhart
4223,Silvy Singredjo
4224,Sandra Purperhart
4225,Clayton Peroti
4226,Roy van Ommeren
4227,Miles Teller
4228,Anne Goedhart
4229,Aida Zeefuik
4230,1982 One Hit Wonders
4231,Bing Crosby
4232,Harold Melvin & The Blue Notes
4233,Coldiac
4234,Gerry & The Pacemakers
4235,Nyla XOXX
4236,Betamax
4237,Pickin' On Series
4238,Replicant 69
4239,Chris Rea
4240,Joyeux urbains
4241,Evening Lights
4242,Heaven is Shining
4243,Debbie Tebbs
4244,Deed Rocklin
4245,Akina Nakamori
4246,Pleasant Pictures Music Club
4247,Tortune
4248,Incognito
4249,MY Q
4250,Ayla XO
4251,Guy Tang
4252,Easter and the Totem
4253,Alan Kuo
4254,Vanilla Sky
4255,Carrie
4256,PV Nova
4257,Glenn Gould
4258,Gary
4259,Michael Freeman
4260,Alice Avenue
4261,Reclinerland
4262,Gilbert Bécaud
4263,getItMan Fresh
4264,Daniel Cartier
4265,neuroshock
4266,ARAS
4267,Lee Moon Sae
4268,Jean-Michel Jarre
4269,EPO
4270,Giorgio Gaber
4271,Joe Hudelson
4272,The dB's
4273,Dave Edmunds
4274,Teddy Bautista & Pepe Robles
4275,Aleksandr Barykin
4276,Level 42
4277,Night Rivals
4278,Embryo
4279,Lena Horne
4280,Ben Brittsan
4281,Tommy James & The Shondells
4282,Axe Girl
4283,teemnixon
4284,Jeane
4285,Tangled Shoelaces
4286,Cha Cha Guitri
4287,Restaurant Background Music Academy
4288,Cafe Music BGM Channel
4289,The Ink Spots
4290,Ella Fitzgerald & Louis Armstrong
4291,Chet Baker
4292,Betty Carter
4293,Jamie Cullum
4294,Hugh Masekela
4295,Craig Jazz
4296,"Nat ""King"" Cole & George Shearing"
4297,Beegie Adair
4298,Cannonball Adderley & Bill Evans
4299,Ben Webster
4300,BryanMr
4301,Coleman Hawkins
4302,Bill Evans Trio
4303,June Christy
4304,Bill Evans
4305,Oscar Peterson Trio
4306,Benny Golson
4307,Christmas Jazz Music Collection
4308,Summer Bossa Nova Club
4309,Lester Young & Oscar Peterson Trio
4310,Nancy Wilson
4311,Billie Holiday
4312,Blossom Dearie
4313,Louis Armstrong and His Orchestra
4314,Stan Getz & Charlie Byrd
4315,Stan Getz & Bill Evans
4316,Jabu Khanyile & Busi Mhlongo
4317,Benny Carter & Oscar Peterson
4318,Etta Jones
4319,Frank Sinatra & Count Basie
4320,Julie London
4321,Wide Eyed
4322,Count Basie & Joe Williams
4323,John Coltrane Quartet
4324,Ella Fitzgerald
4325,Jo Stafford
4326,Clifford Brown & Max Roach Quintet
4327,Instrumental Jazz Music Ambient
4328,Cannonball Adderley
4329,Soft Jazz Mood
4330,Miles Davis Quintet
4331,Tsepo Tshola
4332,Bud Powell
4333,Count Basie and His Orchestra
4334,Peggy Lee
4335,Johnny Hodges and His Orchestra
4336,"Sammy Davis, Jr. & Carmen McRae"
4337,John Coltrane & Johnny Hartman
4338,Duke Ellington and His Orchestra
4339,Stan Getz & Gerry Mulligan
4340,Hank Mobley
4341,Stan Getz
4342,Oscar Peterson
4343,Anita O'Day
4344,Jazz Guitar Club
4345,Ella Fitzgerald & Count Basie
4346,Gerry Mulligan & Chet Baker
4347,Dick Hyman
4348,Ben Webster Quintet
4349,ForeiggnFargoMusic
4350,Kenny G
4351,Johnny Hartman
4352,Bossanova
4353,Duke Ellington & Coleman Hawkins
4354,Wynton Kelly Trio
4355,Dinah Washington
4356,Lou Donaldson
4357,Margaret Whiting
4358,Relaxing Instrumental Jazz Academy
4359,Kenny Charles
4360,Meditation Relax Club
4361,Chriss Bossa
4362,Taku Iwasaki
4363,Jazz Erotic Lounge Collective
4364,Vince Guaraldi Trio
4365,Downtown Jazz
4366,Piano Bar Music Guys
4367,Jazz Lounge Zone
4368,Sad Music Zone
4369,Royal Blues New Town
4370,Jazz Piano Moods
4371,Joni Mitchell
4372,Classical Jazz Club
4373,Good Mood Music Academy
4374,Glorious Music Academy
4375,Diego Groove
4376,Double Dee & Steinski
4377,Jackson State Sonic Boom of the South
4378,Christmas Eve
4379,Nick Colionne
4380,The Best Christmas Carols Collection
4381,Special EFX
4382,Oli Silk
4383,Lin Rountree
4384,Catie Waters
4385,Skinny Hightower
4386,Julian Vaughn
4387,Kayla Waters
4388,Jazz Music Collection
4389,Nicholas Cole
4390,Lebron
4391,Cindy Bradley
4392,Valentine's Day Music Collection
4393,Amazing Chill Out Jazz Paradise
4394,Kim Sawol
4395,New Orleans Jazz Club
4396,Michael Jazz
4397,Blues Piano All Stars
4398,Wild Country Instrumentals
4399,Etta James
4400,Big Band Jazz from Northgate
4401,Sexting Soft Jazz Maestro
4402,Lofi Astronaut Music & Thảnh Danh
4403,Barry Star
4404,Daniel Herskedal
4405,Tiffany Bright
4406,Jeff
4407,Sophie Mellow
4408,Joe Hisaishi
4409,Joe Clas
4410,"Jazz Playlist, Bossa Nova Jazz & Jazz Bossa Nova"
4411,Cocktail Party Music Collection
4412,Paul Hardcastle
4413,Jazz Valentine
4414,Gary Honor
4415,Bossa Jazz Instrumental
4416,Relaxing Bossa Jazz
4417,The Funky Knuckles
4418,Perry Thoorsell
4419,The Baylor Project
4420,"Omar Abdulkarim, Experience Jazz & High School For Recording Arts"
4421,"T.L. REIGNS, Experience Jazz & High School For Recording Arts"
4422,LoFi Jazz
4423,"Omar, Experience Jazz & High School For Recording Arts"
4424,"Julen Manzur-Strandlund, DJ Mickey Breeze, Experience Jazz & High School For Recording Arts"
4425,"L.A. Buckner, Eycis Maxon, Experience Jazz & High School For Recording Arts"
4426,"Eycis Maxon, L.A. Buckner, Experience Jazz & High School For Recording Arts"
4427,"Pablo Manu, Abdullahi Jama, Scott Herold, DJ Mickey Breeze, Experience Jazz & High School For Recording Arts"
4428,Romantik Musik Akademie
4429,John Coltrane
4430,"DJ Mickey Breeze, Experience Jazz & High School For Recording Arts"
4431,Kenroy Mullings
4432,"Abdullahi Jama, DJ Mickey Breeze, Experience Jazz & High School For Recording Arts"
4433,Brad Mehldau
4434,Gustavo Amável
4435,Scarlett Rome
4436,MannyFantom
4437,Jacques Cook
4438,Quentin Dujardin
4439,Dutch Swing College Band
4440,Dança Club Balé
4441,Iwao Ochi
4442,Dux Foote
4443,Michael Conrad & All Angles Orchestra
4444,Robert Glasper Experiment
4445,Joelle Khoury
4446,Joel Lyssarides
4447,background music masters
4448,Oscar Open
4449,Morning Jazz Background Club
4450,Garden Party Music Ensemble
4451,Good Morning Jazz Academy
4452,Explosion of Jazz Ensemble
4453,Teyana Taylor
4454,Solange
4455,Ron Mertier
4456,Thomas Rhett
4457,Bryson Tiller
4458,Petit Biscuit
4459,Calm Background Paradise
4460,Nuvo Orchestra
4461,Alesso
4462,Chieko Baisho
4463,Jazz Sax Lounge Collection
4464,Smooth Jazz Music Academy
4465,Soulballet
4466,Nina Simone
4467,Background Instrumental Music Collective
4468,Louis Jazzer Group
4469,Instrumental Jazz Music Zone
4470,Ultimate Jazz Set
4471,DJ Khaled
4472,SPEECHLESS & Pueblo Vista
4473,Gil Scott-Heron & Jamie xx
4474,Relaxing Music Jazz Universe
4475,Chritmas Jazz Music Collection
4476,Bella rilassante pianoforte musiche
4477,Jazz Instrumental Songs Cafe
4478,Marcus Frye
4479,Scott Wiles
4480,Cigar Lounge & Smooth Jazz
4481,Ellie Larsson
4482,Musica Jazz Club
4483,Jazz Guitar Music Ensemble
4484,Dave Herson
4485,Glenn Milton
4486,Tommy Grey
4487,Philip De Blue
4488,Peter Maun
4489,Carl Bone
4490,Steve Coll
4491,George Toward
4492,Dale Burbeck
4493,Milli Davis
4494,Mia Leven
4495,Grace Brax
4496,Jeff Richardson
4497,Gregory Aigersson
4498,Michel Jarez
4499,John Devson
4500,Paul States
4501,Scott Jules
4502,Ella Roots
4503,Smooth Jazz Music Set
4504,Chill Jazz Masters
4505,Ben Bareth
4506,Elda Sartori
4507,Tyris White
4508,Nu Jazz
4509,"Australian National Jazz Orchestra, Mat Jodrell & Roger Manins"
4510,Matthew Nicholls Septet
4511,"Danny Fischer, Mark Fitzgibbon, Mike Rivett & Sam Anning"
4512,Jazzgroove Mothership Orchestra & Kelly Ottaway
4513,Restaurant Jazz Music Collection
4514,Golden Boy (Fospassin)
4515,Olivia Chindamo & Sam Anning
4516,Trish Delaney-Brown Quintet
4517,Movement 9
4518,Mark Fitzgibbon Trio
4519,James McLean
4520,Smooth Jazz All Stars
4521,Smooth Jazz Music Club
4522,Sorcha Albuquerque Trio
4523,Stephen Magnusson & Frank Di Sario
4524,Gian Slater & Hieronymus Trio
4525,Piano Lounge Club
4526,Academia de Música Sensual
4527,Spirograph Studies
4528,Sam Anning Sextet
4529,Joe O'Connor Trio
4530,Música de Fondo Colección
4531,Night's Music Zone
4532,Shannon Barnett Quartet
4533,Weihnachten Jazz-Sammlung
4534,Keith Jarrett
4535,Fridayy
4536,Harrison
4537,CoH
4538,Bill Frisell & Thomas Morgan
4539,Johan S
4540,Ferrante & Teicher
4541,Relaxing Summer Piano Collection
4542,Oliver Lake
4543,MDQ
4544,Squirrel Nut Zippers
4545,Арт-Ансамбль г. Архангельск
4546,SFJAZZ Collective
4547,Erik Slättberg
4548,Sun Ra & His Astro-Infinity Arkestra
4549,Ned Goold
4550,Michele Guaglio
4551,Jan Felix May
4552,Monotron_nl
4553,Mop Mop
4554,Piano Jazz Masters
4555,Artett
4556,City of the Sun
4557,"Kyle Shepherd, Mthunzi Mvubu, Shane Cooper, Lionel Loueke & Jonno Sweetman"
4558,Henry Mancini
4559,Kokoroko
4560,Ian Pooley
4561,Hank Jones
4562,Scott Bradlee's Postmodern Jukebox
4563,Ikaya
4564,Sarah Jane Morris
4565,Koma Se Bıra
4566,Sun Ra & His Astro-Infinity Arkestra & Hattie Randolph
4567,Mango Dreams
4568,"Oscar Peterson, Herb Ellis & Ray Brown"
4569,The Motet & Jam In the Van
4570,LTJ XPerience
4571,Bulljun
4572,Joy Wellboy
4573,Isaias Elpes
4574,Toco
4575,Sam Houston State University Jazz Ensemble & Aric Schneller
4576,Edison Middle School Jazz Ensemble I & Kimberly Branch
4577,MiatriSs
4578,Joey Alexander
4579,King Crimson
4580,Papik
4581,Jazz at Lincoln Center Orchestra & Wynton Marsalis
4582,Patsy Cline
4583,Disclosure
4584,Alicia Nando
4585,mndbd
4586,Isabela Hartwell
4587,Bossa Nova do Brazil
4588,Charlie Shavers
4589,Willie Nelson
4590,Frost
4591,Dexter Gordon
4592,Dr. Detox
4593,Emilio Soana Quintet
4594,Williams
4595,Julio Bashmore
4596,Wiki
4597,Dr. Salmon & Micheal Jazz
4598,Smooth Jazz
4599,Shirley Bassey
4600,ABC
4601,Snarky Puppy
4602,Hibriduz Jazz
4603,Robert Glasper
4604,You & Explosion Band
4605,Kamasi Washington
4606,Fango Inc.
4607,"Harry Connick, Jr."
4608,Wynton Marsalis
4609,Raf D Backer
4610,Marco Cortesi EUP
4611,Annie Ross
4612,Pete Rock & C.L. Smooth
4613,Side B
4614,Ruben Studdard
4615,"Haley Reinhart, Wheeling High School Jazz Combo & Brian Logan"
4616,Donald Byrd
4617,Chris Botti
4618,Kyle Eastwood
4619,Leo Sidran
4620,Faithless
4621,Mr. Lotuss
4622,Casiopea 3rd
4623,Spafford
4624,"Miyoki, T & Sugah & NCT"
4625,Quantic
4626,Sophie Milman
4627,Jazz Music Zone
4628,Mildlife
4629,Disclosure & Sam Smith
4630,James Farrelli
4631,Pedro Iturralde
4632,Cécile McLorin Salvant
4633,Eli Degibri
4634,Kandace Springs
4635,"Jim Newman, Jim Laev & John Kander"
4636,Grant Lazlo
4637,Modern Horizon
4638,Hal Overton & Dave McKenna
4639,Roberta Cole
4640,Mark Guiliana Jazz Quartet
4641,Spacelink
4642,Azie Mortimer
4643,Joe Hisaishi & Royal Philharmonic Orchestra
4644,Heinz Sauer & Michael Wollny
4645,Matt J.Deeper
4646,Dr John
4647,Jiro Setsuko & Yashida Miyota
4648,Vincent Peirani
4649,Jiro Setsuko & Nori Toshiaki
4650,Arne Jansen
4651,Chris Connor & Ellis Larken Trio
4652,Jazzmake
4653,Alex Isley
4654,Joachim Kühn
4655,"Rudresh Mahanthappa, David Fiuczynski, Francois Moutin & Dan Weiss"
4656,"Frank Sinatra & Sammy Davis, Jr."
4657,Kenny Dorham
4658,"Michael Wollny, Tamar Halperin & hr-Bigband"
4659,Ch4ch
4660,"Dieter Ilg, Rainer Böhm & Patrice Héral"
4661,Nas
4662,Vanessa Williams
4663,Fila Brazillia
4664,Sun Ra Quartet
4665,Stu Williamson
4666,Elden Tales
4667,Conte Candoli
4668,The Chemical Brothers
4669,LoVance
4670,Four Tet
4671,Satoko Fujii Orchestra Tokyo
4672,Muddy Waters
4673,Enzo Amazio Quintet
4674,Snarky Puppy & Metropole Orkest
4675,Nikolai Tal
4676,Duke Ellington
4677,Joe Hisaishi & New Japan Philharmonic World Dream Orchestra
4678,Diana Krall
4679,Matt Monro & Nelson Riddle
4680,Ghibli Melodies
4681,GHVLI
4682,Scary Pockets
4683,Lindbergh High School Jazz Ensemble & David Wyss
4684,Lucky Chops
4685,The Puppini Sisters
4686,Martial Solal
4687,Cyndi Lauper
4688,Bobby Vinton
4689,Giving My Best
4690,Fatnick
4691,Vic Damone
4692,Quincy Jones
4693,noel.smt
4694,Hal McKusick
4695,Oscar Pettiford Modern Quintet
4696,Charles Mingus
4697,Don Elliot
4698,Booker Little
4699,Joe Puma Quintet
4700,SHOWALTER!
4701,The Vinnie Burke Quartet
4702,Marvin
4703,Cassandra Wilson
4704,YOAN
4705,Cachao López
4706,Eve Beuvens
4707,Audra McDonald & Carrie Underwood
4708,Ann Hampton Callaway
4709,Kenedy
4710,Stony
4711,Milca
4712,LS
4713,Jade
4714,"Anton Gorbunov, Konstantin Gorbatenko, Anton Zaletaev & Peter Ivshin"
4715,Howard McGhee
4716,Cannonball Adderley & Milt Jackson
4717,Slaï
4718,Naëlle
4719,Maranatha! Music
4720,K-Reen
4721,Axel Tony
4722,Ayna
4723,Helen Carr
4724,Audrey Mas
4725,Cristal R
4726,Dick Wetmore
4727,Los Angeles Philharmonic & Gustavo Dudamel
4728,Kenny T
4729,Ben-G
4730,Jean-Marie Ragald
4731,Nickson
4732,Victor O
4733,Lyta
4734,Kim
4735,Jow & Saable
4736,Jon Hopkins
4737,Mike Lubino
4738,Krynn Smith
4739,Ruby Braff
4740,Emily Normann
4741,Bennie Green
4742,Kingsley
4743,Art Blakey & The Jazz Messengers
4744,"Jordan, M."
4745,Kyle Landry
4746,Senior All-State Band & Robert Sheldon
4747,Jazz City
4748,Clemens Rumpf & David A. Tobin
4749,Alejandro Aranda
4750,Phil Kinley
4751,Bobby McFerrin
4752,Cocogroove
4753,Shar
4754,Ray Charles
4755,Anagramma
4756,Lisbeth Quartett
4757,Jonas Burgwinkel
4758,Gene Autry
4759,"Jake Langley, Ian Froman & Sam Yahel"
4760,Emil Afrasiyab
4761,The English Beat
4762,Kvar
4763,Barry White
4764,William Kurk
4765,Thompson D'earth Band
4766,Puglia Jazz Factory
4767,David Hazeltine Trio
4768,Art Blakey
4769,Édith Piaf
4770,Giulia Valle
4771,Emilie-Claire Barlow
4772,Brian Culbertson
4773,Ahmad Jamal
4774,Sean Wayland
4775,Enzo Orefice Trio
4776,Deftron
4777,Caetano Veloso
4778,Soul Clique
4779,Najee
4780,THE ROZZANO ZAMORANO GROUP
4781,Paul Desmond & Dave Brubeck
4782,Jahne Jahmal Westmoreland-EL
4783,"J. D. Blair, ""The Groove Regulator"""
4784,Dee Costa
4785,Di Virgilio Sala Quartet
4786,小川紀美代
4787,Luca Mundaca
4788,Huxley
4789,Jimmy Scott
4790,Samara Joy
4791,Dream House
4792,Relaxing Guitar Crew
4793,Elena Roger
4794,Gare du Nord
4795,Brian Baggett Trio
4796,Al Jarreau
4797,Michael Franks
4798,Arturo Sandoval & Juan Luis Guerra
4799,Frank Sinatra & Duke Ellington
4800,Plunky & Oneness
4801,Astrud Gilberto
4802,Franck Biyong
4803,LaVon Donnie Tatem
4804,Ibiza Isla del Mar
4805,The String Cheese Incident
4806,Mike Huckaby
4807,"Juan Senties, Hubenak Elementary Choir & Angela Ramsey"
4808,The Dave Brubeck Quartet
4809,Cherry Poppin' Daddies
4810,The Madness Of King George
4811,Carol Welsman & Juan Luis Guerra
4812,Eliane Elias
4813,Ortopilot
4814,Florida High School Honors Band & Shawn Barat
4815,Earl Klugh
4816,Apollinare Rossi
4817,Andres
4818,Buddy Greco
4819,The Cooltrane Quartet
4820,Roberta Gambarini & The Dave Brubeck Trio
4821,Diana Panton
4822,Zach Phillips
4823,Joakuim
4824,The Pharcyde
4825,Paul Macnamara
4826,Tim Berne & Bill Frisell
4827,Kinetic Jazz Orchestra
4828,NIKARA presents Black Wall Street
4829,Sutton Foster & Colin Donnell
4830,Bill Risby Trio
4831,Baecastuff
4832,Roger Dean
4833,Carlos Bica & Azul
4834,The Jazz Organism
4835,Pe'z
4836,Ben Hauptmann's BOB
4837,Easy Star All-Stars
4838,Vancho Padobra
4839,Andrew Lloyd Webber
4840,Schmoe Elhay
4841,Above & Beyond & Malou
4842,"MENC Northwest 2011 Central Washington University Jazz Band I, Hank Levy & Janine Kirstein"
4843,SNAP
4844,Fourplay
4845,B..
4846,The Blue Devils
4847,Santana & John McLaughlin
4848,Nils Landgren
4849,One Nation
4850,Parris Mitchell
4851,"Maria Schneider, Dan Keberle & MENC Northwest 2011 Whitworth University Jazz Ensemble"
4852,Chano Pozo
4853,Ornette Coleman
4854,Gary Husband
4855,On The Rocks
4856,Jazz Connection
4857,Vinx
4858,Hiroshima
4859,"Rhode Island MEA 2011 Junior All-State Music Festival Junior All-State Jazz Ensemble, Paul McCartney & John Lennon"
4860,Rhode Island MEA 2011 Junior All-State Music Festival Junior All-State Jazz Ensemble & Chuck Mangione
4861,Olive
4862,"Gettysburg College Jazz Ensemble, Paul McCartney & John Lennon"
4863,MENC Northwest 2011 Central Washington University Jazz Band I & Janine Kirstein
4864,Ben van Gelder
4865,Claude Bolling
4866,RYUSENKEI
4867,Chris Brooks
4868,Rufus R Spencer Jr
4869,Kirk Franklin
4870,Los Ángeles Azules & Natalia Lafourcade
4871,Pekka Pohjola
4872,Papir
4873,Souls of Mischief
4874,Kari Jobe
4875,"Amenazzy, Nicky Jam & Farruko"
4876,Cliff Edwards & Disney Studio Chorus
4877,Animal Jazz
4878,Kyle Dixon & Michael Stein
4879,Paul Anka & Joe Sherman
4880,edbl
4881,"European Jazz 2010, Nina Strnad & Tadej Tomsic dirigent"
4882,European Jazz 2010 & Tadej Tomsic dirigent
4883,"R+R=NOW, Robert Glasper & Terrace Martin"
4884,Bria Skonberg
4885,Hailee Steinfeld
4886,Hiatus Kaiyote
4887,Floating Points
4888,Cory Henry
4889,Walk Off the Earth
4890,Fabian Kallerdahl Galore
4891,Tito Puente & Celia Cruz
4892,TOKA
4893,Jazzit Fun(k) Orchestra
4894,"A.R. Rahman, Arjun Chandy, Haricharan & Jonita Gandhi"
4895,Aaron Koppel Quartet
4896,"Branford Marsalis, Royal Philharmonic Orchestra, Steven Mercurio & Sting"
4897,Jeff Beck
4898,Roberta Campos
4899,Wax Tailor
4900,Alfred Jazz Ensemble
4901,Injaztigator
4902,The Swingle Singers
4903,"Royal Philharmonic Orchestra, Steven Mercurio & Sting"
4904,Balloon
4905,Maynard Ferguson & Big Bop Nouveau
4906,"Les Baxter, His Chorus and Orchestra"
4907,Lea Salonga
4908,Dami Im
4909,Andrew Moreno
4910,TWO COLD
4911,Banda Maje
4912,La Arrolladora Banda el Limón de René Camacho
4913,Making Love Music Ensemble
4914,Elias
4915,1 Giant Leap
4916,Charlie Watts & The Danish Radio Big Band
4917,The Danish Radio Big Band & Charlie Watts
4918,Esbjörn Svensson Trio
4919,Jennie Abrahamson
4920,Cristian Cuturrufo
4921,Terry Vosbein & The Knoxville Jazz Orchestra
4922,A Tribe Called Quest
4923,Ben Dunnill
4924,"Abel Loterstein, Daniel DeMendoza, Juan Camilo Sánchez, Pablo Muñoz, Diego Posada, Adrian Hidalgo, Antonio Cotés & Ernesto Santos"
4925,Marked For Death
4926,Dreamy Kid
4927,Kyteman
4928,La Bicicleta
4929,Fats Waller
4930,Stella Starlight Trio
4931,"Anthony Jackson, Michel Petrucciani & Steve Gadd"
4932,Tricky
4933,Mark Drummond & Grooveometri
4934,All-State Chorus
4935,Edward Sharpe & The Magnetic Zeros
4936,"Xavier Dotras, Lluis Escuadra & Dani Forcada"
4937,Liza Minnelli
4938,"Keith Jarrett, Gary Peacock & Jack DeJohnette"
4939,Paul Lewis & Studio G
4940,Byrun
4941,Herb Alpert & The Tijuana Brass
4942,"Michel Petrucciani, Steve Gadd & Anthony Jackson"
4943,Andy Fite
4944,TCB Bounce Beat Kings
4945,"Frank Gratkowski, Chris Brown & William Winant"
4946,"Michel Petrucciani, Anthony Jackson & Steve Gadd"
4947,Hugo Strasser und sein Tanzorchester
4948,Horace Parlan
4949,Blodwyn Pig
4950,Ibrahim Maalouf
4951,Tricky & José Maria
4952,Florence Welch & Jools Holland
4953,Slow Train Soul
4954,Prince Buster
4955,The Jazz Lounge Niki Band
4956,Ray Burley
4957,DJ Nas'D
4958,Craig Ogden
4959,Svaneborg Kardyb
4960,Rachael MacFarlane
4961,Miloš Karadaglić
4962,University of Dayton Jazz Ensemble
4963,Lionel Hampton
4964,Lee Burneson Middle School Jazz Ensemble
4965,Nacho Sotomayor
4966,Sony Holland
4967,Aaron Bingle
4968,Jools Holland & Paolo Nutini
4969,Tomasz Trzcinski
4970,Carl Herring
4971,"Will Thomson, Paul Mottram & Studio G"
4972,All-State Jazz Band
4973,Michael Pedicin Jr. feat. Carla Benson
4974,MENC Eastern 2009~All Eastern Honors Jazz Ensemble Mixed Choir & Dr. Paul Rardin
4975,Douglas Wood & Studio G
4976,Leo Watson
4977,Max Greger & His Orchestra
4978,Peter Nicholas & Studio G
4979,Marc Cary
4980,Bernhoft
4981,James Harpham & Studio G
4982,Harry Arnold
4983,The Terrell Company feat. Edgardo Cintron & John Swana
4984,Chill Out Suave
4985,TSO
4986,Vince Cross & Studio G
4987,Jon Cleary
4988,Northern Region M.S. Jazz Ensemble
4989,Connecticut Music Educators Association 2009 All State Jazz Band Chorus & Dr. André Thomas
4990,Kermit Ruffins & Rebirth Brass Band
4991,Jorma Kaukonen
4992,Steve Goodie
4993,Said Mrad
4994,1895 & Tucka
4995,Dean Sorenson & Fred Sturm
4996,Satofu
4997,John Morrison and Jacki Cooper
4998,Oriole
4999,Frank Sinatra & Nancy Sinatra
5000,Doris Day
5001,Joytastic Sarah
5002,"GBSN, TheDooo & Marcus Veltri"
5003,Natasja
5004,Angelina Jordan
5005,Kristian Lind
5006,Frank Sinatra & Tony Bennett
5007,Jose Carra
5008,LOW-KAI
5009,Olivia Ong
5010,The Cooltrane Quartet & Nenei
5011,Slakah the Beatchild
5012,The Contingents
5013,Lisa Ono
5014,Ray Conniff
5015,Jazz Liberatorz & Tre Hardson
5016,Alton Ellis
5017,Darya Dadvar
5018,Penguin Cafe Orchestra
5019,Illinois Brass Band
5020,Steve Tyrell
5021,Ana Caram
5022,EGO-WRAPPIN'
5023,Joey McIntyre
5024,Ajamu Akinyele
5025,Bebel Gilberto
5026,Grachan Moncur III
5027,Mireille Mathieu
5028,Frank Sinatra & Antônio Carlos Jobim
5029,Pablo Loaiza Trio
5030,Porter Wagoner
5031,Stanley Turrentine
5032,Lou Rawls
5033,Adrian Belew
5034,Christian McBride
5035,MENC National 2008 Einstein; Classical MS Festival Orchestra & Carrie Lane Gruselle
5036,Johnny Hates Jazz
5037,Mahoroba
5038,Jon Holden
5039,Moshae Beats
5040,Kenny Drew
5041,Cannonball Adderley Quintet
5042,Chinsaku
5043,Alex Britti
5044,Loredana Bertè
5045,Secret Mall
5046,Joshua Asante
5047,Itmos
5048,Alfredo Hechavarria
5049,Brad Mehldau & Charlie Haden
5050,Jimmy Smith
5051,Marcin Wasilewski Trio
5052,Franska Trion
5053,Charlie Haden & Brad Mehldau
5054,Moira Smiley & Voco
5055,Solvent
5056,"Roy Haynes, Phineas Newborn & Paul Chambers"
5057,Ike Quebec
5058,Björn Jason Lindh
5059,Candy Dulfer
5060,Candy Dulfer & Thomas Bank
5061,Count Basie
5062,Stars On 45
5063,Bobby Hutcherson
5064,The Greyboy Allstars
5065,Ströer Duo
5066,Joel Harrison & Norah Jones
5067,Japan Air Self-Defense Force Western Air Band & Hiroyuki Kayou
5068,Louis Smith
5069,Grant Green
5070,The Armadillo String Quartet
5071,Kawase Kohske
5072,Frank Foster
5073,Art Farmer
5074,"Peter Schickele, David Dusing & Michele Eaton"
5075,MENC Eastern 2007 Pennfield Middle School Jazz Band & David Orehowsky
5076,Bobby Lee
5077,T.C.S. vs. Level 42
5078,Victoria Tolstoy
5079,Jayce Johansen
5080,Pierre Galas
5081,Stan Kenton
5082,Current 93
5083,Huascar Barradas
5084,The Sacramento State Jazz Singers
5085,Diana Dors & The Wally Stott Orchestra
5086,Paola Petrosillo & Valerio Daniele
5087,Herbie Hancock
5088,All Northwest Honor Jazz Choir Jazz Band
5089,Jan Akkerman
5090,Lakota East High School Jazz Ensemble
5091,Nils Landgren & Rigmor Gustafsson
5092,Crowded House
5093,Mannheim Steamroller
5094,Portishead
5095,Stan Getz & João Gilberto
5096,Glenn Miller and His Orchestra
5097,Torrence Harris
5098,Johnny Gill
5099,Craymer & Aiivawn
5100,Buena Vista Social Club
5101,SkyeLite Jazz Band
5102,The Orb
5103,Les Baxter and His Orchestra
5104,Massive Attack & Tracey Thorn
5105,Glenn Miller
5106,The Whispers
5107,"Amy Winehouse, Jools Holland & Paul Weller"
5108,"Count Basie & Sammy Davis, Jr."
5109,PJ Morton
5110,US Air Force Airmen of Note
5111,The O.C. Supertones
5112,Steve Reich
5113,Frank Sinatra & Dean Martin
5114,Atsuki Yoshida Emo strings & Masaki Hayashi
5115,808Dummy
5116,"Sammy Davis, Jr."
5117,LFO
5118,Ohio MEA 2006 All State Jazz & Jeff Jarvis
5119,hype the kid
5120,"Leszek Możdżer, Lars Danielsson & Zohar Fresco"
5121,BBC Big Band Orchestra
5122,2006 Broadway Revival Cast
5123,budtender
5124,"Nat ""King"" Cole & Gregory Porter"
5125,Dave Koz
5126,Luna Negra XL
5127,Gerald Albright
5128,Angélique Kidjo
5129,Fresh Moods
5130,Elise Trouw
5131,Afrika Bambaataa & The Jazzy 5
5132,Richard Cheese
5133,Café del Mar
5134,Bill Henderson & Oscar Peterson Trio
5135,Sara Gazarek
5136,Piotr Michałowski
5137,The Cinematic Orchestra
5138,Michał Tokaj Trio
5139,Pink Freud
5140,Chromosomos
5141,Simple Acoustic Trio
5142,Jacek Kochan
5143,Paralaxa
5144,Boys Band Trio
5145,Wojciech Staroniewicz
5146,Rose Royce
5147,jmTrio
5148,Janusz Zdunek 5 Syfon
5149,Ecstasy Project Trio
5150,David Murray
5151,Yo Cisco Kidd
5152,Adam Pierończyk
5153,Jacek Pelc
5154,Grzegorz Karnas
5155,James Moody
5156,Klabbes Bank
5157,Robbie Williams
5158,"Andrew Lloyd Webber, ‘Jesus Christ Superstar’ 1996 London Cast & Steve Balsamo"
5159,Lalo Schifrin
5160,Rebirth Brass Band
5161,"‘Jesus Christ Superstar’ 1996 London Cast, Andrew Lloyd Webber & Zubin Varla"
5162,Frank McComb
5163,Bossa Nova Covers & Mats & My
5164,"‘Jesus Christ Superstar’ 1996 London Cast, Joanna Ampil & Andrew Lloyd Webber"
5165,"Medeski, Martin & Wood"
5166,Alice Cooper & Andrew Lloyd Webber
5167,Rasputina
5168,Madeleine Peyroux
5169,Rosa Passos & Ron Carter
5170,Sexual Music Collection
5171,The Dirty Dozen Brass Band
5172,"Charlie Haden, Pat Metheny, Jerry Douglas & Bruce Hornsby"
5173,Chihiro Yamanaka
5174,Eric Alexander & Vincent Herring
5175,Assassin
5176,Johnny Smith Trio
5177,Midnight Rhythms
5178,Percy Sledge
5179,Irma Thomas
5180,High Steppers Brass Band
5181,The 8-Bit Big Band
5182,Eddie Costa
5183,Corneille/Roelofs Trio
5184,Azymuth
5185,The Modern Jazz Quartet & Paul Desmond
5186,Phil Kelly
5187,Davell Crawford
5188,Professor Longhair
5189,Jazz Sextet of Rostov
5190,Streetwize
5191,Electro Deluxe
5192,John La Barbera Big Band
5193,smileysqueak
5194,Anne Mette Iversen
5195,Danny Kaye
5196,Lamont Johnson
5197,Rei Takagi
5198,Danny Kaye & Louis Armstrong
5199,Justin Martin
5200,Us3
5201,Jean-Claude Laudat
5202,New Lebanon Middle School Jazz Band & Ronald A. Nelson
5203,Louis Armstrong & Danny Kaye
5204,"Danny Kaye, Louis Armstrong & Susan Gordon"
5205,Louis Armstrong
5206,Soulive
5207,Sam Rivers
5208,Red Nichols & His Five Pennies
5209,Joe Pass
5210,Barbara Bel Geddes
5211,dZihan & Kamien
5212,DJ Mitsu The Beats
5213,Danny Kaye & Susan Gordon
5214,Larry Coryell & Powertrio
5215,Ryo Fukui
5216,Toshiko Akiyoshi
5217,Barbara Bel Geddes & Red Nichols & His Five Pennies
5218,Tim Hecker
5219,Leith Stevens and His Orchestra
5220,Danny Kaye & Leith Stevens and His Orchestra
5221,Coleman Hawkins and His Orchestra
5222,West Linn H. S. Jazz Band
5223,Bill Frisell
5224,Boner Machine
5225,Nighthawks
5226,Jazzyfact
5227,Truby Trio
5228,"Count Basie, Joe Williams & Sarah Vaughan"
5229,Freddie Hubbard
5230,Gerry Mulligan Quartet & Chet Baker
5231,New York Ska-Jazz Ensemble
5232,PUFFY
5233,Solid!
5234,Anders F. Rönnblom
5235,Soft Eyez
5236,Francis Coppieters
5237,SYMYN
5238,Tony Bennett & Bill Evans
5239,"Mack Wilberg, Orchestra at Temple Square & The Tabernacle Choir at Temple Square"
5240,Sonny Rollins
5241,Sun Ra
5242,Terje Isungset & Didier Petit
5243,Michel Camilo
5244,Karen Souza
5245,The Crusaders
5246,Carol Welsman
5247,Bill Evans & Tony Bennett
5248,about last night & Logic Da Beatman
5249,McCoy Tyner
5250,Force Of Nature
5251,Robin Jones
5252,Intelligent Jazz
5253,Blue Six
5254,Chano Domínguez
5255,Markus Johnson
5256,Fragile State
5257,Walter Payton's Gumbo File Band
5258,Mason Williams
5259,Mike Oldfield
5260,Andrew Hill
5261,Louis Prima
5262,Kirk Whalum
5263,Spilly Cave
5264,Shin Giwon
5265,Bebe Neuwirth & Chicago Ensemble (1996)
5266,Indian Opinion
5267,Keely Smith & Louis Prima
5268,Mustard Plug
5269,Oriana Filippozzi & Flavio Magoga
5270,Sam Butera & The Witnesses
5271,Fábio Jr.
5272,Overproof
5273,Della Reese
5274,"Oscar Peterson Trio, Oscar Peterson, Austin Roberts & Clarence Jones"
5275,Mark Generous
5276,Mandrill
5277,John Pizzarelli Trio
5278,Autechre
5279,Dave's True Story
5280,Assassin featuring Supernatural
5281,Keith Jarrett Trio
5282,Ute Lemper & Chicago Ensemble (London (1997))
5283,Gregory Porter & Samara Joy
5284,Horst Jankowski
5285,Hot Lips Page
5286,Mathias Haus Projekt
5287,The Soul Rebels
5288,Jagged Edge featuring Nelly
5289,Aphex Twin
5290,Groove Armada
5291,Tek9
5292,Maxwell Friedman Group
5293,Luiz Bonfa
5294,THANKQ
5295,U-Street All Stars
5296,Sérgio Mendes & Brasil '65
5297,J.J. Johnson
5298,The Count Basie Orchestra
5299,Marcus Johnson
5300,Badi Assad
5301,Fun-Da-Mental & Thievery Corporation
5302,Josiah KJ
5303,Pillowhead
5304,Fiona Burnett
5305,Javier Martínez Vallejos
5306,Bumboclap
5307,NILETTO
5308,Overture
5309,Burning Spear
5310,Unwrapped
5311,Tony Evans and His Orchestra
5312,Michalis Koubios & Theologos Grillis
5313,Atjazz
5314,Shorty Rogers
5315,Mettle Music
5316,Moose Harris
5317,Frank Black & The Catholics
5318,Old School Players
5319,Brigitte Bardot
5320,The Big Band Convention
5321,Artie Shaw and His Orchestra
5322,Eartha Kitt & Henri René
5323,Sælgætisgerðin
5324,Gregory Porter
5325,Sly5thAve
5326,Michel Sardou
5327,Fats Domino
5328,Airto & Deodato
5329,Chet Baker Quartet & Russ Freeman
5330,The Texas Tenors
5331,Norman Connors
5332,Carmen McRae
5333,"ASU Sun Devil Marching Band & Dr. Robert ""Coach"" Fleming"
5334,Kenny Barron
5335,Mr. Unusual
5336,Barry Harris Quintet
5337,Dick Sudhalter & Bill Rank & His Anglo-American Friends
5338,Dick Sudhalter & The Sioux City Seven
5339,Jeremy Pelt
5340,The Cal Tjader Trio
5341,Dennis Edwards
5342,GONTITI
5343,Les Brown
5344,Falling To The Pavement
5345,82nd Airborne All-American Chorus
5346,Tupperwave
5347,Cal Tjader
5348,Los Hombres Calientes
5349,The Cecil Holmes Soulful Sounds
5350,Dick Sudhalter & The New Paul Whiteman Orchestra
5351,Eartha Kitt & Shorty Rogers
5352,"Dick Sudhalter, Ben Aronov, Jim Ferguson & Howard Alden"
5353,Sounds of Red Bull
5354,Swedish Jazz Kings
5355,Joe Chindamo Trio
5356,Claire Martin
5357,Blues Before Sunrise
5358,Fiona Burnett Quartet
5359,Amos Lee
5360,Kevin Hunt's J.S. Bach Trio
5361,Lily Dior
5362,Alec Empire
5363,Bridie King & the Boogie Kings
5364,Freddy Cole
5365,Bob Barnard
5366,The Zawinul Syndicate
5367,Hughes-Robertson-Browne
5368,Kerri Simpson's Confessin' the Blues
5369,D'volv
5370,The Louisiana Shakers
5371,Tim Wilson Trio
5372,Fred Parkes
5373,Guy Strazzullo
5374,Mark Helias' Open Loose
5375,The New Wolverine Jazz Orchestra
5376,Harper
5377,Ish Ish
5378,Don Burrows
5379,Little Charlie & The Nightcats
5380,João Bosco & Vinicius
5381,Buika
5382,Umys
5383,Young Marav
5384,Magnus Lindgren Quartet
5385,Jamie Oehlers
5386,UNKLE
5387,Wanderlust
5388,George Scott
5389,Drawback Slim
5390,"Marty May, William O'Neal, Ray Middleton & Ethel Merman"
5391,The Society Syncopators
5392,Bondi Cigars
5393,Collard Greens & Gravy
5394,STEVE TALLIS
5395,"Mariano Cubel, José Luis Granell, Gonzalo Sempere & Luis Llario"
5396,Fats
5397,Antonello Venditti
5398,soraya
5399,e.s.t.
5400,1 Giant Leap featuring Robbie Williams & Maxi Jazz
5401,-M-
5402,Piero Piccioni
5403,Maria Rita
5404,Ramsey Lewis
5405,Machito
5406,Rick Braun
5407,89ine
5408,Fertile Ground
5409,Gabriele Mirabassi & Namaste Clarinet Quartet
5410,Miles Davis
5411,Nicola Conte
5412,is it sunday?
5413,Los Delinqüentes
5414,Tommy Emmanuel
5415,Artie Shaw and His Orchestra & Artie Shaw
5416,Ulver
5417,"Jack Wilkins, Howard Alden & Jimmy Bruno"
5418,Liu Huan
5419,MAYOMA JAZZ TRIO
5420,Warren Hill
5421,Jan Hammer
5422,"椎名林檎×SOIL&""PIMP""SESSIONS"
5423,Pat Metheny & Anna Maria Jopek
5424,Roberta Sá
5425,Marc Antoine
5426,Paul Beatty
5427,Artie Shaw & Artie Shaw and His Orchestra
5428,Galactic
5429,Cui Jian
5430,Clive Sweet & The ContraBand
5431,"Ray Brown, John Clayton & Christian McBride"
5432,Mao A Min
5433,Roy Ayers Ubiquity
5434,ENOK
5435,The Brand New Heavies
5436,Pukaroo
5437,毛宁
5438,Pol Buckingham
5439,Roy Ayers
5440,Trio of Doom
5441,Yang Yuying
5442,2000BLACK
5443,Moondog
5444,MTM
5445,Faze Action
5446,Tony Burgos & His Swing Shift Orchestra
5447,"Michael Landau, Jimmy Johnson & Toss Panos"
5448,Martinho da Vila
5449,Lao Lang
5450,Yan Wei Wen
5451,Coldcut
5452,Top$ide
5453,"Thought Gang, Angelo Badalamenti & David Lynch"
5454,Afterlife
5455,Guo Feng
5456,Scott Wilkie
5457,Dong Wenhua
5458,Jaga Jazzist
5459,Derby
5460,Jaco Pastorius
5461,Iam6teen
5462,Yoni Mayraz
5463,Keptor's Room
5464,Fazer
5465,Harry James and His Orchestra
5466,Ferb
5467,IIII
5468,Wolff & Clark Expedition
5469,Tom Misch
5470,Knick Smith
5471,minthaze
5472,James Taylor Quartet
5473,Keith Andrew
5474,Nulle & Verdensorkestret
5475,Benny Goodman and His Orchestra
5476,"Ronald Andersen, Olivier Franc & Finn Burich"
5477,René Franc & Olivier Franc
5478,Myles Vice
5479,Duke Ellington and His Famous Orchestra
5480,Tante Tillies Fodvarmere
5481,The Band Who Knew Too Much
5482,Søren Sørensen's Swingcats
5483,Phil Mason's New Orleans All Stars
5484,Paul Harrison International Band
5485,River Band
5486,David Helbock
5487,1999 WRITE THE FUTURE
5488,wait_in_gold
5489,Siw Malmkvist
5490,jschlatt
5491,Jazzkompagniet
5492,Michele Gori Quartet
5493,Norbert Susemihl's Arlington Annex
5494,Jazzin' Jacks
5495,daoud
5496,Peter Malick
5497,una schram
5498,Deborah Silver & The Count Basie Orchestra
5499,Wayne Shorter
5500,Latcho Drom
5501,Jazz Chill
5502,Reverend Chris
5503,Five Point Palm
5504,Duke Ellington & Duke Ellington and His Famous Orchestra
5505,Stardust
5506,Yellowjackets
5507,Jae Smoove
5508,Andrew Renfroe
5509,Vince Guaraldi & Bola Sete
5510,Moby
5511,Puerto Candelaria
5512,Leela James
5513,Armand Van Helden
5514,Ray Lyon
5515,Delerium
5516,Frankie Knuckles
5517,"Farley ""Jackmaster"" Funk & Jesse Saunders"
5518,John Carpenter
5519,Marshall Jefferson
5520,Moodymann
5521,Gooseworx
5522,Ray Charles & Diana Krall
5523,General Degree
5524,Yung Bony
5525,is it ?
5526,Bob James & David Sanborn
5527,Sadmethod
5528,Dee Dee Bridgewater
5529,Kim Waters
5530,Darude
5531,Super Lofi 64 & GameChops
5532,Cheryl Bentyne
5533,"Oscar Peterson, Ray Brown & Milt Jackson"
5534,Thelonious Monk & Gerry Mulligan
5535,Tania Maria
5536,Bishop Paul S. Morton
5537,Liz Mc Comb
5538,Bud Powell Trio
5539,Rebecca Luker
5540,Juliana Aquino
5541,The Phil Collins Big Band
5542,she
5543,Bigjus
5544,DJ-SUN
5545,Frutiger Aero & DREAM WRLD · VAPORWAVE
5546,natewavmusic
5547,Skye Hamilton-Carranza
5548,Memphis Slim
5549,Spectrum
5550,Peter O'Mara
5551,David Six
5552,BADJAZZ
5553,Freqno
5554,The Rippingtons
5555,Luna Negra & Ottmar Liebert
5556,JEREMY DOWER
5557,Ege Turev
5558,Lee Ritenour
5559,Joe Williams
5560,Spiritualized
5561,"Robert Shaw Chorale, Robert Arnold & RCA Victor Symphony Orchestra"
5562,Spyro Gyra
5563,Ömer Göksel
5564,Tete Montoliu
5565,Robert Shaw Chorale & RCA Victor Symphony Orchestra
5566,"Robert Shaw, RCA Victor Symphony Orchestra & Robert Shaw Chorale"
5567,"Robert Shaw Chorale, Al Chernet & RCA Victor Symphony Orchestra"
5568,Samwise & johto
5569,Sonic Boom
5570,Henry Jerome
5571,Nelson Riddle
5572,Robert Shaw Chorale & Robert Arnold
5573,"Grover Washington, Jr., Orchestra of St. Luke's, Robert Freedman, Billy Childs & Ron Carter"
5574,DaVinci's Notebook
5575,The Paul Butterfield Blues Band
5576,Helmut Zacharias
5577,Zakir Hussain & Sultan Khan
5578,Omer Goksel
5579,Chico Hamilton Quintet
5580,Wanda De Sah
5581,The Jazz Messengers
5582,The Ray Bryant Trio
5583,Henry Franklin & Miles Davis
5584,The Howard Roberts Quartet
5585,The Commodores
5586,Ray Brown & Milt Jackson
5587,DeBarge
5588,DJ Jubilee 1997
5589,Les McCann
5590,Jan Hammer Group
5591,ID
5592,Herb Alpert
5593,Bayete
5594,Tom Browne & Oliver Sain
5595,Lonnie Liston Smith
5596,Chet Baker & Russ Freeman
5597,Rob Brown
5598,"Harry ""Sweets"" Edison"
5599,Massed Bands of HM Royal Marines
5600,Dynasty
5601,Nathan & The Zydeco Cha-Chas
5602,Butch Morris
5603,Joe Jazz
5604,MXYXCK PLAYA
5605,STREET CULT & InVizzz
5606,bashful
5607,Mariachi Cobre
5608,Mark Lisath
5609,S E V
5610,Eyed.Uhhh
5611,"mp3player, Sarent & Beatmology"
5612,Martin Denny
5613,"Benny Goodman Trio, Benny Goodman, Teddy Wilson & Gene Krupa"
5614,Red Garland
5615,Ohio Players
5616,Benny Goodman Trio
5617,"Benny Goodman Quartet, Benny Goodman, Teddy Wilson, Gene Krupa & Lionel Hampton and His Orchestra"
5618,Benny Goodman
5619,Ray Brown
5620,Ray Brown Trio
5621,Fernando Martinez
5622,Kurt Rosenwinkel
5623,Keely Smith
5624,Gabriel Encinar
5625,Tony Guerrero
5626,Wayne Newton
5627,Kay Starr
5628,Bobby Darin
5629,Piano Magic
5630,The Manhattan Transfer
5631,Happy Apple
5632,Jim Hall
5633,Louis Prima & Keely Smith with Sam Butera & The Witnesses
5634,Benny Goodman and His Orchestra & Ella Fitzgerald
5635,Benny Goodman and His Orchestra & Helen Ward
5636,Główny Zawór Jazzu
5637,Yamandu Costa
5638,Louis Armstrong and His Hot Seven & Louis Armstrong
5639,Er. Jazz
5640,John Boutté & Doc Houlind All Stars
5641,David Benoit
5642,Jamaal Cody
5643,Natsukashi.
5644,GREAT & Graham dredd
5645,The Ray Gelato Giants
5646,David Benoit & Russ Freeman
5647,Neanders Jazzband
5648,Pauline Pearce & Big Mama Jazzband
5649,Abbey Lincoln
5650,Second Line Jazzband
5651,Swing Quartet Praha
5652,Josef Homola
5653,MÖHANAD
5654,Dølles Caféorkester
5655,Æ Bindstouw Jazz-Men
5656,Eric Dolphy & John Coltrane Quartet
5657,Renegade Soundwave
5658,Screaming Headless Torsos
5659,Ben Webster & Johnny Hodges
5660,Michael Brecker
5661,The Cluttertones & Lee Pui Ming
5662,bakcward
5663,DJ Temptation
5664,Jelly Roll Morton & His Red Hot Peppers
5665,Hans Knudsen Jump Band
5666,Ronald's Special Edition
5667,Larry Carlton & Lee Ritenour
5668,Bobby Short
5669,Louis Prima & The Witnesses
5670,Hosea Willa
5671,松岡 直也&ウィシング
5672,Gary Burton
5673,Bennie Green Quintet
5674,Rhythm II Rhythm
5675,Mario Grigorov
5676,Phil Mason & Christine Tyrell
5677,Bourbon Skiffle Group
5678,Sugar Boy Crawford
5679,Tak Shindo
5680,Kyunghoon Han
5681,DJ Harrison
5682,Trio Brubeck
5683,Al Grey
5684,Lionel Fortunato
5685,Forgotten Monuments
5686,"Julius Hemphill, Olu Dara, Abdul Wadud & Warren Smith"
5687,"Terence Blanchard, Carl Allen, Kenny Kirkland, Joe Henderson, Reginald Veal & J.A.C. Redford"
5688,New South Wales Police Band
5689,"Julius Hemphill, Baikida Carroll, Alex Cline & Abdul Wadud"
5690,Stéphane Grappelli
5691,Gumble
5692,Kenny Rankin
5693,Blackjesus Yoshua
5694,Pharoah Sanders
5695,Shirley Scott & Stanley Turrentine
5696,Johnny Hodges & Ben Webster
5697,Charles Tolliver
5698,Archie Shepp
5699,"Beyond Moments, Lil Gromit & Cali Soul"
5700,Triple Tea
5701,Marius Neset
5702,Anna Webber
5703,Sin
5704,Charles Brown
5705,John David Black
5706,Dizzy Gillespie
5707,Paolino Dalla Porta & Fabrizio Bosso Quintet
5708,Don Wilkerson
5709,Bluedoom
5710,Fania All-Stars
5711,Max Graef
5712,Los Skarnales
5713,Doc Powell
5714,Julien Tassin & Heikki Ruokangas
5715,Frank Sinatra & Tommy Dorsey
5716,ChasBeats
5717,Bucareli Nu Jazz
5718,Maynard Ferguson
5719,Shirley Scott
5720,Tony Bennett & Elvis Costello
5721,"Al Di Meola, Jean-Luc Ponty & Stanley Clarke"
5722,Bocaj_
5723,Dizzy Gillespie & Johnny Hartman
5724,European Jazz Trio
5725,Ettore Martin Quartet
5726,Lavori in Corso Group
5727,Pat Metheny & Antônio Carlos Jobim
5728,Xpanda
5729,Rachel2k
5730,"J.J. Johnson, Carnegie Hall Jazz Band & Dee Dee Bridgewater"
5731,Mal Waldron
5732,"Teddy Hill & His NBC Orchestra, Teddy Hill & Dizzy Gillespie"
5733,"Antônio Carlos Jobim, Pat Metheny & Joe Henderson"
5734,Big Maybelle
5735,"Roy Hargrove, Jackie McLean, Pat Metheny, Stephen Scott, Christian McBride & Al Foster"
5736,"Art Porter, Jeff Lorber, Bruce Hornsby, Tom Barney, Omar Hakim & Don Alias"
5737,Thelonious Monk
5738,"Peter Delano, Christian McBride & Kenny Washington"
5739,"Betty Carter, Roy Hargrove, Hank Jones, Christian McBride & Al Foster"
5740,"Abbey Lincoln, J.J. Johnson, Hank Jones, Charlie Haden & Al Foster"
5741,"Lionel Hampton and His Orchestra, Lionel Hampton & Dizzy Gillespie"
5742,Dizzy Gillespie and His Orchestra
5743,"J.J. Johnson, Joe Henderson, Kenny Burrell, Herbie Hancock, Ray Brown, Kenny Washington, Vanessa Williams & Carnegie Hall Jazz Band"
5744,Don Byas's Swig Seven & Albinia Jones
5745,Blank Theatre Company
5746,Malo
5747,"Roy Hargrove, J.J. Johnson, Jackie McLean, Joe Henderson, Kenny Burrell, Herbie Hancock, Hank Jones, Ray Brown, Christian McBride, Kenny Washington, Dee Dee Bridgewater, Betty Carter & Vanessa Williams"
5748,"Roy Hargrove, Steve Turre & Carnegie Hall Jazz Band"
5749,Billy Eckstine
5750,T-SQUARE
5751,Frank Sinatra & The Pied Pipers
5752,Liz Story
5753,"Johnny ""Guitar"" Watson"
5754,The Johnny 'Guitar' Watson Band
5755,Mad Keys
5756,Pax
5757,Théo Girard Trio
5758,Théo Girard
5759,Claire Lyrics
5760,baby.murcielaga & $edji
5761,Alex Faldin
5762,Helgi Jonsson
5763,Dina Ramírez
5764,Italian Groove Collective
5765,Dave Brubeck
5766,Round Two
5767,Remi Mazet
5768,Bing Crosby & John Scott Trotter and His Orchestra
5769,Omar Sosa & Seckou Keita
5770,josicu
5771,CiscoTheProducer Beats
5772,Mockus
5773,The Eddie Higgins Trio
5774,Hi-Tek
5775,Jazz Defektors
5776,Theatre West & Black Fire
5777,Marian McPartland
5778,Silvania
5779,Shirley Horn
5780,David P. Stevens
5781,Tommy Flanagan
5782,Anthony Braxton
5783,Experience Unlimited & Black Fire
5784,Tommy Flanagan & Hank Jones
5785,Laika
5786,DJ RedHanded
5787,LambChopped Beats
5788,M0TH!
5789,Digable Planets
5790,Oneness of Juju & Black Fire
5791,Bing Crosby & Morris Stoloff and His Orchestra
5792,John Lewis & Hank Jones
5793,Byard Lancaster & Black Fire
5794,Don Pullen
5795,Lofi Quality Content
5796,Slide Hampton
5797,Bill Charlap Trio
5798,JUJU & Black Fire
5799,Nicolai Gromin & Doug Raney
5800,Wayne Davis & Black Fire
5801,Lon Moshe & Black Fire
5802,Andy Prieboy
5803,Southern Energy Ensemble & Black Fire
5804,Okyerema Asante & Black Fire
5805,Lionel Hampton and His Orchestra
5806,Danny Adler
5807,Billy Dean
5808,Jelly Roll Morton & His Red Hot Peppers & Jelly Roll Morton
5809,Butcher Brown
5810,Jazz
5811,Badawi
5812,Abomination Oner
5813,Rami Lee
5814,Gregory Hines
5815,Robert Preston
5816,Alan Goldsher
5817,Overko
5818,Florian Ross
5819,Blaine Brownell
5820,Lisa Kirk
5821,Orchestra & Donald Pippin
5822,Gregory Hines & Stanley Wayne Mathis
5823,X-Press 2
5824,İslam Şirvani
5825,Stanley Simmonds
5826,Gordon MacRae
5827,Joe Williams & The Count Basie Orchestra
5828,Michael Gassmann 4tet
5829,George Shearing
5830,"Chaka Khan, Stanley Clarke, Chick Corea, Joe Henderson, Freddie Hubbard & Lenny White"
5831,Kurt Rosenwinkel & Scott Kinsey
5832,John Raitt & Mary Martin
5833,Benny Goodman Orchestra
5834,Betty Hutton
5835,"Jimmy Forrest, Oliver Nelson & King Curtis"
5836,Travelin' Light
5837,Buddy Collette
5838,Dinah Shore
5839,Spike Jones & His City Slickers
5840,The Four Freshmen
5841,Dick Haymes
5842,Juntos para Siempre Club
5843,Kasper Agnas
5844,Johnny Mercer
5845,Patti Austin
5846,Zakir Hussain
5847,Stereo MC's
5848,George and Ira Gershwin
5849,Peggy Lee & Benny Carter
5850,"Jimmy Forrest, King Curtis & Oliver Nelson"
5851,Louis Jordan And His Tympany Five
5852,Sue Raney
5853,Margaret Whiting & The Pied Pipers
5854,"Wynton Marsalis, Orchestra of St. Luke's & Wynton Marsalis Septet"
5855,"Kathleen Battle, Frederica von Stade, André Previn, James Saporito, Wynton Marsalis & Tony Falanga"
5856,Rachelle Ferrell
5857,Mark Turner
5858,Iftin Band
5859,Camarón de la Isla & Tomatito
5860,Stas Koroliov
5861,Marco de Vita
5862,Xan Campos Trio
5863,Tom Browne
5864,Stan Getz & Kenny Barron
5865,Стас Корольов
5866,"André Previn, Mundell Lowe & Ray Brown"
5867,Wynton Marsalis & Wynton Marsalis Septet
5868,Wynton Marsalis Septet
5869,Bernardo Baraj Quinteto
5870,Eddie Bo & Chris Barber
5871,Al Di Meola
5872,The Saturdays
5873,Prestige All Stars
5874,Charlie
5875,"Kathleen Battle, Wynton Marsalis Septet & Wynton Marsalis"
5876,The Lounge Lizards
5877,"Stéphane Grappelli, Jean-Phillipe Viret & Marc Fosset"
5878,Anthony Braxton Quartet
5879,berj
5880,OMAR
5881,Sun Ra and His Arkestra
5882,Kevin Yost
5883,"Bill Frisell, Kermit Driscoll & Joey Baron"
5884,112
5885,Habstrakt
5886,Queen Latifah
5887,Galliano
5888,The Lost Fingers
5889,Jonathan Butler
5890,Juan Pedro Organ Trio
5891,"Paco de Lucía, Al Di Meola & John McLaughlin"
5892,Tommy Dorsey and His Orchestra
5893,Dionne Warwick
5894,The Herbaliser
5895,DJ Motive
5896,Paulinho da Viola
5897,Jordin Sparks & Elijah Blake
5898,Grupo Raça
5899,Gil Scott-Heron
5900,The Ghost Rider Orchestra
5901,CrazyJaZz
5902,Count Basie & Tony Bennett
5903,Jimmy Witherspoon
5904,Jim Hall & Charlie Haden
5905,Eric Muhler Trio
5906,Louis Armstrong & Duke Ellington
5907,Sonny Criss
5908,DJ Sid - The Apocalypze
5909,GusGus
5910,Larry Carlton
5911,Beat Monstarrs
5912,Manasseh
5913,Artie Shaw and His Orchestra & Lena Horne
5914,Future 3
5915,Roberto Moretto
5916,Hurzato
5917,Jorge Ben Jor
5918,Dionne Warwick & Jeffrey Osborne
5919,Threejay
5920,Willie´s Groove
5921,Jelly Roll Morton & Johnny Dodds
5922,"ciri, Sebastian Abt & Mariano Promet"
5923,Enrico Pieranunzi & Marc Johnson
5924,Cut 'n' Move
5925,Cassita
5926,THE SQUARE
5927,Isadar
5928,Bo Kaspers Orkester
5929,ザ・ブルー・ルバートス
5930,Randy Waldman
5931,Al B. Sure!
5932,Kamaal Williams
5933,Urban Soul
5934,Neal Hefti and His Orchestra
5935,5Eleven Entertainment
5936,"Jan Lundgren, Emile Parisien & Lars Danielsson"
5937,Lo Fidelity Club & New York Jazz Lounge
5938,Ross McHenry
5939,Fulano
5940,Regina Belle
5941,Public Enemy
5942,Ryan McGillicuddy
5943,Marcelo Soler
5944,Seigen Ono
5945,Don-J HH
5946,TaKio
5947,Duski
5948,Gratien Midonet
5949,George Haslam & Paul Rutherford
5950,Kimbü
5951,Blood Soul Beats
5952,Naked City
5953,5prite
5954,Instrumental Jazz and Chill
5955,Sammy Veins
5956,Ivan W Taylor
5957,A Tribute To
5958,Orchestra
5959,Gabriel Johnson
5960,Monica Zetterlund
5961,Franco & Le T.P.O.K. Jazz
5962,grande1899
5963,David McCallum
5964,Horace Silver
5965,Garik Sukachev & Brigada C
5966,Dead & Company
5967,daigoro789
5968,Modern Jazz
5969,VANITAS命死
5970,"The Red Garland Trio & Eddie ""Lockjaw"" Davis"
5971,Kenny Davern & Bob Wilber
5972,Phineas Newborn Jr.
5973,Black and Blue
5974,Gas-Lab & Traum Diggs
5975,Youandewan
5976,Paolo Nonnis Big Jazz Band
5977,Neil Diamond
5978,Knxwledge
5979,Chalky
5980,Dave McMurray
5981,Tom Ford
5982,Florian Ross & WDR Big Band
5983,Mário Rui Silva
5984,"Michel Petrucciani, Gary Peacock & Roy Haynes"
5985,"Franco, Simaro, Jolie Detta & Le T.P.O.K. Jazz"
5986,Malo Mazurié
5987,Pat Metheny
5988,Sidony Box
5989,Matthew Z. Babineaux
5990,Peabo Bryson & Roberta Flack
5991,"Robert Shaw, Judith Raskin, Florence Kopleff, Richard Lewis, Thomas Paul, Robert Conant, Robert Arnold, Robert Shaw Orchestra, Robert Shaw Chorale & Robert Shaw Chorale and Orchestra"
5992,Antelodic
5993,"Atlanta Symphony Orchestra Chorus, Atlanta Symphony Orchestra & Robert Shaw"
5994,"Robert Shaw, Judith Raskin, Florence Kopleff, Richard Lewis, Thomas Paul, Robert Conant, Robert Arnold, Robert Shaw Orchestra, Robert Shaw Chorale and Orchestra & Robert Shaw Chorale"
5995,"Margaret Marshall, John Eliot Gardiner & English Baroque Soloists"
5996,"Robert Shaw, Judith Raskin, Florence Kopleff, Richard Lewis, Thomas Paul, Robert Conant, Robert Arnold, Robert Shaw Chorale and Orchestra, Robert Shaw Orchestra & Robert Shaw Chorale"
5997,"Robert Shaw, Judith Raskin, Florence Kopleff, Richard Lewis, Thomas Paul, Robert Conant, Robert Arnold, Robert Shaw Chorale, Robert Shaw Orchestra & Robert Shaw Chorale and Orchestra"
5998,Ethio Stars
5999,"Royal Philharmonic Orchestra, The Jonathan Griffith Singers, National Youth Choir of Great Britain & Jonathan Griffith"
6000,"Robert Shaw, Judith Raskin, Florence Kopleff, Richard Lewis, Thomas Paul, Robert Conant, Robert Arnold, Robert Shaw Chorale, Robert Shaw Chorale and Orchestra & Robert Shaw Orchestra"
6001,Paolo Conte
6002,"Monteverdi Choir, John Eliot Gardiner & English Baroque Soloists"
6003,SHAKATAK
6004,Jelly Roll Morton
6005,"Robert Shaw, Judith Raskin, Florence Kopleff, Richard Lewis, Thomas Paul, Robert Conant, Robert Arnold, Robert Shaw Chorale and Orchestra, Robert Shaw Chorale & Robert Shaw Orchestra"
6006,Dejàn
6007,"Catherine Robbin, John Eliot Gardiner, Monteverdi Choir & English Baroque Soloists"
6008,The Spelding's Jazz Orchestra
6009,Charlie Rouse
6010,"Catherine Robbin, John Eliot Gardiner, English Baroque Soloists & Margaret Marshall"
6011,Emily Sage & 1988
6012,"Anthony Rolfe Johnson, John Eliot Gardiner & English Baroque Soloists"
6013,"Robert Hale, John Eliot Gardiner & English Baroque Soloists"
6014,Concentus Musicus Wien & Nikolaus Harnoncourt
6015,"James Galway, John Georgiadis & Munich Radio Orchestra"
6016,"Charles Brett, John Eliot Gardiner & English Baroque Soloists"
6017,Royal Philharmonic Orchestra & Frank Shipway
6018,"Saul Quirke, John Eliot Gardiner, Monteverdi Choir & English Baroque Soloists"
6019,Frank Shipway & Royal Philharmonic Orchestra
6020,Brian Blade & The Fellowship Band
6021,Emily Sage
6022,Reggie Parker
6023,Weldon & The Poets & Weldon Irvine
6024,lee (asano+ryuhei)
6025,From P60
6026,Raybeatzcom
6027,Carmen McRae & Betty Carter
6028,Brian Bromberg
6029,Josh Andres Music Library
6030,Orkestrion
6031,PaPa Bass
6032,Máxico
6033,Bruno Tommaso
6034,Two Witches
6035,"Anthony Braxton, Buell Neidlinger, Billy Osborne & Mal Waldron"
6036,Russian Philharmonic Orchestra & Sergei Skripka
6037,Prince Nico Mbarga & Rocafil Jazz
6038,Cassandra Wilson & Jacky Terrasson
6039,"Doug Raney, Ben Besiakov, Jesper Lundgaard & Jukkis Uotila"
6040,Ken Okada Group & YOYOKA
6041,Ely Bruna
6042,45 Riots
6043,Ricky the weirdo.
6044,The Jazz Butcher
6045,Oscar Peterson Trio & The Singers Unlimited
6046,Kevin A Knowles
6047,Gerty Sedlmayr
6048,"Daryl Jones, Michael Brecker, Mike Mainieri, Mike Stern, Steps Ahead & Steve Smith"
6049,Blue Connection
6050,Otis Rush
6051,DJ Jazzy Jeff
6052,Bundle of Hiss
6053,Jun Fukamachi
6054,Woody Herman
6055,Marlena Shaw
6056,Gal Costa & Antônio Carlos Jobim
6057,Nowell Sing We Clear
6058,Empire Brass Quintet
6059,Itzhak Perlman & André Previn
6060,Michel Portal
6061,Circuit Kisser
6062,Macy Gray
6063,Kevin Brunkhorst
6064,Rebecca Pidgeon
6065,Starfish
6066,Mike Westbrook
6067,Cedar Walton
6068,Calamity Jane
6069,Vampire Lezbos
6070,Buddy Rich
6071,Hitting Birth
6072,Rose Passos & Ron Carter
6073,NUBBIN
6074,The Gil Evans Orchestra
6075,KILL SYBIL
6076,Marilyn Crispell
6077,Paquito D'Rivera
6078,Dizzy Gillespie & Arturo Sandoval
6079,Jeremy Cunningham
6080,Robyn Adele Anderson
6081,fushou. & Senojem
6082,Michael Lowenstern
6083,Slick Krugers
6084,Tom Diesel
6085,LOFI TRIBE
6086,John Goodman
6087,Bill Bruford
6088,Miles Davis & J.J. Johnson
6089,Sam Mangwana & Le T.P.O.K. Jazz
6090,Tri-Logic 拆邏輯樂團
6091,Mystery School
6092,Dirty Fingerz
6093,Michel Petrucciani
6094,Wayne Krantz
6095,Claude Nougaro
6096,Joe Henderson
6097,Hidden Spheres
6098,Casiopea
6099,LEE ERWIN
6100,Naoya Matsuoka
6101,"Benny Golson, Eddie ""Lockjaw"" Davis, Gerryck King, Jerry Peters, Joe Williams, John Heard, Norman Simmons & Thad Jones"
6102,Le T.P.O.K. Jazz & Franco
6103,Working Week
6104,Jake Reed
6105,"b e r t h, silentsoul & Patiotic Records"
6106,Sun Ra & His Interplanetary Vocal Arkestra
6107,Yusef Lateef
6108,Olivia Dean
6109,The RAH Band
6110,Josh Evans
6111,Leslie Johnson
6112,Lindsey Webster
6113,"Dom Salvador, Duduka da Fonseca & Rogério Botter Maio"
6114,Albert King & Stevie Ray Vaughan
6115,Marriage Material
6116,Cinzia Bavelloni
6117,Hiroshi Suzuki
6118,Steve Kim
6119,Kameleon Beats
6120,"Louis Unseen, Deeflux & Millennium Jazz Music"
6121,The Rah Band
6122,Anton Chekurov
6123,Superglue
6124,Keishi Matsumoto
6125,Dave Loew
6126,André Matos
6127,Delvon Lamarr Organ Trio
6128,Christopher Martin
6129,Daniel Erdmann & Christophe Marguet
6130,Miguel Tarzia
6131,Eva Cassidy
6132,Turning Point
6133,Michon Young
6134,Jennifer Warnes
6135,Canen
6136,Soul Media
6137,Ray Djaarx
6138,Jestin Jay Trio
6139,José James
6140,Jabula
6141,Melody Gardot
6142,EHA
6143,Patrice Rushen
6144,Ken Ford
6145,Kara-Lis Coverdale
6146,George White Group
6147,Eve St. Jones
6148,Nelson Cascais
6149,Allan Holdsworth
6150,Shooting Moons Collective
6151,Rio Branco
6152,Roberto Burgos
6153,Kiyoshi Sugimoto
6154,Nikka Costa
6155,Dave Brubeck & The Dave Brubeck Quartet
6156,Eiji Nakayama
6157,Malombo Jazz Makers
6158,Alexey Kozlov
6159,Takeo Moriyama
6160,Lenny Breau
6161,Tadaaki Misago & TOKYO CUBAN BOYS
6162,Count Buffalo & The Jazz Rock Band
6163,Toshiyuki Miyama & The New Herd
6164,Chick Corea Trio
6165,Koichi Matsukaze Trio
6166,Shintaro Quintet
6167,Jiro Inagaki & Soul Media
6168,"Ed Blackwell, Anthony Braxton, Marilyn Crispell, Anthony Davis, Mark Helias, Aleta Heyes & John Lindberg"
6169,Tohru Aizawa Quartet
6170,Masahiko Togashi
6171,Na Leo Pilimehana
6172,Takao Uematsu
6173,Ray Hamilton Orchestra
6174,Malombo Jazz Men
6175,John Harle
6176,John Harle & The John Harle Band
6177,Nicholas Payton
6178,Tracy Scott Silverman
6179,Nguyên Lê
6180,"Geri Allen, Scott Batson & MarkBatson"
6181,The October Trio
6182,Mina Agossi
6183,Copus
6184,Electric Lady Big Band
6185,Ryo Kawasaki
6186,Aster Aweke
6187,Pinguin Moschner & Joe Sachse
6188,Bae Kuang
6189,Mose Allison
6190,The Bad Plus
6191,John Harle & The Berliner Band
6192,Dave Grusin
6193,Maurice
6194,Louis Armstrong & Sy Oliver
6195,Scott Hamilton
6196,Steps Ahead
6197,My One and Only
6198,Weather Report
6199,Makoto Terashita & Harold Land
6200,Richard Rodgers
6201,"Hank Jones, Mads Vinding & Shelly Manne"
6202,Vijana Jazz Band
6203,Return to Forever
6204,Patrick Saussois & Ninine Garcia and Friends
6205,Turtle Island Quartet
6206,Charles Lloyd Quartet
6207,Hideto Sasaki & Toshiyuki Sekine Quartet + 1
6208,Richard Rodgers & Orchestra of On Your Toes
6209,Louis Armstrong & Sy Oliver and His Orchestra
6210,Miyasaka Takashi Quintet
6211,Louis Armstrong & Velma Middleton
6212,Miyasaka + 5
6213,"Eddie ""Lockjaw"" Davis, Harry Edison & Al Grey"
6214,Analog Spaceships
6215,Hara Noda
6216,"Andrea McArdle & The Orphans from the Original Motion Picture Soundtrack of ""Annie"""
6217,Bob James
6218,Mellow Keys & Lofi Alumni
6219,The Stylistics
6220,Jaco Pastorius Big Band
6221,Teddy Pendergrass & Stephanie Mills
6222,Bush Tetras
6223,The Contortions
6224,Bob James & Earl Klugh
6225,Coryeal Trevino The Musical Poet
6226,Mars
6227,Dinosaur L
6228,Konk
6229,Blo
6230,The Dance
6231,The Sons of Champlin
6232,Material
6233,James Booker
6234,Le Grand Kalle & African Jazz
6235,Alan Vega
6236,Theoretical Girls
6237,Keith Lyn & Ken Lazarus
6238,The Newton Brothers
6239,Chain Gang
6240,Oneness of Juju
6241,DJ CZA
6242,Michael Hedges
6243,Eric Monty Morris
6244,Dave Grusin & Lee Ritenour
6245,Lizzy Mercier Descloux
6246,"Francois Luambo Makiadi, Camille Feruzi & O.K. Jazz"
6247,Renato Carosone
6248,JUJU
6249,impLOG
6250,Alex de Grassi
6251,Aftershock
6252,"Le Grand Kalle, Brazzo, Nicolas Kasanda wa Mikalay, Roger Iziedi, Vicky Longomba & African Jazz"
6253,Arto / Neto
6254,Bill Williams & Billeo
6255,1982
6256,Lolo et L'Orchestre O.K. Jazz
6257,Okyerema Asante
6258,Francois Luambo Makiadi & O.K. Jazz
6259,James Farm
6260,Maranatha! Praise Band
6261,İlhan Erşahin
6262,Gwilym Simcock
6263,Marcin Nowakowski
6264,Toru Ogawa
6265,"Bill Laswell, Sonny Sharrock, Derek Bailey, Fred Frith & John Zorn"
6266,Les Gypsies de Petion-Ville
6267,Dao
6268,Frank Zappa
6269,LOMO
6270,"Laurence Cook, Bill Dixon, Mario Pavone & Alan Silva"
6271,Super Jazz Des Jeunes
6272,Selekta Ka
6273,Zotobré
6274,Rodrigue Milien Et Son Groupe Combite Creole
6275,Nemours Jean Baptiste
6276,Les Loups Noirs
6277,Tabou Combo
6278,Takashi Mizuhashi & Herbie Hancock
6279,Ensemble Webert Sicot
6280,Coupé Cloué et Trio Select
6281,The Crusaders featuring B.B. King
6282,Ibo Combo
6283,Shupa Shupa
6284,Ensemble Etoile Du Soir
6285,Les Pachas Du Canapé Vert
6286,L’Orchestre de la Radio Nationale D’Haiti
6287,Chanel 10
6288,Abdullah Ibrahim
6289,Super Choucoune 70
6290,Mal Waldron & Steve Lacy
6291,Eugene Chadbourne & John Zorn
6292,Emboule Jean-Claude & Louison Gerome et Le Groupe Kako
6293,Paco de Lucía
6294,Emma Jackson
6295,Yannick Nézet-Séguin & Vienna Philharmonic
6296,Franz Welser-Möst & Vienna Philharmonic
6297,Saito Kinen Orchestra & John Williams
6298,Claire-Marie Le Guay
6299,"Grace Davidson, Max Richter, Ben Russell, Yuki Numata Resnick, Caleb Burhans, Clarice Jensen & Brian Snow"
6300,Northern Dreams
6301,Jean-Guihen Queyras
6302,Jeonghwan Kim
6303,Matan Porat
6304,Abdel Rahman El Bacha
6305,Jonas Vitaud
6306,"Max Richter, Daniel Hope, Raphael Alpermann, Konzerthaus Kammerorchester Berlin & André de Ridder"
6307,Boris Berezovsky & Evgeny Svetlanov Russian State Symphony Orchestra
6308,Jean-Baptiste Doulcet
6309,David Kadouch
6310,Manoel Felciano & Parade Cast
6311,Association of Texas Small School Bands Region 8 East Zone Middle School Symphonic Band
6312,"The Tabernacle Choir at Temple Square, Orchestra at Temple Square & Craig Jessop"
6313,Martin Kohlstedt
6314,Sleeping At Last
6315,Georges Prêtre & Royal Philharmonic Orchestra
6316,The Chamber Orchestra of London & Andrew Skeet
6317,NDR Radiophilharmonie & Friederike Starkloff
6318,Ryuichi Sakamoto
6319,LoFi Hip Hop
6320,"Eugene Ormandy, The Tabernacle Choir at Temple Square & The Philadelphia Orchestra"
6321,"Yannick Nézet-Séguin, Vienna Philharmonic & Elīna Garanča"
6322,Chilled Pig
6323,Saito Kinen Orchestra & Stéphane Denève
6324,Eric Gilmour
6325,Ghibli BGM
6326,"Andrew Lloyd Webber & ""The Phantom Of The Opera"" 2023 Broadway Cast"
6327,RIOPY
6328,Sergio Mendivil Y Sus Huellas
6329,Geister Duo
6330,"London Symphony Chorus, The Bach Choir, Highgate School Choir, Melos Ensemble, Simon Preston, London Symphony Orchestra & Benjamin Britten"
6331,Tony Ann
6332,Nick Phoenix & Two Steps From Hell
6333,"Jeffrey Siegel, St. Louis Symphony Orchestra & Leonard Slatkin"
6334,Wolfgang Schneiderhan & Walter Klien
6335,Manami Suzuki
6336,2023 FMEA All-State 11/12 Symphonic Band & Emily Threinen
6337,Masaharu Kambara
6338,Rodolphe Menguy
6339,I Fagiolini & Robert Hollingworth
6340,"Abbey Simon, St. Louis Symphony Orchestra & Leonard Slatkin"
6341,Coastal Communities Concert Band
6342,Texas Music Educators Association Region 5 Middle School and Junior High Philharmonic Orchestra
6343,John Sawoski
6344,"Dietrich Fischer-Dieskau, Sir Peter Pears, Highgate School Choir, London Symphony Chorus, The Bach Choir, Simon Preston, Melos Ensemble, London Symphony Orchestra & Benjamin Britten"
6345,"Beckenhorst Singers, Dan Forrest & Craig Courtney"
6346,Luis Fernando Pérez
6347,"Sir Peter Pears, Melos Ensemble, The Bach Choir, London Symphony Chorus, London Symphony Orchestra & Benjamin Britten"
6348,Moa Beck
6349,Association of Texas Small School Bands Region 8 High School Symphonic Band
6350,"Dietrich Fischer-Dieskau, Sir Peter Pears, Galina Vishnevskaya, Highgate School Choir, Simon Preston, London Symphony Chorus, The Bach Choir, Melos Ensemble, London Symphony Orchestra & Benjamin Britten"
6351,Baby Lullaby Academy
6352,"London Symphony Chorus, The Bach Choir, London Symphony Orchestra & Benjamin Britten"
6353,Xuefei Yang
6354,MCPS Senior All-County Orchestra
6355,Lights & Motion
6356,Milford High School Concert Band
6357,"Franz Welser-Möst, Vienna Philharmonic, Vienna Boys' Choir & Wiener Chormädchen"
6358,Maki Namekawa
6359,Stephan Moccio
6360,"Plácido Domingo, Dimash Qudaibergen, Tibor Boganyi & Pannon Philharmonic Orchestra"
6361,Celtic Woman
6362,"Hida-Takayama Virtuoso Orchestra, Eiji Arai & Junichi Mori"
6363,"Dietrich Fischer-Dieskau, Melos Ensemble & Benjamin Britten"
6364,Lullaby Piano
6365,Hirofumi Kurita & Tokyo Philharmonic Orchestra
6366,"Galina Vishnevskaya, London Symphony Chorus, The Bach Choir, London Symphony Orchestra & Benjamin Britten"
6367,Hans Zimmer
6368,Carmen Twillie & Lebo M
6369,Dan Stevens
6370,Ed Sheeran & Andrea Bocelli
6371,"Emma Watson, Luke Evans & Ensemble - Beauty and the Beast"
6372,"Joseph Williams, Sally Dworsky, Nathan Lane, Ernie Sabella & Kristle Edwards"
6373,"Leslie Odom, Jr. & Lin-Manuel Miranda"
6374,Dom La Nena
6375,Céline Dion & Peabo Bryson
6376,"Paige O'Hara, RICHARD WHITE/JESSE CORTI & The Chorus of Beauty and the Beast"
6377,"Josh Gad, Luke Evans & Ensemble - Beauty and the Beast"
6378,Julie Andrews
6379,Emma Thompson
6380,Robin Alciatore
6381,"Julie Andrews, Nicholas Hammond, Debbie Turner, Duane Chase, Heather Menzies, Angela Cartwright, Kym Karath & Charmian Carr"
6382,Mariinsky Orchestra & Valery Gergiev
6383,Armando Trovajoli
6384,Danny Elfman
6385,Hildur Guðnadóttir
6386,"Audra McDonald, Emma Thompson & Ensemble - Beauty and the Beast"
6387,Ludwig Göransson
6388,Alice Merton
6389,Charmian Carr & Dan Truhitte
6390,"Charmain Carr, Angela Cartwright, Duane Chase, Nicholas Hammond, Kym Karath, Heather Menzies & Debbie Turner"
6391,"Julie Andrews, Charmian Carr, Heather Menzies, Nicholas Hammond, Duane Chase, Angela Cartwright, Debbie Turner & Kym Karath"
6392,"Julie Andrews, Bill Lee, Charmian Carr, Angela Cartwright, Duane Chase, Nicholas Hammond, Kym Karath, Heather Menzies & Debbie Turner"
6393,"Charmain Carr, Heather Menzies, Nicholas Hammond, Duane Chase, Angela Cartwright, Debbie Turner, Kym Karath & Bill Lee"
6394,Randall Goosby & Carlos Simon
6395,"Lorne Balfe, Harold Faltermeyer, Lady Gaga & Hans Zimmer"
6396,"Rick Moranis, Ellen Greene, Michelle Weeks, Tichina Arnold & Tisha Campbell"
6397,"Yunchan Lim, Fort Worth Symphony Orchestra & Marin Alsop"
6398,London Philharmonic Orchestra & David Parry
6399,"Evadne Baker, Anna Lee, Portia Nelson & Marni Nixon"
6400,Iggy Azalea
6401,"Michelle Weeks, Tisha Campbell, Tichina Arnold, Ellen Greene & Rick Moranis"
6402,"The Tabernacle Choir at Temple Square, The Philadelphia Brass Ensemble & Percussion, Alexander Schreiner & Richard P. Condie"
6403,"Gautier Capuçon, Vienna Philharmonic & Andris Nelsons"
6404,Irwin Kostal & Julie Andrews
6405,Chad Lawson
6406,Royal Philharmonic Orchestra & David Maninov
6407,Peggy Wood
6408,Purity Ring
6409,"Levi Stubbs, Rick Moranis, Michelle Weeks, Tichina Arnold & Tisha Campbell"
6410,Glåsbird
6411,"Steve Martin, Michelle Weeks, Tichina Arnold & Tisha Campbell"
6412,Colm Wilkinson
6413,Original Broadway Cast of Into the Woods Ensemble & Tom Aldredge
6414,"Bill Mitchell, Michelle Weeks, Tichina Arnold & Tisha Campbell"
6415,Robert Westenberg & Chuck Wagner
6416,Piano Peace
6417,Dimitri Vegas & Like Mike
6418,"Bernadette Peters, Chip Zien, Kim Crosby, Danielle Ferland & Ben Wright"
6419,Levi Stubbs
6420,"Rick Moranis, Michelle Weeks, Tichina Arnold & Tisha Campbell"
6421,Martin Garrix
6422,"Rick Moranis, Michelle Weeks, Tichina Arnold, Tisha Campbell & The Do Wops"
6423,François Salque & Claire-Marie Le Guay
6424,Ellen Greene
6425,"Levi Stubbs, Michelle Weeks, Tichina Arnold & Tisha Campbell"
6426,Original Broadway Cast of Into the Woods Ensemble & Bernadette Peters
6427,Konya Kanneh-Mason & Jeneba Kanneh-Mason
6428,Danielle Ferland
6429,Lang Lang & Cocomi
6430,"Max Richter, Elena Urioste & Chineke! Orchestra"
6431,Joel Sunny
6432,"Tammy Blanchard, Jonathan Groff & Little Shop of Horrors Off-Broadway Revival Company"
6433,"Tammy Blanchard, Jonathan Groff, Christian Borle, Tom Alan Robbins, Salome Smith, Teddy Yudain & Little Shop of Horrors Off-Broadway Revival Company"
6434,"The Tabernacle Choir at Temple Square, The Philadelphia Brass Ensemble & Percussion, Richard P. Condie & Alexander Schreiner"
6435,Jon Batiste
6436,Mario Sollazzo
6437,Boston Pops Orchestra & John Williams
6438,"BoA, WENDY & NINGNING"
6439,Tamás Vásáry
6440,"Jonathan Groff, Ari Groover, Salome Smith & Joy Woods"
6441,"The Tabernacle Choir at Temple Square, The Columbia Brass and Percussion Ensemble, Jerold D. Ottley, John Longhurst & Columbia Brass and Percussion Ensemble"
6442,"The Tabernacle Choir at Temple Square, Alexander Schreiner & Richard P. Condie"
6443,Royal Philharmonic Orchestra & Kaori Muraji
6444,Homin Lviv Municipal Choir
6445,The Tabernacle Choir at Temple Square & Orchestra at Temple Square
6446,Daniel Barenboim & Vienna Philharmonic
6447,"The Tabernacle Choir at Temple Square, Columbia Symphony Orchestra & Jerold D. Ottley"
6448,ペーター・シュマルフス
6449,Pritam & Arijit Singh
6450,"The Tabernacle Choir at Temple Square, Royal Philharmonic Orchestra & Richard P. Condie"
6451,"The Tabernacle Choir at Temple Square, Alexander Schreiner & Frank Asper"
6452,The Tabernacle Choir at Temple Square & Richard P. Condie
6453,Helsinki Chamber Choir & Nils Schweckendiek
6454,"Eugene Ormandy, The Philadelphia Orchestra & The Tabernacle Choir at Temple Square"
6455,"Leonard Bernstein, New York Philharmonic & The Tabernacle Choir at Temple Square"
6456,The Tabernacle Choir at Temple Square
6457,Einstein Study Music Academy
6458,"Marilyn Horne, The Tabernacle Choir at Temple Square, Columbia Symphony Orchestra & Jerold D. Ottley"
6459,Norbert Leo Butz
6460,"The Tabernacle Choir at Temple Square, John Longhurst, Columbia Brass and Percussion Ensemble & Jerold D. Ottley"
6461,"Pieter Schoeman, London Philharmonic Orchestra & David Parry"
6462,Yo-Yo Ma & Kathryn Stott
6463,Johan Dalene & Peter Friis Johansson
6464,Martha Argerich
6465,Joe Hisaishi & Yoshikazu Mera
6466,"Renaud Capuçon, The Deutsche Kammerphilharmonie Bremen & Daniel Harding"
6467,"Arabella Steinbacher, Orchestre Philharmonique De Monte-Carlo & Lawrence Foster"
6468,Bruce Liu
6469,"Joshua Bell, Singapore Chinese Orchestra & Tsung Yeh"
6470,"Anne-Sophie Mutter, Vienna Philharmonic & James Levine"
6471,Rewired88
6472,Steve Anderson
6473,"Nigel Kennedy, National Philharmonic Orchestra & Richard Bonynge"
6474,Richard Malcolm
6475,Fred again..
6476,GabAnime
6477,"Gautier Capuçon, Douglas Boyd, Orchestre de chambre de Paris & Deborah Nemtanu"
6478,"Julian Lloyd Webber, James Judd & Royal Philharmonic Orchestra"
6479,Staatskapelle Dresden & Jeffrey Tate
6480,Alexander Markov & Dmitriy Cogan
6481,Re-Imagine
6482,James Quinn
6483,Celestial Epiphany
6484,Jonathan Fournel
6485,Gordon Back & Min Kym
6486,Yoshie Ueno & Yurie Miura
6487,"David Parry, Pieter Schoeman & London Philharmonic Choir"
6488,Ennio Morricone
6489,Itzhak Perlman
6490,Howard Shelley
6491,Steven Osborne & Paul Lewis
6492,"Bomsori Kim, NFM Wrocław Philharmonic & Giancarlo Guerrero"
6493,"Eldbjørg Hemsing, Raphaela Gromes & Håvard Gimse"
6494,"Joshua Bell, Royal Philharmonic Orchestra & Andrew Litton"
6495,Ricercar Consort & Philippe Pierlot
6496,Angèle Dubeau & La Pietà
6497,"Andrew Litton, Royal Philharmonic Orchestra & Joshua Bell"
6498,"Michel Schwalbé, Berlin Philharmonic & Herbert von Karajan"
6499,Christian Li & Timothy Young
6500,"Abbey Road Ensemble, Itzhak Perlman & Lawrence Foster"
6501,Jenő Jandó & Takako Nishizaki
6502,"London Symphony Orchestra, Nicola Benedetti & Daniel Harding"
6503,Quatuor Modigliani
6504,"Nicola Benedetti, Daniel Harding & London Symphony Orchestra"
6505,Michiel Borstlap
6506,Alim Beisembayev
6507,Riccardo Muti & Vienna Philharmonic
6508,Café Concerto
6509,"The Choir of King's College, Cambridge, Daniel Hyde & Dónal McCann"
6510,Barry Hudson-Taylor
6511,"Gautier Capuçon, Douglas Boyd & Orchestre de chambre de Paris"
6512,Jonas Gewald
6513,Fred again.. & I Am Roze
6514,"Joshua Bell, Nigel Hess & Royal Philharmonic Orchestra"
6515,Andrew von Oeyen
6516,Sarah Watson
6517,Pauly Deathwish
6518,"The Tabernacle Choir at Temple Square, Orchestra at Temple Square & Mack Wilberg"
6519,"James Galway, National Philharmonic Orchestra & David Measham"
6520,Yu-Peng Chen & HOYO-MiX
6521,Bernhard Jarvis
6522,Wings for Louise
6523,Javi Lobe
6524,Lang Lang & Lucia Micarelli
6525,Renaud Capuçon & Guillaume Bellom
6526,Django Wallace
6527,"The Choir of King's College, Cambridge & Daniel Hyde"
6528,Woodkid
6529,"Renée Fleming, Yves Abel, Orchestre National Bordeaux Aquitaine & Thomas Hampson"
6530,John Wilson & Sinfonia of London
6531,Daniel Ketchum
6532,Holly Jones
6533,Elliott Jack Sansom
6534,Luis Berra
6535,Ron Adelaar
6536,"Dalia Stasevska, BBC Symphony Orchestra & Anna Clyne"
6537,Josh Kramer
6538,"Daniel Hope, Zürcher Kammerorchester & Jane Berthe"
6539,David Stanhope
6540,Dario Crisman
6541,Josef Pini
6542,Kathryn Stott & Yo-Yo Ma
6543,"Berlin Philharmonic, Herbert von Karajan & Anne-Sophie Mutter"
6544,Seán Ó Riada
6545,Oscar Unfiltered
6546,Cory Alstad
6547,Up In The Clouds
6548,Hania Rani
6549,"Sir Neville Marriner, Hans Kalafusz & Radio-Sinfonieorchester Stuttgart"
6550,Dan Gibson's Solitudes
6551,Chee-Yun
6552,Rich Mortimer
6553,Mischa Maisky & Lily Maisky
6554,"London Philharmonic Orchestra, Pieter Schoeman & David Parry"
6555,Sofia Nordlund
6556,Nolan Khan
6557,"David Stanhope, Tasmanian Symphony Orchestra & Barbara Jane Gilby"
6558,"Jeremy Irons, Whoopi Goldberg, Cheech Marin & Jim Cummings"
6559,Max Richter
6560,Mac Turner
6561,K-OS
6562,Hans Zimmer & Lebo M
6563,Darko Nikčević
6564,Sarah Brightman & Andrea Bocelli
6565,Hannes Minnaar
6566,Laura Masotto
6567,"Andrea Bocelli, Vladimir Fedoseyev, Moscow Radio Symphony Orchestra, Academy Of Choir Art Of Russia & Victor Popov"
6568,"The Choir of King's College, Cambridge, Dónal McCann & Daniel Hyde"
6569,Michael Giacchino
6570,Luke Howard
6571,Berlin Philharmonic & Herbert von Karajan
6572,Ludovico Einaudi
6573,David Grumel
6574,Richard Meyer Jr.
6575,Valery Gergiev & London Symphony Orchestra
6576,John Powell & Stephen Schwartz
6577,"The Choir of King's College, Cambridge, Daniel Hyde, Protik Moulik, Aiken Anderson-Jané & Dónal McCann"
6578,Marc-André Hamelin
6579,Stephen Hough
6580,Erroll Garner
6581,Lang Lang
6582,Andrea Bocelli & Emanuele Vianelli
6583,Eugene Goh
6584,Daniil Trifonov
6585,NDR Elbphilharmonie Orchester & Alan Gilbert
6586,Cédric Tiberghien
6587,Inbal Segev
6588,"Stephen Hough, Finnish Radio Symphony Orchestra & Hannu Lintu"
6589,Alba Fox
6590,Piers Lane
6591,Patrick Lee
6592,"Elisabeth Brauß, Beethoven Orchestra Bonn & Dirk Kaftan"
6593,Laura Gatz
6594,Pavel Kolesnikov
6595,Nicolas Namoradze
6596,Land of Grant Honor Band & Kenneth Will
6597,Katherine Jenkins
6598,"Gundula Janowitz, Lucia Popp, Adolf Dallapozza, Manfred Jungwirth, Vienna Philharmonic & Leonard Bernstein"
6599,Daniel Barenboim
6600,blob castle
6601,Baylor University Wind Ensemble & Eric Wilson
6602,Raimund Rahner
6603,Ludovico Einaudi & Marco Decimo
6604,Whitetree
6605,Yunchan Lim
6606,Greta Svabo Bech & Ludovico Einaudi
6607,"Lukas Hagen, Rainer Schmidt, Veronika Hagen & Clemens Hagen"
6608,El Cielo 2020 Triptyque
6609,StringStorm
6610,"The Choir of King's College, Cambridge, Daniel Hyde, Philip Curtis & Dónal McCann"
6611,"Anne-Sophie Mutter, Boston Symphony Orchestra & John Williams"
6612,"John Rutter, The Cambridge Singers & City of London Sinfonia"
6613,John Rutter & The Cambridge Singers
6614,"Ludovico Einaudi, Federico Mecozzi & Redi Hasa"
6615,The College of St. Scholastica Bella Voce & Dr. Bret Amundson
6616,"Ludovico Einaudi, Franco Feruglio, Mauro Loguercio, Gabriele Baffero, Antonello Leofreddi & Marco Decimo"
6617,Texas All-State 6A Symphonic Band & Frank Ticheli
6618,Cenk Esen
6619,"The Choir of King's College, Cambridge, Daniel Hyde & Aiken Anderson-Jané"
6620,"Na Wai Chamber Choir, Dr. Jace Kaholokula Saplan & Steven Richardson Severin"
6621,Xeuphoria
6622,Vangelis
6623,Royal Philharmonic Orchestra & Matteo Bocelli
6624,Grissini Project
6625,Nicholas Angelich
6626,Akira Kosemura
6627,Plínio Fernandes
6628,Kaori Muraji
6629,Kevin Sherwood
6630,"Anne-Sophie Mutter, Yo-Yo Ma, Daniel Barenboim & West-Eastern Divan Orchestra"
6631,Nelson Freire
6632,Reimagined
6633,Architect of Dreams
6634,Gustavo Dudamel & Vienna Philharmonic
6635,Orchestre National Basque & Jun Märkl
6636,Seattle Symphony & Ludovic Morlot
6637,"Martin Kohlstedt, GewandhausChor & Gregor Meyer"
6638,Fabrizio Paterlini
6639,mimi wang
6640,Liturgy
6641,"Simone Porter, Los Angeles Philharmonic & Gustavo Dudamel"
6642,"Anthony Roth Costanzo, Dísella Lárusdóttir, J'Nai Bridges, Karen Kamensek & The Metropolitan Opera Orchestra"
6643,j316
6644,Lucy Dacus
6645,Black Piano Classic Records & Chill Baby Lullaby
6646,"Zachary James, J'Nai Bridges, Anthony Roth Costanzo, Karen Kamensek & The Metropolitan Opera Orchestra"
6647,"Robert deMaine, Los Angeles Philharmonic & Gustavo Dudamel"
6648,Christian Thielemann & Vienna Philharmonic
6649,Jóhann Jóhannsson
6650,Tom Jones
6651,"Zachary James, Karen Kamensek & The Metropolitan Opera Orchestra"
6652,"Shara Worden, Owen Pallett, Bryce Dessner & Nico Muhly"
6653,"Nico Muhly, Teitur & Richard Brautigan"
6654,"Rainer Kussmaul, Martin Sieghart & Stuttgart Chamber Orchestra"
6655,Meredith Monk & Vocal Ensemble
6656,Eloy
6657,Grigory Sokolov
6658,Wedding Music Duet
6659,Kaoru Kukita
6660,"Richard Bernstein, Karen Kamensek, The Metropolitan Opera Orchestra & The Metropolitan Opera Chorus"
6661,Alan Pierson & Alarm Will Sound
6662,Tokyo Seréno Bass Clarinet Ensemble MOKUTAN
6663,Ray Chen & Julien Quentin
6664,"Metamorphose String Orchestra, Pavel Lyubomudrov & Mikael Samsonov"
6665,Joseph Houston
6666,Audra McDonald
6667,"Aaron Blake, Will Liverman, Zachary James, Richard Bernstein, Karen Kamensek, The Metropolitan Opera Orchestra & The Metropolitan Opera Chorus"
6668,Dan Musselman
6669,Zachary James
6670,Karen Kamensek & The Metropolitan Opera Orchestra
6671,オリタ ノボッタ & シエナ
6672,All-State Middle School Orchestra & Laura Joss
6673,"Aaron Blake, Anthony Roth Costanzo, Dísella Lárusdóttir, Karen Kamensek, The Metropolitan Opera Orchestra & The Metropolitan Opera Chorus"
6674,Gina Alice
6675,Kronos Quartet
6676,Edgar Rothermich
6677,"Anthony Roth Costanzo, Karen Kamensek, The Metropolitan Opera Orchestra & The Metropolitan Opera Chorus"
6678,"Emmanuel Rossfelder, Quatuor Modigliani & Guy-Loup Boisneau"
6679,Yoshihiro Koseki
6680,Ohio Music Education Association District 13 Prelude Honor Orchestra & Robin Bloomberg
6681,Clements High School Symphonic Band & Daniel Galloway
6682,Czech Philharmonic
6683,Instrumental Piano Orchestra
6684,Ken Keysmith
6685,"Golda Schultz, David Robertson, The Metropolitan Opera Orchestra & The Metropolitan Opera Chorus"
6686,"San Francisco Symphony, St. Lawrence String Quartet & Michael Tilson Thomas"
6687,Exams Study
6688,"Rain Sounds, Nature Sounds & Wp Sounds"
6689,"Sheku Kanneh-Mason, Members Of The BBC National Orchestra Of Wales, Members of the English Chamber Orchestra, Philharmonia Orchestra & Christopher Warren-Green"
6690,Karen Gibson & The Kingdom Choir
6691,Yuja Wang
6692,Angela Hewitt
6693,"Elin Manahan Thomas, David Blackadder, Members Of The BBC National Orchestra Of Wales, Members of the English Chamber Orchestra, Philharmonia Orchestra & Christopher Warren-Green"
6694,"The Choir of St George's Chapel, Windsor Castle, James Vivian & Luke Bond"
6695,"Jan Lisiecki, Academy of St Martin in the Fields & Tomo Keller"
6696,"Jesse Corti, RICHARD WHITE/JESSE CORTI & The Chorus of Beauty and the Beast"
6697,Elementary Honors Orchestra & Ara Sarkissian
6698,Czech Philharmonic Chamber Orchestra
6699,Francisco Tárrega
6700,"The Choir of St George's Chapel, Windsor Castle & James Vivian"
6701,"Luke Bond, The Choir of St George's Chapel, Windsor Castle & James Vivian"
6702,"Members Of The BBC National Orchestra Of Wales, Members of the English Chamber Orchestra, Philharmonia Orchestra & Christopher Warren-Green"
6703,Evgeny Kissin & Emerson String Quartet
6704,League of Legends Music
6705,"Members Of The BBC National Orchestra Of Wales, Members of the English Chamber Orchestra, Philharmonia Orchestra, Christopher Warren-Green, Luke Bond, The State Trumpeters, The Choir of St George's Chapel, Windsor Castle & James Vivian"
6706,"Tokyo Philharmonic Orchestra, Benyamin Nuss & Eckehard Stier"
6707,John Williams & Alfonso Montes
6708,Alan Menken
6709,Paige O'Hara
6710,Rachel Portman
6711,The Most Reverend Michael Curry
6712,RICHARD WHITE/JESSE CORTI & The Chorus of Beauty and the Beast
6713,"Shadow Ridge Middle School Honor Winds, Chris Meredith & Alicia DeSoto"
6714,TMEA All-State Mixed Choir & Andre J. Thomas
6715,The Chorus of Beauty and the Beast
6716,"Joseph Fuller, Montgomery High School Chorale Women & Heather Orr"
6717,Bell Ringers Of St George's
6718,"New York All-State Mixed Chorus, Jonathan Riss & Janet Galvan"
6719,Celtic Harp Soundscapes
6720,"The Most Reverend Justin Welby, Archbishop of Canterbury, HRH Prince Henry, Duke of Sussex & HRH Princess Meghan, Duchess of Sussex"
6721,"Angela Lansbury, Jerry Orbach, David Ogden Stiers & Jo Anne Worley"
6722,Steven Osborne
6723,Krimmel Symphonic Band & Sharon Kalisek
6724,Junior All-State Mixed Choir & George Guenther
6725,"The Right Reverend David Conner KCVO, Dean Of Windsor"
6726,Round Rock High School Symphony Orchestra & Sandra Vandertulip
6727,Middle School Honor Choir & Penny G. Dimmick
6728,John Oeth
6729,Cobb Wind Symphony & Alfred L. Watkins
6730,Guitar Tribute Players
6731,Classical Jazz Academy
6732,The Lady Jane Fellowes
6733,Triforce Quartet
6734,Sofienberg Musikkorps
6735,"The Most Reverend Justin Welby, Archbishop of Canterbury"
6736,David Garrett
6737,Archbishop Angaelos & The Reverend Prebendary Rose Hudson-Wilkin
6738,Jonathan Plowright
6739,F Casualty
6740,Capital University Chapel Choir & Lynda R. Hassler
6741,Chick Corea
6742,"Daniil Trifonov, The Philadelphia Orchestra & Yannick Nézet-Séguin"
6743,Yitkin Seow
6744,Musikkorpset TEMPO
6745,Bridle Path/Montgomery Elementary Select String Ensemble & Ralph T Jackson
6746,Danny Driver
6747,浙江交響樂團
6748,Shen Yun Symphony Orchestra
6749,"TMEA All-State Mixed Choir, Andre J. Thomas & Rebecca Morgan Baker"
6750,"Original Broadway Cast of ""West Side Story"", Max Goberman & Mickey Calin"
6751,Stephen Coombs
6752,"Original Broadway Cast of ""West Side Story"", Max Goberman, Chita Rivera, Marilyn Cooper & Reri Grist"
6753,Leslie Howard
6754,Ólafur Arnalds & Nils Frahm
6755,"Anne-Sophie Mutter, Daniil Trifonov, Hwayoon Lee, Maximilian Hornung & Roman Patkoló"
6756,Yekwon Sunwoo
6757,Anne-Sophie Mutter & Daniil Trifonov
6758,Pranit Khedekar
6759,"Anne-Sophie Mutter, Daniil Trifonov & Maximilian Hornung"
6760,Derek Gripper
6761,"Chad Lawson, Caroline Hardin & Everett Hardin"
6762,Ember Trio
6763,Porcupine Tree
6764,Leonard Bernstein & Vienna Philharmonic
6765,"Sheku Kanneh-Mason, City of Birmingham Symphony Orchestra & Mirga Gražinytė-Tyla"
6766,Kenny Broberg
6767,Vienna Philharmonic & Leonard Bernstein
6768,Bryce Pinkham & Holiday Inn Original Broadway Ensemble
6769,Boston Symphony Orchestra & Andris Nelsons
6770,Megan Lawrence & Holiday Inn Original Broadway Ensemble
6771,"Bryce Pinkham, Corbin Bleu, Megan Sikora & Holiday Inn Original Broadway Ensemble"
6772,"Bryce Pinkham, Megan Lawrence & Holiday Inn Original Broadway Ensemble"
6773,Elton John & Luciano Pavarotti
6774,"Corbin Bleu, Megan Sikora & Holiday Inn Original Broadway Ensemble"
6775,Cyprien Katsaris
6776,Marillion
6777,Corbin Bleu
6778,Bryce Pinkham & Lora Lee Gayer
6779,"Bryce Pinkham, Megan Sikora & Megan Lawrence"
6780,Enrique Bátiz & Festival Orchestra Of Mexico
6781,Bryce Pinkham
6782,All-State High School SATB Honor Choir & Tamara Grove Williams
6783,Lora Lee Gayer
6784,Alondra de la Parra & Philharmonic Orchestra of the Americas
6785,Plano Senior High String Orchestra & Brian Coatney
6786,Holiday Inn Original Broadway Orchestra
6787,"Bryce Pinkham, Lora Lee Gayer & Corbin Bleu"
6788,"Gustavo Dudamel, Vienna Philharmonic, Wiener Singverein & Johannes Prinz"
6789,"Lora Lee Gayer, Bryce Pinkham, Corbin Bleu & Holiday Inn Original Broadway Ensemble"
6790,"Bryce Pinkham, Corbin Bleu, Lora Lee Gayer & Holiday Inn Original Broadway Ensemble"
6791,"Corbin Bleu, Lora Lee Gayer & Holiday Inn Original Broadway Ensemble"
6792,"Lora Lee Gayer, Corbin Bleu & Bryce Pinkham"
6793,Holiday Inn Original Broadway Company
6794,Nikolai Nazarov & Model First Orchestra of the USSR Defence Ministry
6795,Noteservice Wind Ensemble
6796,Daniel Hsu
6797,Robert Stolz & Berlin Symphony Orchestra
6798,"Vera Lynn, James Morgan, Brighton Festival Chorus & The City of Prague Philharmonic Orchestra"
6799,Rudolf Serkin
6800,Anna Meredith
6801,"Texas All-State Mixed Choir, Tracy Carroll & Z. Randall Stroope"
6802,Kentucky Junior High Treble Chorus & Christy Elsner
6803,Christoph Eschenbach & Vienna Philharmonic
6804,Carmel Middle School Chamber Orchestra & Joel Powell
6805,Texas All-State Mixed Choir & Z. Randall Stroope
6806,Follebu og Vestre Gausdal Musikkforening
6807,"Dallas Baptist University Chorale, Stephen Holcomb, Sharon Bailey, John Tarver, Mark Schubert, Ben Hauser, Adam Miller, Tony Baker, Christian Paarup, Keith Meek, Alison Read, Mark Ford, Steve Kimple, Larry Doran & Chase Kallemeyn"
6808,Nikodimos Kabarnos
6809,"Dame Gwyneth Jones, Leonard Bernstein, Vienna Philharmonic, Hanna Schwarz, Chor der Wiener Staatsoper, René Kollo & Kurt Moll"
6810,Muskingum Concert Choir & Zebulon M. Highben
6811,Native Classical Sounds
6812,Mineola Middle School Symphonic Band & Jim Best
6813,Orquesta Filarmónica de Jalisco & Guillermo Salvador
6814,Leonard Bernstein & New York Philharmonic
6815,Johns Creek High School Chamber Orchestra & Young K. Kim
6816,Fillmore Wind Band & Terence Milligan
6817,All-State Middle School Band & Erin Cole
6818,Ivan Karizna & Lidy Blijdorp
6819,Mark Schroeder & Wylie High School Wind Symphony
6820,"Charles Castronovo, Nathan Gunn, Evan Rogister & The Metropolitan Opera Orchestra"
6821,"Nigel Kennedy, Olga Hegedus, Charles Tunnell, Robin Jeffrey, John Constable, English Chamber Orchestra & Ivor Bolton"
6822,David Fray
6823,"Plácido Domingo, Chor der Deutschen Oper Berlin, Nello Santi & Orchester der Deutschen Oper Berlin"
6824,Berlin Philharmonic & Sir Simon Rattle
6825,Quatuor Ébène
6826,"Sabine Devieilhe, Pygmalion & Raphaël Pichon"
6827,"Cecilia Bartoli, Berlin Philharmonic & Daniel Barenboim"
6828,Annie Moses Band
6829,"Vilde Frang, Arcangelo & Jonathan Cohen"
6830,"Jonas Kaufmann, Prague Philharmonic Orchestra & Marco Armiliato"
6831,Philharmonia Orchestra & Riccardo Muti
6832,"Camille Berthollet, Orchestre d'Auvergne & Roberto Forés Veses"
6833,"Coro Dell'Accademia Nazionale Di Santa Cecilia, Orchestra dell'Accademia Nazionale di Santa Cecilia & Antonio Pappano"
6834,"Diana Damrau, Orchestra Teatro Regio Torino & Gianandrea Noseda"
6835,"Anna Netrebko, Rolando Villazón, Vienna Philharmonic & Carlo Rizzi"
6836,"Renaud Capuçon, Orchestre De Paris & Paavo Järvi"
6837,Alexandre Tharaud
6838,"Anja Harteros, Orchestra dell'Accademia Nazionale di Santa Cecilia & Antonio Pappano"
6839,"Philippe Jaroussky, Alessandro Tampieri & Ensemble Artaserse"
6840,"Héloise Mas, Joyce DiDonato, Choeur de L'Opéra National de Lyon, Orchestre National de Lyon & Riccardo Minasi"
6841,"Martha Argerich, Orchestra della Svizzera Italiana & Jacek Kaspszyk"
6842,"Gautier Capuçon, Mariinsky Orchestra & Valery Gergiev"
6843,"Edgar Moreau, Il Pomo d'Oro & Riccardo Minasi"
6844,"Núria Rial, L'Arpeggiata & Christina Pluhar"
6845,Dong-Hyek Lim
6846,Joyce DiDonato & Antonio Pappano
6847,"Beatrice Rana, Orchestra dell'Academia nazionale di Santa Cecilia & Antonio Pappano"
6848,"Bryan Hymel, Prague Symphony Orchestra & Emmanuel Vuillaume"
6849,Jean Rondeau
6850,Hilliard Ensemble & Paul Hillier
6851,"Emmanuel Pahud, Kammerorchesterbasel & Giovanni Antonini"
6852,Nicholas McCarthy
6853,Daishin Kashimoto & Konstantin Lifschitz
6854,Jean Lucas
6855,Julien Brocal
6856,Mariss Jansons & Vienna Philharmonic
6857,Ben Folds
6858,Martha Argerich & Stephen Kovacevich
6859,Max Aruj & Alfie Godfrey
6860,"RIAS Kammerchor, René Jacobs, Sophie Karthäuser, Marie-Claude Chappuis, Maximilian Schmitt, Johannes Weisser & Freiburger Barockorchester"
6861,MAKSIM
6862,Semyon Bychkov & Vienna Philharmonic
6863,"RIAS Kammerchor, Sophie Karthäuser, Marie-Claude Chappuis, Maximilian Schmitt, Freiburger Barockorchester, René Jacobs & Johannes Weisser"
6864,Cincinnati Pops Orchestra & Erich Kunzel
6865,The Mozart Effect
6866,Richard Clayderman
6867,Martha Argerich & Sergey Babayan
6868,Marko Cirkovic
6869,Mitsuko Uchida & The Cleveland Orchestra
6870,Budapest Art Orchestra & Budapest Art Choir
6871,Johnson High School Forza String Ensemble & Karen George
6872,Martha Argerich & Tedi Papavrami
6873,Gewandhausorchester & Andris Nelsons
6874,Olentangy Liberty H.S. Chamber Orchestra & Jill Bixler
6875,"Sondra Radvanovsky, Marco Armiliato, The Metropolitan Opera Orchestra & The Metropolitan Opera Chorus"
6876,Alyosha Jurinic
6877,Anonymous 4
6878,Tanya Ekanayaka
6879,Coro de Monjes del Monasterio de Silos
6880,"RIAS Kammerchor, Sophie Karthäuser, René Jacobs & Freiburger Barockorchester"
6881,Philharmonia Orchestra & Carl Davis
6882,J.M.S.D.F. Band Tokyo & Hiroyuki Tezuka
6883,"Ayana Tsuji, Czech Chamber Philharmonic Orchestra Pardubice & Michael Halász"
6884,Hélène Grimaud
6885,Seong-Jin Cho
6886,Benjamin Koppel
6887,HAUSER & London Symphony Orchestra
6888,Texas All-State Mixed Choir & James Rodde
6889,Healing Yoga Meditation Music Consort
6890,"Tesoro High School Madrigals, Keith Hancock & Tesoro High School Vocal Ensemble"
6891,Marsha Genensky
6892,VanderCook College of Music Symphonic Band & Brian Logan
6893,Tony Anderson
6894,Dulles Middle School Symphony Orchestra & J. Drew
6895,Tyee Advanced Orchestra & David Drassal
6896,Ritterchor
6897,Artie Henry Middle School Honors Band & Andrew D. Binkard
6898,Fabio Luisi & The Metropolitan Opera Orchestra
6899,Royal Philharmonic Orchestra
6900,Dr. Jack Cockrill Middle School Honors Band & Gary Williams
6901,Roma Middle School Symphonic Winds & Corey L. Graves
6902,Luca D'Alberto
6903,Tom Cole & Coastal Communities Concert Band
6904,Central Winds & Andrew Perry
6905,Texas All-State Women's Choir & Amanda Quist
6906,"Seong-Jin Cho, London Symphony Orchestra & Gianandrea Noseda"
6907,Capital University The Chordsmen & Craig Courtney
6908,"Sir Stephen Cleobury & The Choir of King's College, Cambridge"
6909,Vienna Brass Connection
6910,Summer Pool Party Chillout Music
6911,"Rudolf Buchbinder, Berlin Philharmonic & Christian Thielemann"
6912,Ed W. Clark High School Orchestra & Mark Laycock
6913,"RIAS Kammerchor, Freiburger Barockorchester & René Jacobs"
6914,Hopkins High School Concert Choir & Philip Brown
6915,All-State Honor Choir & Anton Armstrong
6916,"RIAS Kammerchor, René Jacobs & Freiburger Barockorchester"
6917,"Carl Ho, Olivia Dinardis, Deanna Wu, Michael Zhong, Westbrook Intermediate School Chamber Orchestra & Tom Dinardis"
6918,Gino Latino Dj & Emiliano Cavallini
6919,"Texas All-State Mixed Choir, James Rodde & Tracy Carroll"
6920,Junior All-State Orchestra & Matthew Knippel
6921,Susan Hellauer
6922,All-State Women's Honor Choir & Dr. Sandra Snow
6923,Grand Haven H.S. Advanced Women's Ensemble & Juli Dick
6924,"Mariss Jansons, Vienna Philharmonic & Vienna Boys' Choir"
6925,Senior All-State Mixed Chorus & Dr. Richard Nickerson
6926,Die Kolophonistinnen
6927,Klaus Badelt
6928,Martha Argerich & Lilya Zilberstein
6929,"Alexei Aigui & Ensemble 4'33"""
6930,Vienna Philharmonic & Zubin Mehta
6931,"Alice Sara Ott, Bavarian Radio Symphony Orchestra & Esa-Pekka Salonen"
6932,Alexander Malter
6933,"Vienna Philharmonic, Zubin Mehta & Rudolf Buchbinder"
6934,"The Choir of King's College, Cambridge, Sir David Willcocks & English Chamber Orchestra"
6935,"Alan Silvestri, John Cardon Debney & Royal Scottish National Orchestra"
6936,Seattle Symphony
6937,All-State Elementary Honors Orchestra & Kevin Bishop
6938,Davide Nigro & Alessandro Penna
6939,Gong
6940,Owaru
6941,Broken Arrow High School Wind Ensemble & Darrin Davis
6942,Broken Arrow High School Wind Ensemble & Joseph Missal
6943,Daniel Barenboim & Martha Argerich
6944,"Kristin Chenoweth, Peter Gallagher, Rick Faugno, Richard Riaz Yoder, Phillip Attmore & Drew King"
6945,Cypress Ridge High School Symphony Orchestra & Mary Running
6946,"Tallinn Chamber Orchestra, Tõnu Kaljuste & Estonian Philharmonic Chamber Choir"
6947,"Shen Yun Symphony Orchestra, DF & Milen Nachev"
6948,Thanksgiving Songs
6949,Avon Middle School Chamber Orchestra & Dean Westman
6950,Iowa State University Iowa State Singers & James Rodde
6951,Pennsylvania All-State Concert Band & Brian Balmages
6952,Florida High School Honors Orchestra & Anne Parrett
6953,Thanksgiving Music Specialists
6954,"Kristin Chenoweth, Michael Mc Grath & Mark Linn Baker"
6955,Florida All-State Middle School Concert Chorus & Jefferey L. Ames
6956,Stiles Middle School Honors Band & Darcy Potter Williams
6957,Mary Louise Wilson
6958,"The Choir of King's College, Cambridge, Sir David Willcocks, John Langdon & Cambridge University Music Society"
6959,PENGUIN CAFÉ
6960,"The Choir of King's College, Cambridge & Sir Stephen Cleobury"
6961,Beckendorff Junior High String Orchestra & Karel Butz
6962,Alexandra Wood & Huw Watkins
6963,"Ilya Gringolts, Nathan Braude & Alexander Mogilevsky"
6964,Goshen Middle School 8th Grade Orchestra & Sean Patrick
6965,Beckendorff Junior High String Orchestra & Beth El Gomez
6966,Cy Coleman
6967,SirTeclas
6968,"Shen Yun Symphony Orchestra, Milen Nachev & DF"
6969,"Susan Bickley, Gidon Kremer & Vladimir Mendelssohn"
6970,Duxbury High School String Ensemble & Nick Tatarka
6971,"Michael Mc Grath, Mark Linn Baker, Jim Walton, Rick Faugno, Richard Riaz Yoder, Phillip Attmore & Drew King"
6972,"Kristin Chenoweth, Peter Gallagher & On The Twentieth Century Company"
6973,Shen Yun Symphony Orchestra & Milen Nachev
6974,Kristin Chenoweth & Peter Gallagher
6975,Gidon Kremer & Keith Jarrett
6976,101 Strings Orchestra
6977,Avon Middle School Chamber Orchestra & Jay Webb
6978,"Texas All-State Mixed Choir, Jennifer Zaccagni & Charles Bruffy"
6979,Josh Groban
6980,"Shen Yun Symphony Orchestra, DF, William Kuo, Xiaochun Qi, Lu Sun & Mei Xuan"
6981,"Mary Louise Wilson, Peter Gallagher, Michael Mc Grath & Mark Linn Baker"
6982,Lindsey Stirling
6983,"Choeurs René Duclos, Georges Prêtre, Paris Opera Orchestra & Maria Callas"
6984,"Max Richter, Elfa Run Kristinsdottir & Trey Lee"
6985,Georges Prêtre & Paris Opera Orchestra
6986,"Max Richter, André de Ridder, Konzerthaus Kammerorchester Berlin, Daniel Hope & Raphael Alpermann"
6987,Verbier Festival Orchestra & Charles Dutoit
6988,"Georges Prêtre, Maria Callas & Orchestre de la Société des Concerts du Conservatoire"
6989,"Georges Prêtre, Paris Opera Orchestra, Maria Callas & Nicolai Gedda"
6990,"Coro Cetra, Gabriele Santini, Maria Callas & Orchestra Sinfonica della RAI"
6991,"Claude Cales, Choeurs René Duclos, Georges Prêtre, Paris Opera Orchestra & Andréa Guiot"
6992,"Georges Prêtre, Jane Berbie, Paris Opera Orchestra, Maria Callas & Nadine Sautereau"
6993,Christopher Hogwood & Academy of Ancient Music
6994,"Claude Cales, Choeurs d'enfants Jean Pesneaud, Georges Prêtre, Paris Opera Orchestra & Nicolai Gedda"
6995,"Choeurs René Duclos, Choeurs d'enfants Jean Pesneaud, Georges Prêtre, Paris Opera Orchestra, Maria Callas & Nicolai Gedda"
6996,"Texas All-State Mixed Choir, Baylor University Symphony Orchestra & Elena Sharkova"
6997,"Choir of Christ Church Cathedral, Oxford, Simon Preston, Academy of Ancient Music & Christopher Hogwood"
6998,"Choeurs René Duclos, Georges Prêtre & Paris Opera Orchestra"
6999,"Choeurs René Duclos, Choeurs d'enfants Jean Pesneaud, Georges Prêtre & Paris Opera Orchestra"
7000,"Alexander Mogilevsky, Andrey Baranov, Geza Hosszu-Legocky, Nora Romanoff & 赵靖 Big J"
7001,"Georges Prêtre, Paris Opera Orchestra, Andréa Guiot & Nicolai Gedda"
7002,"Jacques Mars, Georges Prêtre, Paris Opera Orchestra & Nicolai Gedda"
7003,"Charles Castronovo, Verbier Festival Orchestra & Charles Dutoit"
7004,"Rivertree Singers, Warren Cook & Jean Cook"
7005,"Carlo Bergonzi, Georges Prêtre, Maria Callas & Orchestre de la Société des Concerts du Conservatoire"
7006,"Ismaël Margain, Pierre Fouchenneret, Adrien Boisseau & Yan Levionnois"
7007,"Gabriele Santini, Maria Callas & Orchestra Sinfonica della RAI"
7008,"Paul Elliott, Christopher Hogwood & Academy of Ancient Music"
7009,"Jacques Mars, Choeurs René Duclos, Georges Prêtre & Paris Opera Orchestra"
7010,"Jacques Mars, Georges Prêtre, Paris Opera Orchestra, Maria Callas & Nicolai Gedda"
7011,"Jean-Guihen Queyras, Petra Müllejans & Freiburger Barockorchester"
7012,"Joe Hisaishi, Royal Philharmonic Orchestra & Avi Avital"
7013,Exam Study Classical Music Orchestra
7014,"Jean-Paul Vauquelin, Maurice Maievski, Jacques Mars, Georges Prêtre, Paris Opera Orchestra, Maria Callas & Nicolai Gedda"
7015,"Carolyn Watkinson, Choir of Christ Church Cathedral, Oxford, Simon Preston, Academy of Ancient Music & Christopher Hogwood"
7016,Francesco Piemontesi & Gautier Capuçon
7017,Kyiv Chamber Choir & Mykola Hobdych
7018,"Jacques Mars, Georges Prêtre, Paris Opera Orchestra & Maria Callas"
7019,Eric Whitacre Singers & Eric Whitacre
7020,Jan Garbarek & Hilliard Ensemble
7021,"Dame Emma Kirkby, Christopher Hogwood & Academy of Ancient Music"
7022,"Judith Nelson, Christopher Hogwood & Academy of Ancient Music"
7023,"Jean-Paul Vauquelin, Choeurs René Duclos, Georges Prêtre, Jane Berbie, Paris Opera Orchestra, Maria Callas, Nadine Sautereau & Jacques Pruvost"
7024,Academy of Ancient Music & Christopher Hogwood
7025,Eric Whitacre & Eric Whitacre Singers
7026,"Eduardo Hubert, Dora Schwarzberg & Michael Guttmann"
7027,"Robert Massard, Jacques Mars, Georges Prêtre, Paris Opera Orchestra & Maria Callas"
7028,Ship's Chorus
7029,"Judith Nelson, Choir of Christ Church Cathedral, Oxford, Simon Preston, Academy of Ancient Music & Christopher Hogwood"
7030,"Hans Zimmer, Eric Whitacre Singers, Eric Whitacre & Hila Plitmann"
7031,Texas All-State 5A Symphonic Band & Frank Ticheli
7032,Kingwood High School Chamber Orchestra & Christopher R. Reidlinger
7033,"Jean-Paul Vauquelin, Georges Prêtre, Jane Berbie, Paris Opera Orchestra, Maria Callas, Nadine Sautereau & Nicolai Gedda"
7034,"David Thomas, Christopher Hogwood & Academy of Ancient Music"
7035,"Eric Whitacre Singers, Eric Whitacre & Marius Beck"
7036,Sergei Babayan
7037,"Robert Massard, Choeurs René Duclos, Choeurs d'enfants Jean Pesneaud, Georges Prêtre, Paris Opera Orchestra, Maria Callas & Nadine Sautereau"
7038,"Jean-Paul Vauquelin, Choeurs René Duclos, Georges Prêtre, Jane Berbie, Paris Opera Orchestra, Maria Callas, Nadine Sautereau, Maurice Maievski & Nicolai Gedda"
7039,Saitama Sakae Wind Orchestra & Akira Oku
7040,"Gabriele Santini, Maria Callas, Orchestra Sinfonica della RAI & Ugo Savarese"
7041,"Paul Elliott, Simon Preston, Choir of Christ Church Cathedral, Oxford, Academy of Ancient Music & Christopher Hogwood"
7042,"Judith Nelson, Christopher Hogwood, Academy of Ancient Music & Paul Elliott"
7043,"Carolyn Watkinson, Christopher Hogwood & Academy of Ancient Music"
7044,"Los Angeles Philharmonic, Gustavo Dudamel, Los Angeles Children's Chorus & Anne Tomlinson"
7045,Berlin Philharmonic & Ferenc Fricsay
7046,Helen Jane Long
7047,"Yuja Wang, Gustavo Dudamel & Simón Bolívar Symphony Orchestra of Venezuela"
7048,Peter Broderick
7049,"Herbert von Karajan, Berlin Philharmonic, Michel Schwalbé, Eberhard Finke & Horst Gobel"
7050,Franck Pourcel
7051,"Leonidas Kavakos, Lisa Batiashvili, Antoine Tamestit, Blythe Teh Engstroem, Gautier Capuçon & Stephan Koncz"
7052,Vienna Philharmonic & Lorin Maazel
7053,Daniele Leoni
7054,Random Piano
7055,"Wolfgang Schneiderhan, Eugen Jochum & Berlin Philharmonic"
7056,Braulio Rivas Tapia
7057,Lazypianist
7058,Lockport High School Wind Symphony & John Cody Birdwell
7059,Conspirare & Craig Hella Johnson
7060,Mansfield University Marching Band & Adam F. Brennan
7061,Micha Philipp
7062,Cristina Marton & Martha Argerich
7063,"Berlin Philharmonic, Kay Johannsen, Claudio Abbado & Schwedischer Rundfunkchor"
7064,Mt. San Antonio College Chamber Singers & Bruce Rogers
7065,North Gwinnett Middle School Honor Orchestra & Amy Clement
7066,Subho Beatz
7067,Aledo Middle School Honor Winds & Cindy Lansford
7068,"Robin Brockway-Nichols, Sharon Hansen & Texas All-State Women's Choir"
7069,Stephen F. Austin High School Symphony Orchestra & Carolyn Vandiver
7070,University of Idaho The Vandaleers & Michael Murphy
7071,Mallory Thompson & Texas All-State 5A Symphonic Band
7072,London Music Works
7073,坂本龍一
7074,Jack Forbis & Krum Middle School Wind Ensemble
7075,"Sir Simon Rattle, Berlin Philharmonic & Krystian Zimerman"
7076,Women’s Honor Choir & Sigrid Johnson
7077,Heritage High School Philharmonic Orchestra & Jason Pfeifer
7078,"Michel Schwalbé, Herbert von Karajan, Berlin Philharmonic, Eberhard Finke & Horst Gobel"
7079,Lockport High School Wind Symphony & Andrew Beckwith
7080,Creekside Middle School Wind Symphony & Chris Grifa
7081,"Karina F. Lindsey, David Dunham & Pat and Catherine Fowler Middle School Symphony Orchestra"
7082,North Gwinnett Middle School Honor Orchestra & Sarah Black
7083,Merrily We Roll Along Company
7084,McCracken Middle School Symphonic Band & Phillip Hash
7085,Michel Plasson & Orchestre National du Capitole de Toulouse
7086,"Georges Prêtre, Paris Opera Orchestra, Robert Massard & Choeurs René Duclos"
7087,"Alexandre Debrus, Alfred Rutz, Andrey Baranov, Corrado Giuffredi, Enrico Fagone, Gregorio Di Trapani, Lilya Zilberstein, Lyda Chen, Martha Argerich & Michael Guttman"
7088,Pacific Lutheran University: The Choir of the West & Richard Nance
7089,Grisham Middle School Honors Band & Henry Schraub
7090,"Julie Andrews, Ian Fraser & London Musicians Orchestra"
7091,Peter Breiner & Slovak Radio Symphony Orchestra
7092,"David Bell, Herbert von Karajan & Berlin Philharmonic"
7093,"Robert Brewer, Brad Holmes, Texas All-State Mixed Choir & University of Houston Symphony Orchestra"
7094,Orchestre de chambre de Paris & Deborah Nemtanu
7095,Z. Randall Stroope & All-Eastern Honors Mixed Chorus
7096,"Les Arts Florissants, Les solistes du Jardin des Voix 2013 & William Christie"
7097,Woodcreek Junior High Orchestra & Bryanna Porter
7098,Brooklyn Wind Symphony & Jeff W. Ball
7099,University of Delaware University Singers & Duane Cottrell
7100,Highland High School Symphonic Strings & Amy Bennett
7101,"Max Richter, Daniel Hope, Konzerthaus Kammerorchester Berlin & André de Ridder"
7102,"Max Richter, Konzerthaus Kammerorchester Berlin & André de Ridder"
7103,Joey G ii
7104,Auburn University Marching Band & Dr. Corey Spurlin
7105,London Accordion Orchestra
7106,Betsy Wolfe & Colin Donnell
7107,"Celia Keenan-Bolger, Colin Donnell & Lin-Manuel Miranda"
7108,"Lin-Manuel Miranda, Colin Donnell & Pearl Sun"
7109,Lin-Manuel Miranda & Colin Donnell
7110,Celia Keenan-Bolger & Lin-Manuel Miranda
7111,Colin Donnell & Celia Keenan-Bolger
7112,"Colin Donnell, Lin-Manuel Miranda, Celia Keenan-Bolger, Adam Grupper, Kenita R. Miller & Betsy Wolfe"
7113,"Celia Keenan-Bolger, Colin Donnell, Lin-Manuel Miranda & Merrily We Roll Along Company"
7114,Tim Lautenheiser & United States Air Force Band
7115,Encores! Orchestra
7116,"Colin Donnell, Lin-Manuel Miranda, Celia Keenan-Bolger & Merrily We Roll Along Company"
7117,Colin Donnell & Elizabeth Stanley
7118,Akademie für Alte Musik Berlin
7119,elise prado
7120,"Celia Keenan-Bolger, Lin-Manuel Miranda, Jessica Vosk & Merrily We Roll Along Company"
7121,Elizabeth Stanley
7122,Coppell Middle School North Honor Winds & Joey Ashbrook
7123,"Betsy Wolfe, Celia Keenan-Bolger & Colin Donnell"
7124,"Adam Grupper, Colin Donnell, Lin-Manuel Miranda, Celia Keenan-Bolger & Betsy Wolfe"
7125,Alice Sara Ott
7126,Chris Hays
7127,Zachary Unger & Merrily We Roll Along Company
7128,"Lin-Manuel Miranda, Betsy Wolfe & Colin Donnell"
7129,"Elizabeth Stanley, Colin Donnell, Lin-Manuel Miranda, Betsy Wolfe & Ensemble"
7130,Sharon Lavery & Texas All-State 4A Symphonic Band
7131,National Philharmonic & Michael Repper
7132,"Lin-Manuel Miranda, Colin Donnell & Ensemble"
7133,Andrea Bocelli & Veronica Berti
7134,Evgeny Kissin
7135,Michael X. Martin & Colleen Fitzpatrick
7136,Women’s Honor Choir & Dr. Giselle Wyers
7137,Feignn
7138,Mechanical God Creation
7139,"Rolando Villazón, Orchestra Sinfonica di Milano Giuseppe Verdi & Daniele Callegari"
7140,Johns Creek High School Philharmonia Orchestra & Young K. Kim
7141,Central Michigan University Chamber Choir & Nina-Nash Robertson
7142,Matthew Porter & Beckendorff Junior High String Orchestra
7143,"Sharon J. Paul, Texas All-State Women's Choir & Peggy Graff"
7144,"Anna Netrebko, Slovenian Philharmonic Orchestra & Emmanuel Villaume"
7145,"Juan Diego Flórez, Fernando Piqueras, Cor De La Generalitat Valenciana, Orquestra de la Comunitat Valenciana & Daniel Oren"
7146,"Takako Nishizaki, Oliver von Dohnányi & Capella Istropolitana"
7147,The Morehouse College Glee Club & Dr. David Morrow
7148,Children’s Honor Choir & Jim Papoulis
7149,Berlin Philharmonic & Gustavo Dudamel
7150,Sinfonia Orchestra & David F. Eccles
7151,"Theresa Plut, Nuška Rojko, Monika Bohinec, Slovenian Philharmonic Orchestra, Emmanuel Villaume & Slovenian Chamber Choir"
7152,Westbrook Intermediate School Band & Rick Brockway
7153,Banda B. V. Ílhavo & Jorge Ferreira
7154,"Andris Nelsons, Bavarian Radio Symphony Orchestra & Hélène Grimaud"
7155,All-State Band & Samuel Hazo
7156,Queen City High School Band & Melissa Grant
7157,Ivan de la Cruz & Woodlands High School Wind Ensemble
7158,The Oxford Choir
7159,"Anna Netrebko, Sergey Skorokhodov, Slovenian Philharmonic Orchestra & Emmanuel Villaume"
7160,Philip Wesley
7161,"Wordsilah, Prince Ali & Flame"
7162,"University of North Texas Symphony Orchestra, Joe Miller, Texas All-State Mixed Choir & Robert Brewer"
7163,"London Symphony Orchestra, David Charles Abell & Elin Manahan Thomas"
7164,Gail V. Barnes & Florida Middle School Honors Orchestra
7165,Timothy Anderson & Johns Creek High School Philharmonia Orchestra
7166,"Texas All-State Mixed Choir, Robert Brewer, University of North Texas Symphony Orchestra & Joe Miller"
7167,Lake M.S. Seventh Grade Orchestra
7168,"Mack Wilberg, Commotio & Matthew Berry"
7169,Baylor Wind Ensemble & Eric Wilson
7170,Heritage High School Concert Choir & Joel Karn
7171,Stephen Gunzenhauser & Slovak Radio Symphony Orchestra
7172,Youth Honor Choir & Dr. Rollo Dilworth
7173,"Fabio Luisi, Orchestra del Teatro Carlo Felice & Andrea Bocelli"
7174,Elementary All-State Honor Choir & Erin Huff Pitts
7175,Riccardo Muti & Chicago Symphony Orchestra
7176,Carol Griffin & Douglas Anderson School of the Arts Chamber Orchestra
7177,Larry H. Lang & United States Air Force Band
7178,All-State Middle School Young Women's Choir
7179,Canyon High School Chorale Women & Brandon Farren
7180,"The Festival Singers of Florida, Kevin Fenton & Robin Shufford Frank"
7181,W. Dale Warren & Kentucky All-State Symphonic Band
7182,Oscar Smith High School Chamber Orchestra & Deanna Kringel
7183,Scott Teeple & Texas All State 5A Concert Band
7184,"Anna Netrebko, Vienna Symphony & Fabio Luisi"
7185,Scott Weiss & Kentucky All-State Concert Band
7186,"Courtenay Vandiver, Sartartia Symphony Orchestra, Ann Victor & Sartartia Middle School Orchestra"
7187,"Hélène Grimaud, Andris Nelsons & Vienna Philharmonic"
7188,"Donald Lefevre, West Texas A & M University Symphonic Band & James Barger"
7189,University of Texas Arlington Wind Symphony & Douglas Stotter
7190,Craig Kirchhoff & Wheaton Municipal Band
7191,Scott C. Tobias & Florida All-State Concert Band
7192,Vienna Philharmonic & Carlos Kleiber
7193,"Andrea Bocelli, Orchestra del Maggio Musicale Fiorentino & Zubin Mehta"
7194,London Symphony Orchestra & Josef Krips
7195,The Metropolitan Philharmonic Orchestra & Bernhard Jarvis
7196,Moscow RTV Symphony Orchestra & Vladimir Fedoseyev
7197,Daniel Barenboim & Staatskapelle Berlin
7198,Laraaji
7199,"Marcelo Álvarez, Paul Plishka, Marco Armiliato & The Metropolitan Opera Orchestra"
7200,"Sondra Radvanovsky, Marco Armiliato, The Metropolitan Opera Orchestra & Giacomo Puccini"
7201,"Hélène Grimaud, Chamber Orchestra of the Bavarian Radio & Radoslaw Szulc"
7202,2CELLOS
7203,Salt Lake Vocal Artists
7204,The Red Krayola
7205,"Javier Camarena, Maurizio Benini & The Metropolitan Opera Orchestra"
7206,Karthik
7207,Brian Kennedy & Paul Byrom
7208,"Andrea Bocelli, Alan Gilbert & New York Philharmonic"
7209,Jeremy Ford & Springdale Har-Ber High School Wind Symphony
7210,Lakota West High School Symphonic Winds & Gregory L. Snyder
7211,"Dame Joan Sutherland, Jane Berbié, Orchestre national de l'Opéra de Monte-Carlo & Richard Bonynge"
7212,Kai Music
7213,Maurizio Benini & The Metropolitan Opera Orchestra
7214,"Peter Mattei, Maurizio Benini & The Metropolitan Opera Orchestra"
7215,"Julie Nelson, Woodrow Wilson All-Star Choir & Cecile Johnson"
7216,Sikkil Gurucharan
7217,Vocé
7218,Hayley Westenra
7219,Laraaji & Blues Control
7220,"Alan Gilbert, New York Philharmonic & Andrea Bocelli"
7221,Frank Troyka & L.V. Berkner High School Symphonic Band I
7222,"Otis Murphy, Alfred L. Watkins & Cobb Wind Symphony"
7223,"Isabel Leonard, Maurizio Benini & The Metropolitan Opera Orchestra"
7224,"Peter Volpe, Paul Plishka, Marcelo Álvarez, Marco Armiliato & The Metropolitan Opera Orchestra"
7225,Florida All-State Middle School Orchestra & Marilyn Seelman
7226,Hyde Park Middle School Orchestra
7227,"Andrea Bocelli, Alan Gilbert, New York Philharmonic & David Foster"
7228,London Symphony Orchestra & Sir Adrian Boult
7229,P. Unnikrishnan
7230,"Bryn Terfel, London Symphony Orchestra & Barry Wordsworth"
7231,Mallory Thompson & Northshore Concert Band
7232,"Andrea Bocelli, Alan Gilbert, New York Philharmonic & Chris Botti"
7233,Nithyasree Mahadevan
7234,Jugendblasorchester Brandenberg Mariatal Kramsach Rattenberg Radfeld & Christian Widmann
7235,"Marcelo Álvarez, Peter Volpe, Sondra Radvanovsky, Marco Armiliato & The Metropolitan Opera Orchestra"
7236,Brad Holmes & Illinois Honors Chorus
7237,"Sondra Radvanovsky, Marcelo Álvarez, Marco Armiliato & The Metropolitan Opera Orchestra"
7238,"Andrea Bocelli, Alan Gilbert, New York Philharmonic & Tony Bennett"
7239,Sowmya
7240,"Falk Struckmann, Dennis Petersen, Marco Armiliato, The Metropolitan Opera Orchestra, The Metropolitan Opera Chorus & The Metropolitan Opera Children's Chorus"
7241,"Janet Whitcomb Pummill, Brady R. Allred, Texas All-State Mixed Choir & Texas Christian University Symphony Orchestra"
7242,Dinu Lipatti
7243,"John Moore, Javier Camarena, Maurizio Benini, The Metropolitan Opera Orchestra & The Metropolitan Opera Chorus"
7244,Only Men Aloud!
7245,"Sondra Radvanovsky, Marco Armiliato & The Metropolitan Opera Orchestra"
7246,"Andrea Bocelli, Alan Gilbert, New York Philharmonic, Pretty Yende, Ana Maria Martinez & Bryn Terfel"
7247,"Marcelo Álvarez, Sondra Radvanovsky, Marco Armiliato & The Metropolitan Opera Orchestra"
7248,Saindhavi
7249,"Luciano Pavarotti, Nicolai Ghiaurov, National Philharmonic Orchestra & Robin Stapleton"
7250,"Tatiana Troyanos, John Alldis Choir, London Philharmonic Orchestra & Sir Georg Solti"
7251,"Marcelo Álvarez, Peter Volpe, Marco Armiliato & The Metropolitan Opera Orchestra"
7252,Mississippi State University Famous Maroon Band
7253,"Marcelo Álvarez, Marco Armiliato & The Metropolitan Opera Orchestra"
7254,Allen Tinkham & Chicago Youth Symphony Orchestra
7255,"Javier Camarena, Maurizio Muraro, Paata Burchuladze, Maurizio Benini, The Metropolitan Opera Orchestra & The Metropolitan Opera Chorus"
7256,Springfield Junior Youth Symphony
7257,"St. Olaf Cantorei, Grand Rapids Symphony Junior Youth Chorus, Highland Park United Methodist Church Chancel Choir & Jackie Sonderlan Schoon"
7258,"Paul Plishka, Marco Armiliato, The Metropolitan Opera Orchestra, The Metropolitan Opera Chorus & The Metropolitan Opera Children's Choir"
7259,"Peter Mattei, Javier Camarena, Isabel Leonard, Maurizio Muraro, Maurizio Benini & The Metropolitan Opera Orchestra"
7260,Peter Guth & Austrian Radio Symphony Orchestra
7261,Texas All State 5A Concert Band & Kevin Sedatole
7262,The Royal Scots Dragoon Guards
7263,"Falk Struckmann, Paul Plishka, Dennis Petersen, Marco Armiliato & The Metropolitan Opera Orchestra"
7264,"Falk Struckmann, Sondra Radvanovsky, Paul Plishka, Marco Armiliato & The Metropolitan Opera Orchestra"
7265,Midland Center for the Arts H. S. Women's Choir & Linda Hohner-Foster
7266,"Javier Camarena, Isabel Leonard, Peter Mattei, Maurizio Benini & The Metropolitan Opera Orchestra"
7267,"Andrea Bocelli, Alan Gilbert, New York Philharmonic & Ana Maria Martinez"
7268,"Sondra Radvanovsky, Falk Struckmann, Marco Armiliato & The Metropolitan Opera Orchestra"
7269,"Falk Struckmann, James Courtney, Marco Armiliato & The Metropolitan Opera Orchestra"
7270,"Peter Mattei, Javier Camarena, Maurizio Benini & The Metropolitan Opera Orchestra"
7271,George F. Engelmann & James E. Taylor High School Symphony Orchestra
7272,"Andrea Bocelli, New York Philharmonic & Alan Gilbert"
7273,Mairead Carlin
7274,Craig Kirchhoff & National Intercollegiate Band
7275,"Javier Camarena, Maurizio Benini, The Metropolitan Opera Orchestra & The Metropolitan Opera Chorus"
7276,Fron Male Voice Choir
7277,"Anna Netrebko, Vienna Philharmonic & Gianandrea Noseda"
7278,Dietrich Fischer-Dieskau & Gerald Moore
7279,"St. Olaf Cantorei, Grand Rapids Symphony Junior Youth Chorus, Highland Park United Methodist Church Chancel Choir & John Ferguson"
7280,"Patricia Petibon, Concerto Köln & Daniel Harding"
7281,"Falk Struckmann, Dennis Petersen, Marcelo Álvarez, Sondra Radvanovsky, Marco Armiliato, The Metropolitan Opera Orchestra & The Metropolitan Opera Chorus"
7282,"Craig Arnold, Florida All-State Concert Choir & Chad DeLoach"
7283,"Richard Croft, Bradley Garvin, Richard Bernstein, Dante Anzolini, The Metropolitan Opera Chorus & The Metropolitan Opera Orchestra"
7284,"Isabel Leonard, Peter Mattei, Maurizio Benini & The Metropolitan Opera Orchestra"
7285,"Florida All-State Women's Chorus, Tommy Miller & Andrew Larson"
7286,Laraaji & audio active
7287,"Falk Struckmann, James Courtney, Dennis Petersen, Marco Armiliato & The Metropolitan Opera Orchestra"
7288,"Maurizio Muraro, Isabel Leonard, Paata Burchuladze, Javier Camarena, Peter Mattei, Jennifer Check, Maurizio Benini, The Metropolitan Opera Orchestra & The Metropolitan Opera Chorus"
7289,"Andrea Bocelli, Alan Gilbert, New York Philharmonic & Pretty Yende"
7290,Rollo Dilworth & Junior High Middle School Honor Choir
7291,"Amy Bogner, Knox Junior High School Chamber Choir & Lanna Flowers"
7292,Jan Davis & ViBravo String Ensemble
7293,"Sondra Radvanovsky, Dennis Petersen, James Courtney, Marco Armiliato & The Metropolitan Opera Orchestra"
7294,"Joshua Habermann, Texas All-State Women's Choir & Joey Martin"
7295,"Falk Struckmann, Marcelo Álvarez, Dennis Petersen, Sondra Radvanovsky, Marco Armiliato & The Metropolitan Opera Orchestra"
7296,"Falk Struckmann, Sondra Radvanovsky, Marcelo Álvarez, Dennis Petersen, James Courtney, Marco Armiliato & The Metropolitan Opera Orchestra"
7297,Rivertree Singers
7298,ERHS Chorus
7299,"Paata Burchuladze, Maurizio Benini & The Metropolitan Opera Orchestra"
7300,"Marcelo Álvarez, Sondra Radvanovsky, Falk Struckmann, James Courtney, Marco Armiliato & The Metropolitan Opera Orchestra"
7301,"Harold Wilson, Marcelo Álvarez, Marco Armiliato & The Metropolitan Opera Orchestra"
7302,"Alfred Walker, Dante Anzolini, The Metropolitan Opera Chorus & The Metropolitan Opera Orchestra"
7303,"Javier Camarena, Peter Mattei, Isabel Leonard, Maurizio Benini & The Metropolitan Opera Orchestra"
7304,James Newton Howard
7305,Camille & Michael Giacchino
7306,"London Philharmonic Orchestra, David Parry, London Philharmonic Choir & The London Chorus"
7307,"Luciano Pavarotti, The John Alldis Choir, Wandsworth School Boys Choir, London Philharmonic Orchestra & Zubin Mehta"
7308,"London Philharmonic Orchestra, David Parry & London Philharmonic Choir"
7309,London Philharmonic Orchestra & Itzhak Perlman
7310,"Finghin Collins, London Philharmonic Orchestra & David Parry"
7311,Josh Vietti
7312,"Australian Opera and Ballet Orchestra, Patrick Summers & Wolfgang Amadeus Mozart"
7313,Bear McCreary
7314,London Philharmonic Orchestra & Sir Edward Downes
7315,London Philharmonic Orchestra
7316,"Giorgia Tomassi, Alessandro Stella & Carlo Maria Griguoli"
7317,CCC Honor Band Artie Henry Middle School Honors Band & Steven M. Hopkins
7318,"Teddy Tahu Rhodes, Taryn Fiebig, Australian Opera and Ballet Orchestra, Patrick Summers & Wolfgang Amadeus Mozart"
7319,Fantasy Reborn
7320,"Eleni Karaindrou, Alexandros Myrat, Camerata, Friends Of Music Orchestra, Dinos Hadjiiordanou, Stella Gadedi, Aris Dimitriadis & Maria Bildea"
7321,Michigan 2010 Charlotte MS Cadet Band 1 & Stacie Detgen
7322,"Roberto Prosseda, London Philharmonic Orchestra & Nir Kabaretti"
7323,Sabicas
7324,Karina Canellakis & London Philharmonic Orchestra
7325,"Teddy Tahu Rhodes, Jacqueline Dark, Claire Lyon, Australian Opera and Ballet Orchestra, Patrick Summers & Wolfgang Amadeus Mozart"
7326,"Teddy Tahu Rhodes, Australian Opera and Ballet Orchestra, Patrick Summers & Wolfgang Amadeus Mozart"
7327,"St. Olaf Choir, St. Olaf Cantorei, St. Olaf Chapel Choir, Manitou Singers, Viking Chorus & Anton Armstrong"
7328,Samson François
7329,Phillip Glasser & Christopher Plummer
7330,SWR Sinfonieorchester Baden-Baden und Freiburg & Michael Gielen
7331,Simon Vaughan & John Rutter
7332,"Taryn Fiebig, Jacqueline Dark, Australian Opera and Ballet Orchestra, Patrick Summers & Wolfgang Amadeus Mozart"
7333,Jackie Evancho & Fernando Varela
7334,Auburn University Marching Band & Dr. Richard Good
7335,ACDA 2010 Augustana College Choir
7336,"Taryn Fiebig, Peter Coleman-Wright, Rachelle Durkin, Australian Opera and Ballet Orchestra, Patrick Summers & Wolfgang Amadeus Mozart"
7337,"Sian Pendry, Australian Opera and Ballet Orchestra, Patrick Summers & Wolfgang Amadeus Mozart"
7338,"Michigan Music Conference 2010 Grand Rapids Community College Wind Ensemble, John Madden & Bruce H Houseknecht"
7339,Michigan 2010 All State Middle School Orchestra and Band & Andrea DeRenzis Strauss
7340,Oregon MEA 2010 MS Honors Band Choir Orchestra & Corin Overland
7341,"Rebecca Jo Loeb, Anna Schubert, Julian Wachner, The Choir of Trinity Wall Street & NOVUS NY"
7342,"Rachelle Durkin, Australian Opera and Ballet Orchestra, Patrick Summers & Wolfgang Amadeus Mozart"
7343,Oregon MEA 2010 MS Honors Band Choir Orchestra & Bob Phillips
7344,William Howard
7345,Stewart Goodyear
7346,The Band of the Brigade of Gurkhas & Major R.W. Hopla
7347,"Branford Marsalis, Ural Philharmonic Orchestra & Alexey Bogorad"
7348,"Jacqueline Dark, Australian Opera and Ballet Orchestra, Patrick Summers & Wolfgang Amadeus Mozart"
7349,"Jeanne-Marie Conquer, Diego Tosi, Gregoire Simon, Eric-Maria Couturier & Matthias Pintscher"
7350,Aubrey High School Band & Chris Davis
7351,Philharmonic Piano Quartet Berlin
7352,"Heather Orr, Montgomery High School Varsity Chorale Women & Judy Boyter"
7353,Johannes Möller
7354,University of Texas at El Paso Wind Symphony & Ron Hufstader
7355,The City of Prague Philharmonic Orchestra
7356,Leila Josefowicz & Los Angeles Philharmonic
7357,"Manitou Singers, St. Olaf Orchestra & Sigrid Johnson"
7358,Yo-Yo Ma
7359,"The Tabernacle Choir at Temple Square, Craig Jessop & Orchestra at Temple Square"
7360,"Craig Jessop, Orchestra at Temple Square & The Tabernacle Choir at Temple Square"
7361,Joe Hisaishi & London Symphony Orchestra
7362,"The Tabernacle Choir at Temple Square, Orchestra at Temple Square & Mack Wilburg"
7363,"The Tabernacle Choir at Temple Square, Orchestra at Temple Square & Ryan Murphy"
7364,"Alexander Schreiner, Richard P. Condie, The Tabernacle Choir at Temple Square & The Philadelphia Brass Ensemble & Percussion"
7365,Mormon Tabernacle Choir
7366,Yeol Eum Son
7367,"Magdalena Kožená, Orchestra of the Age of Enlightenment & Sir Simon Rattle"
7368,"Karita Mattila, Jiří Bělohlávek & The Metropolitan Opera Orchestra"
7369,"James Morris, Karita Mattila, Thomas Hampson, Piotr Beczala, Jiří Bělohlávek & The Metropolitan Opera Orchestra"
7370,West-Eastern Divan Orchestra & Daniel Barenboim
7371,The United States Air Force Singing Sergeants & Craig Jessop
7372,Kings of Convenience
7373,"Thomas Hamspon, Jiří Bělohlávek, The Metropolitan Opera Orchestra & The Metropolitan Opera Chorus"
7374,Yoon Soyoung & Eliane Reyes
7375,Mini Brass Band Der Ms Ternitz & Leopold Eibl
7376,Ohio MEA 2009 Northwest Region H.S. Orchestra & Antonín Dvořák
7377,"Sandra Snow, Texas All-State Mixed Choir & University of Texas Symphony Orchestra"
7378,The Sycamore J.H. School Orchestra
7379,Gautier Capuçon & Martha Argerich
7380,Dr Ruth Dwyer & All-State 5th 6th Grade Choir
7381,"The Tabernacle Choir at Temple Square, Eugene Ormandy & The Philadelphia Orchestra"
7382,Catherine Major
7383,Eastman Wind Ensemble & Mark Davis Scatterday
7384,Japan Air Self-Defense Force Central Band & Hiroyuki Kayou
7385,Terry Riley & Members of the Creative & Performing Arts at SUNY-Buffalo
7386,Kent Wattleworth & Chippewa Valley H.S. Varsity Choir
7387,Eugene Migliaro Corporon & North Texas Wind Symphony
7388,New York Philharmonic & Alan Gilbert
7389,Jiří Bělohlávek & The Metropolitan Opera Orchestra
7390,"Karita Mattila, Ekaterina Semenchuk, Weny White, Barbara Dever, Jiří Bělohlávek & The Metropolitan Opera Orchestra"
7391,Sarah Brightman
7392,All-State Band
7393,All Star Brass
7394,"Wendy White, Jiří Bělohlávek, The Metropolitan Opera Orchestra & The Metropolitan Opera Chorus"
7395,Oakton H.S. Chamber Orchestra
7396,Oregon MEA 2009 Middle School Honors; Orchestra Band Choir & Richard Meyer
7397,The City of Prague Philharmonic Orchestra & The City of Prague Philharmonic Chorus
7398,Oliver 2009' Orchestra & 'Oliver 2009' Company
7399,Dr Chris Aspaas & All-State Jr. High SATB Choir
7400,All-State Symphonic Choir
7401,"Karita Mattila, Ekaterina Semenchuk, Jiří Bělohlávek & The Metropolitan Opera Orchestra"
7402,"Piotr Beczala, Jiří Bělohlávek & The Metropolitan Opera Orchestra"
7403,Top Secret Drum Corps
7404,"Piotr Beczala, Ekaterina Semenchuk, Thomas Hampson, Karita Mattila, Jiří Bělohlávek & The Metropolitan Opera Orchestra"
7405,"Piotr Beczala, Thomas Hampson, Wendy White, Karita Mattila, Ekaterina Semenchuk, Jiří Bělohlávek & The Metropolitan Opera Orchestra"
7406,"Wendy White, Barbara Dever, Karita Mattila, Ekaterina Semenchuk, Jiří Bělohlávek, The Metropolitan Opera Orchestra & The Metropolitan Opera Chorus"
7407,Eduardo Paniagua
7408,Nobuyuki Tsujii
7409,"Barbara Dever, Karita Mattila, Jiří Bělohlávek & The Metropolitan Opera Orchestra"
7410,Matthew Laura & The Jackson Chorale
7411,"Wendy White, Barbara Dever, Piotr Beczala, Thomas Hampson, Jiří Bělohlávek & The Metropolitan Opera Orchestra"
7412,"David Crawford, Thomas Hampson, Piotr Beczala, Jiří Bělohlávek, The Metropolitan Opera Orchestra & The Metropolitan Opera Chorus"
7413,ZHANG Haochen
7414,Perrysburg H. S. Symphony Strings
7415,Brass Band Heist & Bert Van Thienen
7416,"Karita Mattila, Barbara Dever, Jiří Bělohlávek & The Metropolitan Opera Orchestra"
7417,Alpharetta H. S. Chamber Orchestra
7418,Edward Lisk & MENC Eastern 2009 All Eastern Honors Orchestra Band
7419,"Renaud Capuçon, Gautier Capuçon & Martha Argerich"
7420,"David Crawford, Thomas Hampson, Piotr Beczala, Wendy White, Jiří Bělohlávek, The Metropolitan Opera Orchestra & The Metropolitan Opera Chorus"
7421,"Piotr Beczala, Thomas Hampson, Karita Mattila, Ekaterina Semenchuk, Wendy White, Jiří Bělohlávek, The Metropolitan Opera Orchestra & The Metropolitan Opera Chorus"
7422,"Karita Mattila, Thomas Hampson, Jiří Bělohlávek & The Metropolitan Opera Orchestra"
7423,Jonathan Bockelmann
7424,Lynn Harrell & Yuja Wang
7425,Lea Salonga & Charlie Parker
7426,Lea Salonga & Peter Saide
7427,derkalavier
7428,Vladimir Jurowski & The Metropolitan Opera Orchestra
7429,Jen Bechter & Brandy Zarle
7430,"Lea Salonga, Julia Cook, Jen Bechter & Brandy Zarle"
7431,"Aaron Galligan-Stierle, Julia Cook, Jen Bechter & Brandy Zarle"
7432,Michele Garruti
7433,John O'Brien & Rick Boston
7434,United States Army Field Band & Arnald D. Gabriel
7435,Jefferson Slinkard & Janna Cardia
7436,Cinderella International Tour Cast
7437,"Jefferson Slinkard, Janna Cardia, Aaron Galligan-Stierle, Steve Gagliastro & Richard Cerato"
7438,Peter Saide
7439,Tomoki Kitamura
7440,Wojciech Wisniewski
7441,Chloe Flower
7442,"Alice Coote, Christine Schäfer, Vladimir Jurowski & The Metropolitan Opera Orchestra"
7443,ASTA 2008 National Orchestra Festival Los Alamos MS Orchestra & Cheryl Smith-Ecke
7444,"Leonard Bernstein, New York Philharmonic & Jenny Tourel"
7445,"Susan Graham, James Levine, The Metropolitan Opera Orchestra & The Metropolitan Opera Chorus"
7446,Xun Wang
7447,Ran Dank
7448,Japan Air Self-Defense Force Western Air Band & Kaoru Urakawa
7449,Eclipse Beats
7450,Elizabeth Bailey & Christopher Glynn
7451,"Himesh Reshammiya, Sadhana Sargam & Kamal Haasan"
7452,Thomas H. Palmatier & United States Army Field Band
7453,"The Famous Maroon Band, Ms. Elva Kaye Lance, Dr. Clifton Taylor, Dr. Craig Aarhus & Mississippi State Symphonic Band"
7454,University of Northern Colorado Pride of the Rockies Marching Band & Dr. Richard Mayne
7455,"Leonard Bernstein, New York Philharmonic, Collegiate Chorale, Jenny Tourel & Lee Venora"
7456,The Dartmouth Aires
7457,Georges Prêtre & Vienna Philharmonic
7458,James Levine & The Metropolitan Opera Orchestra
7459,"MENC National 2008 Einstein; Classical MS Festival Orchestra, Carrie Lane Gruselle & Robert B Brown"
7460,Denis Pascal
7461,"Martha Argerich, Royal Philharmonic Orchestra & Charles Dutoit"
7462,James Fitzpatrick & The City of Prague Philharmonic Orchestra
7463,Ohio MEA 2008 Northwest Region H.S. Orchestra
7464,University of Oregon Marching Band
7465,Shani Diluka
7466,Ohio MEA 2008 Northeast Region H.S. Orchestra & Tomaso Albinoni
7467,ASTA 2008 National Orchestra Festival Hershey Festival Strings & Sandra Dackow
7468,Kim Dong Ryul
7469,"Craig Jessop, Texas All-State Mixed Choir & Texas Tech University Symphony Orchestra"
7470,Vienna Symphony & Fabio Luisi
7471,"Stefan Schweigert, Dag Jensen, Sharon Kam, Diemut Schneider, Marie-Luise Neunecker, Barbara Stegemann, François Leleux & Sybille Mahni"
7472,"Marcus Bradford, Z. Randall Stroope & Texas All-State Men's Choir"
7473,Simón Bolívar Youth Orchestra of Venezuela & Gustavo Dudamel
7474,"Elīna Garanča, Anna Netrebko, Vienna Symphony & Fabio Luisi"
7475,"Vienna Symphony, Fabio Luisi & Wiener Singakademie"
7476,"Elīna Garanča, Vienna Symphony & Fabio Luisi"
7477,Benjamin Grosvenor
7478,"Barbara Stegemann, François Leleux, Sybille Mahni, Stefan Schweigert, Diemut Schneider, Marie-Luise Neunecker, Dag Jensen & Sharon Kam"
7479,Klein
7480,Zlata Chochieva
7481,"Elīna Garanča, Tiziano Bracci, Joseph Calleja, Vienna Symphony, Fabio Luisi & Wiener Singakademie"
7482,Skitch Henderson & The New York Pops
7483,Pizitz 8th Grade Choir
7484,"Arizona MEA 2008 HS All State Band, Dr. Stephen Peterson & Bruce Houseknecht"
7485,Michigan ACDA 2008 Oakland Chorale & Micahael Mitchell
7486,"Joseph Calleja, Tiziano Bracci, Robert Gleadow, Vienna Symphony, Fabio Luisi & Wiener Singakademie"
7487,ASTA 2008 National Orchestra Festival Century High School Orchestra & Jeremy Overbeck
7488,"Barbara Stegemann, François Leleux, Sybille Mahni, Marie-Luise Neunecker, Diemut Schneider, Stefan Schweigert, Dag Jensen & Sharon Kam"
7489,"Barbara Stegemann, François Leleux, Sybille Mahni, Sharon Kam, Diemut Schneider, Marie-Luise Neunecker, Dag Jensen & Stefan Schweigert"
7490,Maya Rasooly & Sasha Grynyuk
7491,Claire Désert & Emmanuel Strosser
7492,"Robert Gleadow, Anna Netrebko, Elīna Garanča, Vienna Symphony & Fabio Luisi"
7493,"Elīna Garanča, Joseph Calleja, Tiziano Bracci, Vienna Symphony, Fabio Luisi & Wiener Singakademie"
7494,Steven Lorenz & Lyon Singers
7495,Nimrod Guez & Josh Martin
7496,Bowling Green State University Men’s Chorus
7497,"Erich Gruenberg, Gervase De Peyer & Michel Béroff"
7498,"Tiziano Bracci, Elīna Garanča, Joseph Calleja, Vienna Symphony, Fabio Luisi & Wiener Singakademie"
7499,Stuttgart Chamber Orchestra & Karl Münchinger
7500,"Tiziano Bracci, Joseph Calleja, Vienna Symphony, Fabio Luisi & Wiener Singakademie"
7501,"Anna Netrebko, Elīna Garanča, Joseph Calleja, Robert Gleadow, Tiziano Bracci, Vienna Symphony & Fabio Luisi"
7502,Cincinnati Junior Strings
7503,London Symphony Orchestra & Leopold Ludwig
7504,"Anna Netrebko, Elīna Garanča, Vienna Symphony & Fabio Luisi"
7505,"Anna Netrebko, Elīna Garanča, Joseph Calleja, Tiziano Bracci, Robert Gleadow, Vienna Symphony, Fabio Luisi & Wiener Singakademie"
7506,"Anna Netrebko, Robert Gleadow, Vienna Symphony & Fabio Luisi"
7507,André Previn & London Symphony Orchestra
7508,London Symphony Orchestra & James Horner
7509,Alexandre Desplat & London Symphony Orchestra
7510,London Symphony Orchestra
7511,"Sheku Kanneh-Mason, London Symphony Orchestra & Sir Simon Rattle"
7512,London Symphony Orchestra & Paul Mann
7513,London Symphony Orchestra & Antonio Pappano
7514,Josef Krips & London Symphony Orchestra
7515,CLARAGUILAR
7516,London Symphony Orchestra & John Eliot Gardiner
7517,BOND
7518,Royal Scots Dragoon Guards [Artist]
7519,Pandit Shivkumar Sharma & Pandit Hariprasad Chaurasia
7520,Zubin Mehta & Vienna Philharmonic
7521,Tomoko Yazawa
7522,"Anna Netrebko, Rolando Villazón, Boaz Daniel, Bavarian Radio Symphony Orchestra & Bertrand De Billy"
7523,"Anna Netrebko, Bavarian Radio Symphony Orchestra & Bertrand De Billy"
7524,"Nicole Cabell, Anna Netrebko, Rolando Villazón, Boaz Daniel, Stéphane Degout, Tiziano Bracci, Vitalij Kowaljow, Bavarian Radio Symphony Orchestra & Bertrand De Billy"
7525,"ASTA 2007 National Orchestra Festival El Diamante High School Strings Orchestra, Michael Tackett, Richard Meyer, Johann Sebastian Bach & Vernon Leidig"
7526,"Rolando Villazón, Bavarian Radio Symphony Orchestra & Bertrand De Billy"
7527,"ASTA 2007 National Orchestra Festival Bedford Junior High String Orchestra, Jeffrey Thomas & Doug Spata"
7528,ASTA 2007 National Orchestra Festival Adrian High School Symphony Strings & Lorri Wittenkeller
7529,Buckethead
7530,"Elīna Garanča, Fabio Luisi & Staatskapelle Dresden"
7531,"Rolando Villazón, Boaz Daniel, Vitalij Kowaljow, Bavarian Radio Symphony Orchestra & Bertrand De Billy"
7532,Chelsea Beach Middle School 8th Grade String Orchestra
7533,"Anna Netrebko, Rolando Villazón, Bavarian Radio Symphony Orchestra & Bertrand De Billy"
7534,"Rolando Villazón, Boaz Daniel, Stéphane Degout, Vitalij Kowaljow, Bavarian Radio Symphony Orchestra & Bertrand De Billy"
7535,"Anna Netrebko, Rolando Villazón, Stéphane Degout, Boaz Daniel, Vitalij Kowaljow, Bavarian Radio Symphony Orchestra, Bertrand De Billy & Bavarian Radio Chorus"
7536,"Rolando Villazón, Boaz Daniel, Stéphane Degout, Vitalij Kowaljow, Tiziano Bracci, Bavarian Radio Symphony Orchestra & Bertrand De Billy"
7537,"Anna Netrebko, Rolando Villazón, Stéphane Degout, Boaz Daniel, Vitalij Kowaljow, Bavarian Radio Symphony Orchestra & Bertrand De Billy"
7538,"Anna Netrebko, Rolando Villazón, Kevin Connors, Stéphane Degout, Boaz Daniel, Vitalij Kowaljow, Bavarian Radio Symphony Orchestra, Bertrand De Billy, Bavarian Radio Chorus & Kinderchor des Stadttheaters am Gärtnerplatz"
7539,Masashi Hamauzu
7540,"Nicole Cabell, Anna Netrebko, Rolando Villazón, Boaz Daniel, Stéphane Degout, Vitalij Kowaljow, Tiziano Bracci, Bavarian Radio Symphony Orchestra, Bertrand De Billy & Bavarian Radio Chorus"
7541,"Anna Netrebko, Rolando Villazón, Boaz Daniel, Stéphane Degout, Vitalij Kowaljow, Bavarian Radio Symphony Orchestra, Bertrand De Billy & Kinderchor des Stadttheaters am Gärtnerplatz"
7542,"Nicole Cabell, Anna Netrebko, Rolando Villazón, Stéphane Degout, Boaz Daniel, Vitalij Kowaljow, Bavarian Radio Symphony Orchestra, Bertrand De Billy, Bavarian Radio Chorus & Kinderchor des Stadttheaters am Gärtnerplatz"
7543,Brandon K. Verrett
7544,"Nicole Cabell, Tiziano Bracci, Bavarian Radio Symphony Orchestra, Bertrand De Billy & Bavarian Radio Chorus"
7545,"Stéphane Degout, Vitalij Kowaljow, Bavarian Radio Symphony Orchestra & Bertrand De Billy"
7546,"Anna Netrebko, Boaz Daniel, Bavarian Radio Symphony Orchestra & Bertrand De Billy"
7547,"Anna Netrebko, Nicole Cabell, Rolando Villazón, Boaz Daniel, Bavarian Radio Symphony Orchestra & Bertrand De Billy"
7548,Sir Adrian Boult & London Philharmonic Orchestra
7549,"Anna Netrebko, Gerald Haeussler, Tiziano Bracci, Bavarian Radio Symphony Orchestra & Bertrand De Billy"
7550,"Rolando Villazón, Boaz Daniel, Bavarian Radio Symphony Orchestra & Bertrand De Billy"
7551,London Philharmonic Orchestra & Vernon Handley
7552,"Nicole Cabell, Anna Netrebko, Rolando Villazón, Stéphane Degout, Boaz Daniel, Vitalij Kowaljow, Bavarian Radio Symphony Orchestra & Bertrand De Billy"
7553,"Nicole Cabell, Rolando Villazón, Boaz Daniel, Stéphane Degout, Vitalij Kowaljow, Bavarian Radio Symphony Orchestra & Bertrand De Billy"
7554,Peter Schickele
7555,The Flaming Lips & Yoko Ono
7556,"Anna Netrebko, Nicole Cabell, Rolando Villazón, Stéphane Degout, Boaz Daniel, Bavarian Radio Symphony Orchestra & Bertrand De Billy"
7557,"Dame Kiri Te Kanawa, Marek Janowski & Philharmonia Orchestra"
7558,Black River Public School Advanced Orchestra
7559,Peter Schickele & David Dusing
7560,William Mason High School Symphony Concert Orchestra
7561,All-State Concert Band
7562,Antonio Pappano & London Symphony Orchestra
7563,Wandinho Nonato
7564,"Kent Nagano, Dame Kiri Te Kanawa & Orchestre National de Lyon"
7565,"Peter Schickele, The Armadillo String Quartet, David Dusing & Michele Eaton"
7566,Peabody Conservatory Wind Ensemble
7567,All-State Choir & Paul Basler
7568,Peter Schickele & Michele Eaton
7569,Amma
7570,Le Concert Spirituel & Hervé Niquet
7571,"BBC Philharmonic, Coventry Cathedral Choir, Dame Kiri Te Kanawa, Lichfield Cathedral Choir & Robin Stapleton"
7572,Concerto Italiano & Rinaldo Alessandrini
7573,"Irving Berlin's White Christmas Broadway Ensemble, Brian d'Arcy James, Jeffry Denman, Anastasia Barzee, Meredith Patterson & Karen Morrow"
7574,"Connie Fisher & ""The Sound of Music"" London Palladium Cast"
7575,Brian d'Arcy James
7576,"Rachel Barton Pine, Royal Scottish National Orchestra & Teddy Abrams"
7577,Estampie
7578,"Nemanja Radulović, Borusan Istanbul Philharmonic Orchestra & Sascha Goetzel"
7579,Traverse City West Senior High Symphony Orchestra
7580,"Mississippi State University Marching Band, Ms. Elva Kaye Lance, Dr. Clifton Taylor, Mr. Kevin York & Mississippi State University Famous Maroon Band"
7581,Nikolai Lugansky
7582,"Yakov Kreizberg, Julia Fischer & Russian National Orchestra"
7583,les
7584,"Lauren Ward, Ian Gelder & Alexander Hanson"
7585,ASTA 2006 National Orchestra Festival Lux MS 8th Grade Orchestra & Del Whitman
7586,"Liya Petrova, Sinfonia Varsovia & Jean-Jacques Kantorow"
7587,"Alondra de la Parra, Alex Brown & Philharmonic Orchestra of the Americas"
7588,"Connie Fisher, Alexander Hanson & ""The Sound of Music"" London Palladium Cast"
7589,"Sharon Bezaly, Orquestra Sinfônica do Estado de São Paulo & Enrique Arturo Diemecke"
7590,The Sound Of Music/London Palladium/Ensemble
7591,Robert Fripp & Brian Eno
7592,Connie Fisher
7593,Sophie Bould & Neil McDermott
7594,ASTA 2006 National Orchestra Festival Shawnee Mission East Symphony Orchestra & Jonathan Lane
7595,Edin Karamazov
7596,"N. Ramani, Dr. L. Subramaniam, Dr. M. Manjunath & Sri Ganapathy Sachchidananda Swamiji"
7597,"Zubin Mehta, Itzhak Perlman & Israel Philharmonic Orchestra"
7598,"David Garrett, Claudio Abbado & Chamber Orchestra of Europe"
7599,Lesley Garrett
7600,Ian Gelder & Lauren Ward
7601,Lesley Garrett & Connie Fisher
7602,Robert Fripp
7603,"Claire Massie, Susie Fenwick, Margaret Preece & Lesley Garrett"
7604,"Anna Netrebko, PKF - Prague Philharmonia & Emmanuel Villaume"
7605,"David Oistrakh, Aram Khachaturian & Philharmonia Orchestra"
7606,"Arleen Auger, City Of London Baroque Sinfonia, Ian Watson, John Heley, Dorothy Linell & Richard Hickox"
7607,"""The Sound of Music"" London Palladium Cast"
7608,"""The Sound of Music"" London Palladium Cast & Alexander Hanson"
7609,ASU Sun Devil Marching Band & James G. Hudson
7610,Rosenstolz
7611,Connie Fisher & Alexander Hanson
7612,"Lesley Garrett & ""The Sound of Music"" London Palladium Cast"
7613,Dunedin Consort & John Butt
7614,"Armenian Philharmonic Orchestra, Catherine Manoukain & Eduard Topchjan"
7615,DJ Takemura
7616,Florida State University Singers
7617,University of Texas Wind Ensemble & Jerry Junkin
7618,D*Note
7619,"London Philharmonic Orchestra, Ruggiero Ricci & Anatole Fistoulari"
7620,Connie Fisher & Sophie Bould
7621,Red Army Choir & Band
7622,Orchestra Mozart & Claudio Abbado
7623,"Claire Massie, Susie Fenwick & Margaret Preece"
7624,"Piero Piccioni, Gianni Ferrio & Roma Sinfonietta"
7625,Mantronik
7626,"Nicolas Koeckert, José Serebrier & Royal Philharmonic Orchestra"
7627,Tranquility Bass
7628,"David Oistrakh, Philharmonia Orchestra & Nicolai Malko"
7629,"Dayton Philharmonic Youth Orchestra, Patrick Reynolds & Antonín Dvořák"
7630,DJ Spooky That Subliminal Kid
7631,"David Garrett, Chamber Orchestra of Europe & Claudio Abbado"
7632,"Deutsches Symphonie-Orchester Berlin, Thomas Duis, Reinhold Friedrich & Lutz Kohler"
7633,Scholars Baroque Ensemble
7634,"Daniel Rowland, Thomas Carroll, Stift Festival Orchestra & Maja Bogdanović"
7635,"Sergey Khachatryan, Emmanuel Krivine & Sinfonia Varsovia"
7636,Rafael Mangasryan & Armenien RTV Symphony Orchestra
7637,"Fatma Said, Sascha Goetzel & Orchestre Philharmonique De Monte-Carlo"
7638,Bill Holt
7639,Ustad Vilayat Khan
7640,"Mississippi State University Wind Ensemble, Elva Kaye Lance & Mississippi State University Bands"
7641,"Maroon Marching Band, Ms. Elva Kaye Lance, Dr. Clifton Taylor, Mr. Craig Aarhus & Mr. Kevin J. York"
7642,T. M. Krishna
7643,ASTA 2006 National Orchestra Festival River Trail MS Chamber Orchestra & Amos Liu
7644,"Bergamo Musica Festival Chorus, Andrew Schroeder, Dimitra Theodossiou, Federica Bragaglia, Giorgio Valerio, Luigi Albani, Massimiliano Pisapia, Tommaso Norelli, Marcello Rota & Bergamo Musica Festival Orchestra"
7645,"University of Texas Chamber Singers, University of Texas Concert Chorale, University of Texas Wind Ensemble, Jerry Junkin, Robert Carnochan & University of Texas Chamber Singers, male section"
7646,"Oscar Navarro, Oscar Navarro Symphony Orchestra & Jose Franch-Ballester"
7647,Ryu Goto & Michael Dussek
7648,"Dunedin Consort, Susan Hamilton, Cecilia Osmond & John Butt"
7649,Brian Eno
7650,Van Der Graaf Generator
7651,‘Jesus Christ Superstar’ 1996 London Cast & Andrew Lloyd Webber
7652,Rui Shi
7653,The Baby Einstein Music Box Orchestra
7654,Fairview German Bilingual School Orchestra
7655,Trio Casals
7656,Devin Wiggins
7657,İdil Biret
7658,"Thomas Jaber, Simon Carrington & Texas All-State Mixed Choir"
7659,Cincinnati String Academy Premiere Academy Orchestra
7660,Michele McLaughlin
7661,Chu-Fang Huang
7662,"Las Vegas Academy Symphony Strings, Carol Jackson, Karl Reinarz & Johann Sebastian Bach"
7663,University of Oklahoma Bands & Brian Britt
7664,Lyceum Chamber Ensemble & Denise Willey
7665,ASTA 2005 HS Honors Orchestra & Mark Russell Smith
7666,"Ann Crumb, Laurel Ford, Michael Ball & Andrew Lloyd Webber"
7667,Alexander Kobrin
7668,"ASTA 2005 Knudson MS Varsity Orchestra, Kerry Bennett & Deborah Baker Monday"
7669,The Thousands
7670,ASTA 2005 Chattahoochee HS Sinfonia & Jim Palmer
7671,"ASTA 2005 Knudson MS Varsity Orchestra, Kerry Bennett & Richard A. Stephan"
7672,Alice
7673,"Jessye Norman, London Philharmonic Orchestra & Klaus Tennstedt"
7674,"Jessye Norman, Ambrosian Opera Chorus, John McCarthy, London Philharmonic Orchestra & Klaus Tennstedt"
7675,"ASTA 2005 Knudson MS Varsity Orchestra, Kerry Bennett & Richard Meyer"
7676,"Carlo Rizzi, Vienna Philharmonic & Anna Netrebko"
7677,Gary D. Green & Texas All-State 5A Symphonic Band
7678,Franz Rupp & Fritz Kreisler
7679,Esther Park
7680,David Belich
7681,Lorin Maazel & Vienna Philharmonic
7682,Xiaohan Wang
7683,"University of Southern Mississippi Symphonic Winds and Wind Ensemble, Gary W. Adam, Jamie Standland, Eric Harris, Gary Cook & The University of Southern Mississippi Symphonic Winds"
7684,The Dead C
7685,Sanjay Subrahmanyan
7686,Gabriela Martinez
7687,"North Salem HS Chamber Orchestra, Larry Garrett & Richard A. Stephan"
7688,Davide Cabassi
7689,"Janos Selmeczi, Camerata Transylvanica & Gyorgy Selmeczi"
7690,Mason Williams & Zoe McCulloch
7691,ASTA 2005 Springville HS Philharmonic Orchestra & Samuel Tsugawa
7692,Mino Kabasawa
7693,Kei Hasebe & Tamagawa Gakuen Symphonic Wind Orchestra
7694,Vladimir Horowitz
7695,Michael McCormack
7696,Cincinnati Public Schools Suzuki Cooperative
7697,坂本龍一+相対性理論
7698,Michalis Kontaxakis
7699,Middle School Honor Choir
7700,"Gervase De Peyer, Daniel Barenboim & Jacqueline du Pré"
7701,Ron Fish
7702,Wolfgang Rübsam
7703,"ASTA 2005 National Orchestra Festival Duluth High School Chamber Orchestra, Peter Lemonds, Reva Kuzmich & Pietro Antonio Locatelli"
7704,Joon Hyung Park & Republic of Korea Navy Symphonic Band
7705,Alexei Grynyuk
7706,Northwestern State University Bands & Jeffrey C. Mathews
7707,"United States Army Band ""Pershing's Own"" & Thomas Rotondi, Jr."
7708,Gervase De Peyer & Daniel Barenboim
7709,London Philharmonic Orchestra & Klaus Tennstedt
7710,"ASTA 2005 Sartartia MS Symphony, Ann Victor & Michael Allen"
7711,Scheuring Flóra
7712,Di Wu
7713,"Yordy Ramiro, Slovak Radio Symphony Orchestra & Alexander Rahbari"
7714,Charles Munch & Boston Symphony Orchestra
7715,Elizabeth Joy Roe
7716,Realtime
7717,Gregory Coleman
7718,"Christopher Jackson, Studio de musique ancienne de Montréal, Stradivaria & Daniel Cuiller"
7719,Can
7720,Alexandre Desplat
7721,James Judd & New Zealand Symphony Orchestra
7722,"ASTA 2004 Washington MS Senior Orchestra, Elizabeth Fortune & Antonio Vivaldi"
7723,Eminence Symphony Orchestra
7724,Anime Zing
7725,Jenő Jandó
7726,Helena Basilova
7727,Nancy Wiebe Mazurowski
7728,"Van Cliburn, Fritz Reiner & Chicago Symphony Orchestra"
7729,"Adriana Kohutkova, Denisa Slepkovska, Johannes Wildner & Slovak Radio Symphony Orchestra"
7730,"Ryuichi Sakamoto, Jaques Morelenbaum & Judy Kang"
7731,Gold Orchestra & David Littrell
7732,Jorge Quintero
7733,"Sondra Radvanovsky, Frédéric Chaslin & The Metropolitan Opera Orchestra"
7734,Capella Istroplitana & Wolfgang Sobotka
7735,"The University of Mississippi Wind Ensemble, Thomas V. Fraschillo & The University of Southern Mississippi Wind Ensemble"
7736,"Daniela Steininger, Juan Estelles Belda, Lin Shiau-Ling, Philipp Tutzer & Werner Goebl"
7737,Machael Halasz & Zagreb Festival Orchestra
7738,TMEA All-State String Orchestra & James Kjelland
7739,Capella Istropolitana & Jozef Kopelman
7740,National Symphony Orchestra of Ukraine & Theodore Kuchar
7741,"Graciela Alperyn, Rahbari, Slovak Philharmonic Chorus & Slovak Radio Symphony Orchestra"
7742,Pino Donaggio
7743,Fritz Reiner & Chicago Symphony Orchestra
7744,"Jeremy Summerly, Royal Academy Consort & Tallis Chamber Choir"
7745,Kenneth Schermerhorn & Nashville Symphony
7746,"The College of Wooster 2004 Scot Symphonic Band, Nancy Ditmer & Ned Brooks"
7747,Gérard Souzay & L´orchestre de la société des concerts du conservatoire de Paris
7748,The Columbus Symphony Chamber Strings Orchestra
7749,"Bolshoi Theatre Chorus, Russian State Symphony Orchestra & John McGlinn"
7750,WCU Marching Cats & Mr. Bob Buckner
7751,Sharon Isbin
7752,The University of Dayton Chorale & Robert B. Jones
7753,Frédéric Chaslin & The Metropolitan Opera Orchestra
7754,John P Freeman Optional School String Orchestra & Pamela Wilensky
7755,Texas All-State 4A Symphonic Band & Frank Wickes
7756,Texas All-State Mixed Choir & Lawrence Kaptein
7757,Sjöbo Ungdomsorkester
7758,"Valery Gergiev, Mariinsky Orchestra & Lang Lang"
7759,NSU Wind Ensemble
7760,Sharon Isbin & Joan Baez
7761,"Caddo Middle Magnet Orchestra - HS Chamber Orchestra, Johnette LeBlanc & Johann Sebastian Bach"
7762,"Texas All-State Men's Choir, Carl V. Braden, Jon Marcum & Jonathan Reed"
7763,emolifestyle2004
7764,Bowling Green State University A Cappella Choir
7765,"2002 All-State Treble Choir, Sigrid Johnson & Carl V. Braden"
7766,Ohio MEA 2004 Northeast Region H.S. Orchestra
7767,All-State Choir
7768,"Sir Philip Ledger, James Lancelot & The Choir of King's College, Cambridge"
7769,Tony Renis
7770,"Fritz Reiner, Mihaly Virizlay & Chicago Symphony Orchestra"
7771,NSU Symphony Band
7772,András Schiff
7773,John Owen Edwards & National Symphony Orchestra
7774,"Charles Munch, Boston Symphony Orchestra, New England Conservatory Alumni Chorus & New England Conservatory Chorus"
7775,Ranjani - Gayathri
7776,Lassiter High School String Ensemble Lassiter High School Sinfonia & Carol Doemel
7777,Nicolas Horvath
7778,Arthur Fiedler & Boston Pops Orchestra
7779,2002 All-State Mixed Choir & Doreen Rao
7780,"The College of Wooster 2004 Scot Marching Band Score Wooster, Nancy Ditmer, Jay Bocook & Will Rapp"
7781,"Caddo Middle Magnet Orchestra - HS Chamber Orchestra, Johnette LeBlanc & Johann Pachelbel"
7782,"The College of Wooster 2004 Scot Symphonic Band Commencement Crown Imperial, Nancy Ditmer, Ned Brooks & W J Duthoit"
7783,"The Choir of King's College, Cambridge & Sir David Willcocks"
7784,Sharon Isbin & Mark O'Connor
7785,Auburn University Marching Band & Dr. Rick Good
7786,"Yo-Yo Ma, New York Philharmonic & Kurt Masur"
7787,"Vienna Philharmonic, Alain Altinoglu & Gautier Capuçon"
7788,"Mstislav Rostropovich, Berlin Philharmonic & Herbert von Karajan"
7789,"Kian Soltani, Staatskapelle Berlin & Daniel Barenboim"
7790,"Yo-Yo Ma, Kurt Masur & New York Philharmonic"
7791,"Jean-Guihen Queyras, Jiří Bělohlávek & PKF - Prague Philharmonia"
7792,"Mstislav Rostropovich, London Philharmonic Orchestra & Carlo Maria Giulini"
7793,"Craig Jessop, Mack Wilberg, Orchestra at Temple Square & The Tabernacle Choir at Temple Square"
7794,"Erik Carlson, Stephanie Richards & D. Edward Davis"
7795,"Victor Julien-Laferrière, Orchestre Philharmonique Royal de Liège & Gergely Madaras"
7796,"ASTA 2003 Syracuse Symphony Youth String Orchestra Chamber Orchestra, Muriel Bodley & Johann Sebastian Bach"
7797,"Mario Brunello, Antonio Pappano & Orchestra dell'Accademia Nazionale di Santa Cecilia"
7798,"Thomas Zehetmair, Orchestra of the 18th Century & Frans Brüggen"
7799,"Gregor Piatigorsky, Boston Symphony Orchestra & Charles Munch"
7800,"Jacqueline du Pré, Sergiu Celibidache & Swedish Radio Symphony Orchestra"
7801,"Alisa Weilerstein, Jiří Bělohlávek & Czech Philharmonic"
7802,"Lorin Maazel, Berlin Philharmonic & Yo-Yo Ma"
7803,Joseph Keilberth & Hamburg Philharmonic State Orchestra
7804,"Jiří Bělohlávek, Czech Philharmonic & Alisa Weilerstein"
7805,"Jacqueline du Pré, Daniel Barenboim & Chicago Symphony Orchestra"
7806,"Philharmonia Orchestra, Vladimir Ashkenazy & Jamie Walton"
7807,"The Tabernacle Choir at Temple Square, Columbia Brass and Percussion Ensemble & Jerold D. Ottley"
7808,"Carlo Maria Giulini, London Philharmonic Orchestra & Mstislav Rostropovich"
7809,The Sixteen & Harry Christophers
7810,"Sandra Lied Haga, Russian State Symphony Orchestra & Terje Mikkelsen"
7811,"Mstislav Rostropovich, USSR State Radio and Television Symphony Orchestra, Boris Khaikin & Antonín Dvořák"
7812,"Jacqueline du Pré, Chicago Symphony Orchestra & Daniel Barenboim"
7813,Nikolaus Harnoncourt & Vienna Philharmonic
7814,"Mstislav Rostropovich, Boston Symphony Orchestra & Seiji Ozawa"
7815,"Kurt Masur, Yo-Yo Ma & New York Philharmonic"
7816,"Nürnberger Symphoniker, Jorg Metzger & Othmar Mága"
7817,"Daniel Barenboim, Chicago Symphony Orchestra & Jacqueline du Pré"
7818,"Adolfo Gutiérrez Arenas, Magdeburg Philharmonic Orchestra & Kimbo Ishii"
7819,"Jenny Joel, Nikolai Schneider & KHG Symphony Orchestra Freiburg"
7820,"ASTA 2003 Ithaca Advanced Violin Ensemble The Moorehead Sixth Grade Orchestra, Sandy Reuning & Jules Massenet"
7821,"János Starker, Antal Doráti & London Symphony Orchestra"
7822,"Leonard Bernstein, Israel Philharmonic Orchestra & Mischa Maisky"
7823,Kevin Ayers
7824,"Pierre Fournier, Berlin Philharmonic & George Szell"
7825,"Luciano Pavarotti, Bono & Leone Magiera"
7826,"ASTA 2003 Ithaca Advanced Violin Ensemble The Moorehead Sixth Grade Orchestra, Brian Cole, Giacomo Puccini & John Heilman"
7827,"Mstislav Rostropovich, Herbert von Karajan & Berlin Philharmonic"
7828,"Berlin Philharmonic, Mstislav Rostropovich & Herbert von Karajan"
7829,Maria Kliegel
7830,"Hélène Grimaud, Swedish Radio Symphony Orchestra, Esa-Pekka Salonen & Swedish Radio Choir"
7831,"Lynn Harrell, Philharmonia Orchestra & Vladimir Ashkenazy"
7832,"Gautier Capuçon, Paavo Järvi & Frankfurt Radio Symphony"
7833,"Maria Kliegel, Michael Halász & Royal Philharmonic Orchestra"
7834,Nürnberger Symphoniker & Othmar Mága
7835,TMEA All-State Mixed Choir & Z. Randall Stroope
7836,"Mischa Maisky, Zubin Mehta & Berlin Philharmonic"
7837,"Mischa Maisky, Leonard Bernstein & Israel Philharmonic Orchestra"
7838,"The ""Anything Goes"" 2003 Orchestra"
7839,"Zdenek Macal, Robert Cohen & London Philharmonic Choir"
7840,Invadable Harmony
7841,Yoanna Sky
7842,Penguin Piano
7843,Flow Music
7844,Nobuo Uematsu
7845,"Leonid Makarevich, Yaroslav Krasnikov, Rossen Milanov, Moscow Philharmonic Orchestra, Andrey Chernishov, Michail Poroshin, Georgy Pleskatch & Aleksey Volkov"
7846,Texas All-State 5A Concert Band & Frank Ticheli
7847,"Luciano Pavarotti, Eric Clapton, East London Gospel Choir, L'Orchestra Filarmonica Di Torino & Marco Armiliato"
7848,John McMartin
7849,Pride of the Rockies Marching Band & University of Northern Colorado Bands
7850,"Molly Ephraim, Laura Benanti, Adam Wylie"
7851,Ralph van Raat
7852,"Laura Benanti, Adam Wylie"
7853,"Christopher Sieber, Gregg Edelman"
7854,"Vanessa Williams, Molly Ephraim,"
7855,Stephen DeRosa
7856,Molly Ephraim
7857,"Vanessa Willams, Melissa Dye"
7858,Gregg Edelman
7859,"Adam Wylie, Stephen DeRosa"
7860,"Laura Benanti, John McMartin"
7861,"John McMartin, Stephen DeRosa"
7862,Stephen Sondheim
7863,Henry Smith
7864,"Anne-Sophie Mutter, New York Philharmonic & Kurt Masur"
7865,LittleTranscriber
7866,Redi Hasa
7867,Vanessa-Mae
7868,Rashid Khan
7869,Jartisto
7870,"Itzhak Perlman, Philharmonia Orchestra & Carlo Maria Giulini"
7871,Mei-Ting Sun
7872,"London Symphony Orchestra, Charles Gerhardt & Lee Holdridge"
7873,"The Juilliard Orchestra, Itzhak Perlman & Lawrence Foster"
7874,"Hespèrion XXI, Montserrat Figueras"
7875,Texas All-State 5A Symphonic Band & Craig Kirchhoff
7876,"Itzhak Perlman, Israel Philharmonic Orchestra & Dov Seltzer"
7877,"John Williams, The Tabernacle Choir at Temple Square & Utah Symphony"
7878,The Philharmonic Pop Orchestra & Helmuth Brandenburg
7879,"Giuseppe di Stefano, l'Orchestra della Scala di Milano & Victor de Sabata"
7880,Texas All-State 4A Symphonic Band & Arnald D. Gabriel
7881,Itzhak Perlman & Israel Philharmonic Orchestra
7882,Khatia Buniatishvili
7883,David Oistrakh & Vladimir Yampolsky
7884,"Famous Maroon Band, Ms. Elva Kaye Lance, Dr. Phil Min & Mississippi State University Famous Maroon Band"
7885,Stewart Copeland
7886,Piano Skin
7887,Loren Connors
7888,Carl Davis & Royal Philharmonic Orchestra
7889,Williams Fairey Band & Marc Reift
7890,Klaüs
7891,Sir Thomas Beecham & Royal Philharmonic Orchestra
7892,8-Bit Arcade
7893,Classical Pops Orchestra
7894,United States Army Chorus & Jim Keene
7895,Joe Hisaishi Ensemble
7896,The City of Prague Philharmonic Orchestra & Crouch End Festival Chorus
7897,Giampaolo Pasquile
7898,Richard Hickox & Northern Sinfonia
7899,London Symphony Orchestra & Stanley Black
7900,Joe Hisaishi & Vienna Symphony
7901,TACET
7902,Soundtrack
7903,English Symphony Orchestra & William Boughton
7904,Welsh National Opera Orchestra & Sir Charles Mackerras
7905,Bournemouth Symphony Orchestra & Richard Hickox
7906,Royal Philharmonic Orchestra & John Rutter
7907,"H. Robert Reynolds, Director & University of Michigan Symphony Band"
7908,The London Theatre Orchestra
7909,"Vangelis, Blake Neely, Athens Opera Choir, The National Opera of Greece Choir, Palamidi and Percussion Ensemble & The London Metropolitan Orchestra"
7910,Ananda Shankar
7911,Vienna Opera Orchestra & Peter Falk
7912,André Watts
7913,David Lloyd-Jones & Royal Scottish National Orchestra
7914,"Vangelis, Jessye Norman, Blake Neely, Athens Opera Choir, The National Opera of Greece Choir, Palamidi and Percussion Ensemble & The London Metropolitan Orchestra"
7915,Olga Kern
7916,Vernon Handley & Ulster Orchestra
7917,English Northern Philharmonia & David Lloyd-Jones
7918,John Rutter & Royal Philharmonic Orchestra
7919,Michael Nyman
7920,"Daniel Barenboim, Jacqueline du Pré & Pinchas Zukerman"
7921,"The London Metropolitan Orchestra, Blake Neely, Vangelis & Athens Opera Choir"
7922,"St. Olaf Choir, St. Olaf Cantorei, St. Olaf Chapel Choir, Manitou Singers, Viking Chorus & John Ferguson"
7923,Orlando Pops Orchestra
7924,Stanislav Ioudenitch
7925,"Vangelis, Kathleen Battle, Blake Neely, Jessye Norman, Athens Opera Choir, The National Opera of Greece Choir, Palamidi and Percussion Ensemble & The London Metropolitan Orchestra"
7926,"Texas All-State Mixed Choir, University of Texas Orchestra & Kenneth Fulton"
7927,Maurizio Pollini
7928,Masaru Okada
7929,Vienna Walzer Orchestra & Sandro Cuturello
7930,Texas All-State 4A Symphonic Band & Anthony Maiello
7931,SMU Mustang Band
7932,Ground Zero
7933,St. Louis Symphony Orchestra & Walter Susskind
7934,"Texas All-State Women's Choir, University of Texas Orchestra & Z. Randall Stroope"
7935,"Vangelis, Kathleen Battle, Blake Neely, Athens Opera Choir, The National Opera of Greece Choir, Palamidi and Percussion Ensemble & The London Metropolitan Orchestra"
7936,Carol Wincenc & András Schiff
7937,Alexey Koltakov
7938,Stanley Black & London Symphony Orchestra
7939,"English String Orchestra, English Symphony Orchestra & William Boughton"
7940,Valentin Silvestrov
7941,Styx
7942,Alexander Rybak
7943,James Horner
7944,"John Williams, Itzhak Perlman & Boston Symphony Orchestra"
7945,Atif Aslam & Pritam
7946,Simon Holland
7947,Clint Mansell & Kronos Quartet
7948,Annie Lennox
7949,Gustavo Santaolalla
7950,Jeremy Denk
7951,Björk
7952,"Eric Gunhus, Patrick S. Brady, Gary Beach, Cady Huffman & The Producers Ensemble"
7953,Cam
7954,Dream Theater
7955,DRAM
7956,Matthew Broderick & The Producers Ensemble
7957,Gloria Estefan
7958,The Knife
7959,Yiruma
7960,ASU Sun Devil Marching Band & Dr. Robert C. Fleming
7961,John Metcalfe & Cliff Masterson
7962,Joe Strummer & The Mescaleros
7963,John Paesano
7964,Nathan Lane & Matthew Broderick
7965,Andrea Bocelli & Christina Aguilera
7966,Ethel Merman & Ray Middleton
7967,Queensrÿche
7968,University of Tennessee Pride of the Southland Band
7969,Suicidal Tendencies
7970,Akira Yamaoka
7971,"Alexis Ffrench, The City of Prague Philharmonic Orchestra & Adam Klemans"
7972,"A.R. Rahman, Daler Mehndi & K.S. Chithra"
7973,Johann Pachelbel
7974,Clint Mansell
7975,"The Bach Choir, Royal Philharmonic Orchestra & John Rutter"
7976,Jennifer Thomas
7977,"Carl Davis, Hallé Choir & Hallé"
7978,The Books
7979,sunn O)))
7980,Tenebrae
7981,Leonard Cohen
7982,Berlin Philharmonic & John Williams
7983,"Andrea Bocelli, Matteo Bocelli & Virginia Bocelli"
7984,London Symphony Orchestra & Gavin Greenaway
7985,Ebru Gündeş
7986,Handel and Haydn Society & Harry Christophers
7987,"John Williams, London Voices & London Symphony Orchestra"
7988,Kluster5
7989,Gaspar Claus
7990,Sin Fang & Ole-Bjørn Talstad
7991,Roma Symphony Orchestra
7992,"Esa-Pekka Salonen, Joshua Bell & Los Angeles Philharmonic"
7993,"Hilary Hahn, Swedish Radio Symphony Orchestra & Esa-Pekka Salonen"
7994,"Leif Segerstam, Pekka Kuusisto & Helsinki Philharmonic Orchestra"
7995,"John Williams, Itzhak Perlman & Pittsburgh Symphony Orchestra"
7996,"Boston Pops Orchestra, Tim Morrison & John Williams"
7997,"Janine Jansen, Oslo Philharmonic & Klaus Mäkelä"
7998,Sir Neville Marriner & Academy of St Martin in the Fields
7999,"Jascha Heifetz, Walter Hendl & Chicago Symphony Orchestra"
8000,"John Williams, Boston Pops Orchestra & Toots Thielemans"
8001,"John Williams, Boston Pops Orchestra, The American Boychoir & Tanglewood Festival Chorus"
8002,"Renaud Capuçon, Daniel Harding & Orchestre de la Suisse Romande"
8003,Academy of St Martin in the Fields & Sir Neville Marriner
8004,"John Williams, Boston Symphony Orchestra & Tanglewood Festival Chorus"
8005,"John Williams, Yo-Yo Ma & Orchestra"
8006,"Johan Dalene, Royal Stockholm Philharmonic Orchestra & John Storgårds"
8007,"Pinchas Zukerman, Daniel Barenboim & London Philharmonic Orchestra"
8008,Gede Yudis
8009,"Adiemus, Karl Jenkins, Miriam Stockley, Säde Rissanen, Rikka Väyrynen, Nina Tapio, Jody K. Jenkins, BBC National Orchestra of Wales, Anna-Mari Kähärä, Mervi Hiltunen-Multamäki & Mia Simanainen"
8010,"Alfred Brendel, Sir Neville Marriner & Academy of St Martin in the Fields"
8011,"John Williams, Boston Pops Orchestra & Tim Morrison"
8012,"John Williams, Christopher Parkening & Orchestra"
8013,"Lisa Batiashvili, Staatskapelle Berlin & Daniel Barenboim"
8014,"John Williams, Dean Parks & Tommy Morgan"
8015,"Sylvia McNair, Sir Neville Marriner, Academy of St Martin in the Fields & Academy of St Martin in the Fields Chorus"
8016,John Williams & Tim Morrison
8017,"Academy of St Martin in the Fields, Aldo Baldin, Iona Brown, Ambrosian Opera Chorus, Sir Neville Marriner, Agnes Baltsa, John Constable, John McCarthy, José Van Dam, Catherine Denly, Barbara Hendricks, Neil Jenkins, Robert Lloyd, Donald Maxwell, Original Cast, Felicity Palmer, Cathryn Pope, Lucia Popp & Ruggero Raimondi"
8018,"Karita Mattila, Sir Neville Marriner, Academy of St Martin in the Fields, Anne Sofie von Otter & José Van Dam"
8019,"Academy of St Martin in the Fields, Sir Neville Marriner & Dame Kiri Te Kanawa"
8020,John Williams & Skywalker Symphony Orchestra
8021,"Sir Neville Marriner, Ambrosian Opera Chorus, Sir Thomas Allen, Robert Lloyd, Academy of St Martin in the Fields & Simone Alaimo"
8022,"Sir Neville Marriner, Alfred Brendel, Academy of St Martin in the Fields & Imogen Cooper"
8023,"Anne-Sophie Mutter, André Previn & Staatskapelle Dresden"
8024,"Itzhak Perlman, Pittsburgh Symphony Orchestra & John Williams"
8025,Jocelyn Pook
8026,"Dong-Suk Kang, Slovak Radio Symphony Orchestra & Adrian Leaper"
8027,The Skywalker Symphony Orchestra & John Williams
8028,"Emmanuel Tjeknavorian, Frankfurt Radio Symphony & Pablo González"
8029,"John Williams, Boston Pops Orchestra, Tanglewood Festival Chorus & The American Boychoir"
8030,"Tobias Feldmann, Orchestre Philharmonique Royal de Liège & Jean-Jacques Kantorow"
8031,"Yo-Yo Ma, John Williams & Orchestra"
8032,Francisco Lara
8033,St. Petersburg Symphony Orchestra & Yuri Serov
8034,"David Oistrakh, Eugene Ormandy & The Philadelphia Orchestra"
8035,"Igor Golovschin, Ilya Grubert & State Symphony Capella of Russia"
8036,Skywalker Symphony Orchestra & John Williams
8037,Elgar
8038,John Williams & Christopher Parkening
8039,"Midori, Zubin Mehta & Israel Philharmonic Orchestra"
8040,Ismael Fernandez De La Cuesta
8041,"Boston Pops Orchestra, The American Boychoir, Tanglewood Festival Chorus & John Williams"
8042,"Christian Tetzlaff, Deutsches Symphonie-Orchester Berlin & Robin Ticciati"
8043,Offenbach
8044,"Gil Shaham, Giuseppe Sinopoli & Philharmonia Orchestra"
8045,"Mariss Jansons, Berlin Philharmonic & Sarah Chang"
8046,"Tommy Morgan, Dean Parks & John Williams"
8047,"Lisa Batiashvili, Sakari Oramo & Finish Radio Symphony Orchestra"
8048,"Emmanuel Krivine, London Symphony Orchestra & Vadim Repin"
8049,"Leonidas Kavakos, Sinfonia Lahti & Osmo Vänskä"
8050,"Itzhak Perlman, Erich Leinsdorf & Boston Symphony Orchestra"
8051,"Thomas Søndergård, WDR Sinfonieorchester Köln & Vilde Frang"
8052,Christopher Parkening & John Williams
8053,"John Storgårds, Frank Peter Zimmermann & Helsinki Philharmonic Orchestra"
8054,"Esther Yoo, Vladimir Ashkenazy & Philharmonia Orchestra"
8055,"Itzhak Perlman, Pittsburgh Symphony Orchestra & André Previn"
8056,"Boston Pops Orchestra, Toots Thielemans & John Williams"
8057,Yo-Yo Ma & John Williams
8058,"City of Birmingham Symphony Orchestra, Nigel Kennedy & Sir Simon Rattle"
8059,"André Previn, Frederica von Stade, Kathleen Battle, The Christmas Concert Choir, Orchestra of St. Luke's, The American Boychoir, Nancy Allen, Wynton Marsalis & Wynton Marsalis Septet"
8060,Enrique Bátiz & Orquesta Filarmónica de la Ciudad de México
8061,Arthur Rubinstein
8062,Eliran Avni
8063,Lowland
8064,Darragh Morgan & Mary Dullea
8065,"Daniel Barenboim, Philharmonia Orchestra & Sir John Barbirolli"
8066,Hector Amezquita
8067,"Rebecca Luker, Ashley Rose Orr, Andrea Bowen, Tracy Alison Walsh, Matthew Ballinger, Natalie Hall, Ryan Hopkins & Sara Zelle"
8068,"Michael Siberry, Rebecca Luker, Sara Zelle, Ryan Hopkins, Natalie Hall, Matthew Ballinger, Tracy Alison Walsh, Andrea Bowen & Ashley Rose Orr"
8069,Dashiell Eaves & Sara Zelle
8070,Emerson String Quartet
8071,Matthew Banks
8072,"Andrea Bowen, Ryan Hopkins, Sara Zelle, Matthew Ballinger, Tracy Alison Walsh, Natalie Hall, Ashley Rose Orr & Michael Siberry"
8073,"Sara Zelle, Matthew Ballinger, Natalie Hall, Tracy Alison Walsh, Ryan Hopkins, Andrea Bowen, Ashley Rose Orr & Rebecca Luker"
8074,Fred Applegate & Jan Maxwell
8075,"Gina Ferrall, Ann Brown, Patti Cohenour & Jeanne Lehmann"
8076,sylcmyk
8077,"Jan Maxwell, Fred Applegate & Michael Siberry"
8078,"Rebecca Luker, Michael Siberry, Sara Zelle, Tracy Alison Walsh, Matthew Ballinger, Natalie Hall, Andrea Bowen, Ashley Rose Orr, Ryan Hopkins & Timothy Landfield"
8079,"Sara Zelle, Ryan Hopkins, Natalie Hall, Matthew Ballinger, Tracy Alison Walsh, Andrea Bowen, Ashley Rose Orr, Michael Siberry & Rebecca Luker"
8080,Patti Cohenour
8081,Michael Siberry & Rebecca Luker
8082,"Rodgers & Hammerstein, Oscar Hammerstein II, Rebecca Luker & Michael Siberry"
8083,"Rebecca Luker, Matthew Ballinger & Michael Siberry"
8084,"Rebecca Luker, Michael Siberry, Andrea Bowen, Matthew Ballinger, Sara Zelle, Ryan Hopkins, Natalie Hall, Tracy Alison Walsh & Ashley Rose Orr"
8085,Rebecca Luker & Sara Zelle
8086,Mario Lanza & Paul Baron
8087,Joe Hisaishi & Pan Strings
8088,Auburn University Marching Band & Dr. Richard D. Good
8089,"Alban Berg Quartett, Günter Pichler, Gerhard Schulz, Hatto Beyerle & Valentin Erben"
8090,"Vanessa Williams, Robert Fisher, The Coffee Club Orchestra & Stanley Wayne Mathis"
8091,Philharmonia Orchestra & Sir John Barbirolli
8092,Howard Shore
8093,Robert Wyatt
8094,"Daniel Barenboim, Sir John Barbirolli & Philharmonia Orchestra"
8095,Alexei Sultanov
8096,Sir John Barbirolli & Vienna Philharmonic
8097,"Dimitri Vassilakis, Hideki Nagano, Florent Boffard, Frédérique Cambreling, Sandrine Chatron, Marianne Le Mentec, Vincent Bauer, Daniel Ciampolini, Michel Cerutti, Ensemble Intercontemporain & Pierre Boulez"
8098,Roger Eno
8099,Mario Lanza
8100,"Helen Goldsby, Robert Fisher & The Coffee Club Orchestra"
8101,"Vanessa Williams, Robert Fisher & The Coffee Club Orchestra"
8102,Roger Eno & Kate St John
8103,Anne-Sophie Mutter & Lambert Orkis
8104,"Dimitri Vassilakis, Pierre Boulez, Hideki Nagano, Florent Boffard, Frédérique Cambreling, Sandrine Chatron, Marianne Le Mentec, Vincent Bauer, Daniel Ciampolini & Michel Cerutti"
8105,Boulez Ensemble & Daniel Barenboim
8106,"Yvette Cason, Robert Fisher, The Coffee Club Orchestra & Victor Trent Cook"
8107,Robert Fisher & The Coffee Club Orchestra
8108,"Yvette Cason, Robert Fisher & The Coffee Club Orchestra"
8109,"Stanley Wayne Mathis, Robert Fisher & The Coffee Club Orchestra"
8110,Vienna Boys' Choir
8111,"Leonid Makarevich, Yaroslav Krasnikov, Rossen Milanov, Moscow Philharmonic Orchestra, Andrey Chernishov, Aleksey Volkov, Michail Poroshin & Georgy Pleskatch"
8112,Don McGlashen
8113,"Otto Klemperer, Christa Ludwig, Philharmonia Orchestra & Fritz Wunderlich"
8114,1998 TMEA All-State Choir & Charles K. Smith
8115,"Jacqueline du Pré, English Chamber Orchestra & Daniel Barenboim"
8116,"Yehudi Menuhin, Valda Aveling, Menuhin Festival Orchestra & Simon Preston"
8117,"Patricia Petibon, Orquesta Nacional de España & Josep Pons"
8118,"Vanessa Williams, Robert Fisher, The Coffee Club Orchestra, A.J. Baptiste-Caselle, Tavia Rivee Jefferson & Jillian Hervey"
8119,"Yehudi Menuhin, London Symphony Orchestra & Sir Edward Elgar"
8120,"Joseph Webster, Robert Fisher & The Coffee Club Orchestra"
8121,Olivia Belli
8122,"Andrea Bocelli, Zubin Mehta & Orchestra del Maggio Musicale Fiorentino"
8123,Wordless Flight
8124,Crystal Joy
8125,"Plácido Domingo, Giuseppe Sinopoli & Philharmonia Orchestra"
8126,"Luciano Pavarotti, National Philharmonic Orchestra & Nicola Rescigno"
8127,"Luciano Pavarotti, Orchestra of the Royal Opera House & Sir Edward Downes"
8128,"Jonas Kaufmann, Orchestra dell'Accademia Nazionale di Santa Cecilia, Antonio Pappano & Antonio Pirozzi"
8129,"Maria Callas, l'Orchestra della Scala di Milano & Victor de Sabata"
8130,"Georges Prêtre, Orchestre de la Société des Concerts du Conservatoire & Maria Callas"
8131,"Luciano Pavarotti, Nicola Rescigno & National Philharmonic Orchestra"
8132,"Zubin Mehta, Orchestra del Maggio Musicale Fiorentino, Andrea Bocelli & Matteo Peirone"
8133,"Anna Netrebko, Orchestra dell'Accademia Nazionale di Santa Cecilia & Antonio Pappano"
8134,Jurrivh
8135,"Bulgarian National Radio Symphony Orchestra, John Landor & Patrick Marques"
8136,"Bulgarian National Radio Symphony Orchestra, John Landor & Christine Moore"
8137,"Pandit Shivkumar Sharma, Rahul Sharma & Ustad Shafaat Ahmed Khan"
8138,"Charles K. L. Davis, New York Philharmonic & Wilfred Pelletier"
8139,"Montserrat Caballé, Sir Colin Davis & Orchestra of the Royal Opera House"
8140,"Piotr Beczala, Orquestra de la Comunitat Valenciana & Marco Boemi"
8141,"José Carreras, Sir Colin Davis & Orchestra of the Royal Opera House"
8142,"Sherrill Milnes, Michel Sénéchal, Wandsworth School Boys Choir, The London Opera Chorus, National Philharmonic Orchestra & Nicola Rescigno"
8143,"Richard Van Allan, National Philharmonic Orchestra & Nicola Rescigno"
8144,"Luciano Pavarotti, Italo Tajo, National Philharmonic Orchestra & Nicola Rescigno"
8145,Il Volo & Plácido Domingo
8146,"Leontyne Price, Kurt Herbert Adler & The Metropolitan Opera Orchestra"
8147,"Marco Armiliato, Prague Philharmonic Orchestra & Jonas Kaufmann"
8148,"Mirella Freni, Luciano Pavarotti, National Philharmonic Orchestra & Nicola Rescigno"
8149,"Italo Tajo, Luciano Pavarotti, National Philharmonic Orchestra & Nicola Rescigno"
8150,"Franco Corelli, Orchestra dell'Accademia Nazionale di Santa Cecilia & Lorin Maazel"
8151,"Montserrat Caballé, Orchestra of the Royal Opera House & Sir Colin Davis"
8152,"Luciano Pavarotti, Nicola Rescigno, National Philharmonic Orchestra, Mirella Freni & Sir John Tomlinson"
8153,"Jonathan Tetelman, Önay Köse, PKF - Prague Philharmonia & Carlo Rizzi"
8154,"Anthony Laciura, Giuseppe Sinopoli, Philharmonia Orchestra, Chorus of the Royal Opera House, Covent Garden & Samuel Ramey"
8155,"Richard Van Allan, Luciano Pavarotti, Mirella Freni, National Philharmonic Orchestra & Nicola Rescigno"
8156,"Andrea Bocelli, Orchestra del Maggio Musicale Fiorentino & Gianandrea Noseda"
8157,"Mirella Freni, Sherrill Milnes, National Philharmonic Orchestra & Nicola Rescigno"
8158,"Luciano Pavarotti, Richard Van Allan, National Philharmonic Orchestra & Nicola Rescigno"
8159,Gabriele Bagnati & Lorenzo Bagnati
8160,"Franco Ferraris, Philharmonia Orchestra & Franco Corelli"
8161,Classical Music DEA Channel & Relaxing Classical Music Academy
8162,"Italo Tajo, The London Opera Chorus, National Philharmonic Orchestra & Nicola Rescigno"
8163,"Michel Sénéchal, Sherrill Milnes, Italo Tajo, National Philharmonic Orchestra & Nicola Rescigno"
8164,"Lorin Maazel, Orchestra dell'Accademia Nazionale di Santa Cecilia, Franco Corelli & Alfredo Mariotti"
8165,"Sherrill Milnes, Mirella Freni, Italo Tajo, National Philharmonic Orchestra & Nicola Rescigno"
8166,Maria Callas
8167,"Kent Nagano, Dame Kiri Te Kanawa & Orchestre de l'Opéra de Lyon"
8168,"Franco Calabrese, Giuseppe di Stefano, Melchiorre Luise, l'Orchestra della Scala di Milano & Victor de Sabata"
8169,"Sherrill Milnes, Paul Hudson, National Philharmonic Orchestra & Nicola Rescigno"
8170,"Dame Kiri Te Kanawa, John Pritchard & London Philharmonic Orchestra"
8171,"Angela Gheorghiu, PKF - Prague Philharmonia & Emmanuel Villaume"
8172,"Giuseppe di Stefano, Herbert von Karajan, Vienna Philharmonic & Fernando Corena"
8173,"Bryn Terfel, Paul Daniel, Swedish Radio Symphony Orchestra, Balcarras Crafoord, Swedish Radio Choir, Sveriges Radiokor & Arne Lundmark"
8174,Orchestra Filarmonica Ucraina & Silvano Frontalini
8175,"Sherrill Milnes, Michel Sénéchal, Luciano Pavarotti, Mirella Freni, National Philharmonic Orchestra & Nicola Rescigno"
8176,"Luciano Pavarotti, Mirella Freni, National Philharmonic Orchestra & Nicola Rescigno"
8177,"Leontyne Price, Herbert von Karajan, Vienna Philharmonic & Giuseppe di Stefano"
8178,"Luciano Pavarotti, Mirella Freni, Sherrill Milnes, National Philharmonic Orchestra & Nicola Rescigno"
8179,"Sherrill Milnes, Luciano Pavarotti, Mirella Freni, National Philharmonic Orchestra & Nicola Rescigno"
8180,"Sir John Tomlinson, Luciano Pavarotti, National Philharmonic Orchestra & Nicola Rescigno"
8181,"Luciano Pavarotti, Royal Philharmonic Orchestra & Leone Magiera"
8182,"Luciano Pavarotti, Mirella Freni, Paul Hudson, Sherrill Milnes, National Philharmonic Orchestra & Nicola Rescigno"
8183,"Mirella Freni, Nicola Rescigno, National Philharmonic Orchestra & Luciano Pavarotti"
8184,BBC Concert Orchestra & Barry Wordsworth
8185,"Sherrill Milnes, Mirella Freni, Luciano Pavarotti, Michel Sénéchal, Paul Hudson, National Philharmonic Orchestra & Nicola Rescigno"
8186,André Kostelanetz & Columbia Symphony Orchestra
8187,"Sherrill Milnes, Paul Hudson, Mirella Freni, Luciano Pavarotti, National Philharmonic Orchestra & Nicola Rescigno"
8188,"Stephen Pratt, Indiana University Wind Ensemble & Otis Murphy"
8189,"Carlo Felice Cillario, Orchestra of the Royal Opera House & Maria Callas"
8190,"Sherrill Milnes, Mirella Freni, National Philharmonic Orchestra & Nicola Rescigno"
8191,"Luciano Pavarotti, Mirella Freni, Sir John Tomlinson, National Philharmonic Orchestra & Nicola Rescigno"
8192,"Carlo Cava, Herbert von Karajan, Vienna Philharmonic, Giuseppe di Stefano & Leontyne Price"
8193,"Orchestra Sinfonica Di Roma Della RAI, Plácido Domingo & Zubin Mehta"
8194,"Yvonne Loriod, Jeanne Loriod, Paris Opera Orchestra & Myung-Whun Chung"
8195,"Joseph Calleja, Orchestre de la Suisse Romande & Marco Armiliato"
8196,"Mirella Freni, National Philharmonic Orchestra & Nicola Rescigno"
8197,"Mirella Freni, Nicola Rescigno, National Philharmonic Orchestra, Michel Sénéchal & Paul Hudson"
8198,"Sherrill Milnes, Mirella Freni, Michel Sénéchal, National Philharmonic Orchestra & Nicola Rescigno"
8199,Europa Philharmonic Orchestra
8200,"Birgit Nilsson, Lorin Maazel & Orchestra dell'Accademia Nazionale di Santa Cecilia"
8201,"Walter Barotti, National Philharmonic Orchestra & Nicola Rescigno"
8202,"Mirella Freni, Michel Sénéchal, Paul Hudson, National Philharmonic Orchestra & Nicola Rescigno"
8203,"Giacomo Puccini, Orchestra Filarmonica Ucraina & Silvano Frontalini"
8204,"Luciano Pavarotti, Leone Magiera & Royal Philharmonic Orchestra"
8205,Emil Tabakov & Sofia Philharmonic Orchestra
8206,"Jonathan Antoine, London Studio Symphony & James Shearman"
8207,"Dame Kiri Te Kanawa, Sir Georg Solti & National Philharmonic Orchestra"
8208,Patrick Hamilton
8209,Péter Illényi
8210,"Jonas Kaufmann, Asher Fisch & Orchestra del Teatro Comunale di Bologna"
8211,Pavement
8212,"Ophélie Gaillard, Morphing Chamber Orchestra & Frédéric Chaslin"
8213,Andre Kostelanetz and His Orchestra
8214,André Kostelanetz & Andre Kostelanetz and His Orchestra
8215,Sofia Philharmonic Orchestra & Emil Tabakov
8216,"Eleonora Buratto, Ludovic Tézier, Orchestra dell'Accademia Nazionale di Santa Cecilia & Daniel Harding"
8217,"London Studio Orchestra, Marcello Viotti & José Carrreras"
8218,"Giuseppe di Stefano, Maria Callas, l'Orchestra della Scala di Milano & Victor de Sabata"
8219,"Seiji Ozawa, Yvonne Loriod, Jeanne Loriod & Toronto Symphony Orchestra"
8220,"Slovak Radio Symphony Orchestra, Alexander Rahbari, Silvano Carroli & Nelly Miricioiu"
8221,"Nicola Rescigno, National Philharmonic Orchestra & Mirella Freni"
8222,"Leontyne Price, Herbert von Karajan, Vienna Philharmonic & Giuseppe Taddei"
8223,"Georges Prêtre, Maria Callas, Orchestre de la Société des Concerts du Conservatoire & Tito Gobbi"
8224,"Plácido Domingo, Zubin Mehta & Philharmonia Orchestra"
8225,Plácido Domingo
8226,"Yuja Wang, Cécile Lartigau, Boston Symphony Orchestra & Andris Nelsons"
8227,"Mirella Freni, Giuseppe Sinopoli, Philharmonia Orchestra & Plácido Domingo"
8228,"Vittorio Grigolo, Orchestra e Coro del Teatro Regio di Parma & Pier Giorgio Morandi"
8229,"Dmitri Hvorostovsky, Constantine Orbelian, Russia Philharmonia & Russia Spiritual Revival Choir"
8230,"Aleksandra Kurzak, Frédéric Chaslin & Morphing Chamber Orchestra"
8231,"Jussi Björling, Royal Court Orchestra, Anders Näslund, Bertil Alstergård, Kjerstin Dellert, Lennart Carlén & Nils Grevillius"
8232,"Jonas Kaufmann, Marco Armiliato & Prague Philharmonic Orchestra"
8233,"Gianandrea Noseda, Orchestra del Maggio Musicale Fiorentino & Andrea Bocelli"
8234,"Freddie De Tommaso, Philharmonia Orchestra & Paolo Arrivabeni"
8235,"Alexander Rahbari, Giorgio Lamberti & Slovak Radio Symphony Orchestra"
8236,"Franco Ferraris, Franco Corelli & Philharmonia Orchestra"
8237,"Eugene Kohn, National Philharmonic Orchestra & Plácido Domingo"
8238,"Giorgio Lamberti, Slovak Radio Symphony Orchestra & Alexander Rahbari"
8239,"Ambrosian Opera Chorus, Andrea Velis, Dominick Martinez, Itzhak Perlman, James Levine, Philharmonia Orchestra, Plácido Domingo, Renata Scotto & St. Clement Danes School Boys' Choir"
8240,"Ryuichi Sakamoto, Jaques Morelenbaum & Everton Nelson"
8241,Kelsey Woods
8242,Muriël Bostdorp
8243,"Ryuichi Sakamoto, Jaques Morelenbaum & David Nadien"
8244,Sir John Barbirolli & London Symphony Orchestra
8245,Carmen Dragon & Hollywood Bowl Symphony Orchestra
8246,"Auburn University Marching Band, Dr. Johnnie Vinson & Dr. Rick Good"
8247,Vienna Radio Symphony Orchestra & Arthur Fagen
8248,Mstislav Rostropovich & Igor Uriash
8249,Ernest Bour & SWF Symphony Orchestra Baden-Baden
8250,Richard Anthony Jay
8251,Czech National Symphony Orchestra & Paul Bateman
8252,"Dale Underwood, John R. Pastin & United States Navy Band"
8253,Daniel Adni
8254,Dominik Hauser
8255,"Anna Moffo, Leopold Stokowski & American Symphony Orchestra"
8256,"Julie Andrews, Ian Fraser, The Ambrosian Singers & London Musicians Orchestra"
8257,Fernando Germani
8258,"Sheryl Crow, José Molina, L'Orchestra Filarmonica Di Torino & Eric Clapton"
8259,"Simon Mulligan, Pino Palladino, Phil Palmer, Andrew Charles Newmark, BBC Symphony Orchestra & Leonard Slatkin"
8260,Soundtrack / Cast Album
8261,Interensemble Padova & Bernardino Beggio
8262,"Margaret Cobb, Auburn University Marching Band, Dr. Johnnie Vinson & Dr. Rick Good"
8263,Hans Rosbaud & SWF Symphony Orchestra Baden-Baden
8264,Piano Dreamland
8265,Coastal Communities Concert Band & Don Caneva
8266,John R. Pastin & United States Navy Band
8267,Giuseppe Giacomini
8268,David Munrow & The Early Music Consort of London
8269,London Festival Ballet Orchestra & Terence Kern
8270,"Itzhak Perlman, Pinchas Zukerman & Samuel Sanders"
8271,"Yuri Bashmet, Valery Gergiev & Mariinsky Orchestra"
8272,Leonardo String Quartet
8273,Hatem Al Iraqi
8274,Robert Oberaigner & Michael Schöch
8275,"Leila Josefowicz, Simon Mulligan, Pino Palladino, Phil Palmer, Andrew Charles Newmark, BBC Symphony Orchestra & Leonard Slatkin"
8276,Royal Philharmonic Orchestra & Carl Davis
8277,"Michael Kamen, Simon Mulligan, Pino Palladino, Phil Palmer, Andrew Charles Newmark, BBC Symphony Orchestra & Leonard Slatkin"
8278,Le cygne enchanté
8279,"Bryn Terfel, London Philharmonic Orchestra & Sir Georg Solti"
8280,Jack Marshall
8281,The Nutcracker Musical Original Cast
8282,"Monica Groop, Bryn Terfel, London Philharmonic Orchestra & Sir Georg Solti"
8283,"Daniel Rowland, Benjamin Goodson, Consensus Vocalis & Stift Festival Orchestra"
8284,"Leontyne Price, Fritz Reiner & Chicago Symphony Orchestra"
8285,Ólafur Arnalds & Brasstríó Mosfellsdals
8286,Stanley Walker
8287,Midtro
8288,Ólafur Arnalds & Nanna
8289,"Ólafur Arnalds, Atli Örvarsson & SinfoniaNord"
8290,Pandit Shivkumar Sharma & Pt. Hariprasad Chaurasia
8291,Michael Forster & Rahel Senn
8292,Ólafur Arnalds & South Iceland Chamber Choir
8293,Michael Forster
8294,Thomas John Tafejian
8295,Yuri Ahronovitch & London Symphony Orchestra
8296,"Olga Peretyatko, Ural Philharmonic Orchestra & Dmitry Liss"
8297,"Steve Reich, Russell Hartenberger, Thad Wheeler, Ben Harms, Bob Becker, Garry Kvistad, Gary Schall, Glen Velez, James Preiss, Mort Silver, Jay Clayton & Pamela Wood Ambush"
8298,"Double Edge, Edmund Niemann & Nurit Tilles"
8299,WCU Marching Cats & Bob Buckner
8300,Sir Georg Solti & London Symphony Orchestra
8301,Valery Gergiev & Mariinsky Orchestra
8302,Los Angeles Philharmonic & André Previn
8303,Mikhail Pletnev & Russian National Orchestra
8304,"Jeanne LeBlanc, Leslie Scott, Evan Ziporyn, Russell Hartenberger, Thad Wheeler, Tim Ferchen, Bob Becker, Garry Kvistad, Nurit Tilles, Edmund Niemann, James Preiss, Jay Clayton, Marion Beckenstein, Rebecca Armstrong, Cheryl Bensman-Rowe & Elizabeth Lim-Dutton"
8305,"The University of Oklahoma Marching Band & Gene ""Coach"" Thrailkill"
8306,Anton Nanut & The Ljubljana Symphony Orchestra
8307,London Symphony Orchestra & Yuri Ahronovitch
8308,Nic Raine & Royal Philharmonic Orchestra
8309,"Luciano Pavarotti, BBC Philharmonic & Leone Magiera"
8310,Herbert Kegel & Dresden Philharmonic
8311,"Bill Ruyle, Bob Becker, James Preiss, Kory Grossman, Russell Hartenberger & William Trigg"
8312,"Brian Eno, Bono, The Edge, Luciano Pavarotti, Orchestra Filarmonica Di Torino & Michael Kamen"
8313,"Steve Reich, Thad Wheeler, Garry Kvistad, Tim Ferchen, Bob Becker, Russell Hartenberger, Nurit Tillis, James Preiss, Jay Clayton, Pamela Wood Ambush & Rebecca Armstrong"
8314,Andy Williams & Royal Philharmonic Orchestra
8315,Atari Teenage Riot
8316,Gerald Moore & Jacqueline du Pré
8317,Brian Ledbetter & United States Army Old Guard Fife and Drum Corps
8318,Eric Hammerstein & National Philharmonic Orchestra
8319,Evan Ziporyn
8320,Steve Reich & Russell Hartenberger
8321,Helmut Roloff
8322,John Tesh
8323,"Mark Stewart, Greg Hesselink, Michael Lowenstern, Evan Ziporyn, Bradley Lubman, Patti Monson, David Fedele, Nurit Tilles, Edmund Niemann, Martha Mooke, Ron Lawrence, Todd Reynolds, Liz Knowles, Gregor Kitzis & Jaqueline Carrasco"
8324,"Thomas Newman, Joel McNeely & Seattle Symphony"
8325,The London Horn Sound & Geoffrey Simon
8326,"Walter Charles, Andrew Lloyd Webber, Rex Smith & ""Sunset Boulevard"" 1995 Canadian Cast"
8327,"Corale Gioacchino Rossini, BBC Philharmonic & Leone Magiera"
8328,"Evan Ziporyn, Lisa Moore, Mark Stewart & Michael Gordon"
8329,"Reinbert de Leeuw, Ananda Goud, Yvonne Benschop, Schönberg Ensemble, Percussion Group The Hague, Barbara Borden & Tannie Willemstijn"
8330,"Luciano Pavarotti, Corale Gioacchino Rossini, BBC Philharmonic & Leone Magiera"
8331,Aaron Rosand & Eileen Flissler
8332,United States Army Old Guard Fife and Drum Corps
8333,"Sir David Willcocks, James Lancelot & The Choir of King's College, Cambridge"
8334,Bob Becker & James Preiss
8335,Sir Andrew Davis & Royal Stockholm Philharmonic Orchestra
8336,"Donald Palma, Sharon Prater, Michael Tilson Thomas, Colorado Quartet, Russell Hartenberger, Bob Becker, Garry Kvistad, Glen Velez, Cheryl Bensman, Francesca Martin & Deborah Redding"
8337,Emmanuel Tjeknavorian & Tonkünstler-Orchester
8338,Chicago Symphony Orchestra
8339,"Michael Tilson Thomas, Clive Malabar, Frank Ricotti, Neil Percy, Ray Northcott & Simon Carrington"
8340,"Concilium Musicum Wien, Henk Geuke, Paul Angerer, Ramón Vargas & Sängerknaben Luzerner Kantorei"
8341,"Pt. Hariprasad Chaurasia, Kishori Amonkar, Pt. Anindo Chatterjee & Balakrishna Iyer"
8342,"Ustad Rashid Khan, Ustad Shahid Parvez Khan & Ustad Shafaat Ahmed Khan"
8343,"Jeanne LeBlanc, Leslie Scott, Michael Lowenstern, Bradley Lubman, Jay Elfenbein, David Fedele, Gen Shin Kai, Nurit Tilles, Philip Bush, Matthew Sullivan, Jackie Leclair, Garry Kvistad, Lisa Moore, Edmund Niemann, Russell Hartenberger, Bob Becker, Lois Martin, Todd Reynolds & Elizabeth Lim-Dutton"
8344,Alfred Scholz & London Festival Orchestra
8345,L. Smit & Chicago Symphony Orchestra
8346,"Steve Reich and Musicians, Bob Becker, Garry Kvistad, Glen Velez, Russell Hartenberger, Edmund Niemann & Nurit Tilles"
8347,"Carlo Bergonzi, Coro del Teatro dell'Opera di Roma, Orchestra of the Rome Opera House, Renata Scotto & Sir John Barbirolli"
8348,"Michael Tilson Thomas, Bob Becker, Garry Kvistad, James Preiss, Russell Hartenberger, Edmund Niemann & Nurit Tillis"
8349,BBC Philharmonic & Leone Magiera
8350,Jacqueline du Pré & Gerald Moore
8351,"Simon Wynberg, Perter Schmal, Royal Philharmonic Orchestra, Marko Munih, Salzberg Chamber Orchestra, The Vienna Opera Orchestra, Alfred Scholz, Alexander von Pitamic, Peter Falk, Mozarteum Orchestra Salzburg, Anton Nanut & The Ljubljana Symphony Orchestra"
8352,Ustad Rashid Khan
8353,Jacqueline du Pré & Osian Ellis
8354,Roy Jesson & Jacqueline du Pré
8355,"Julie Andrews, Ian Fraser & Victor / Victoria Orchestra"
8356,"Royal Liverpool Philharmonic Orchestra, Sir John Tomlinson, David Atherton, David Wilson-Johnson, Elise Ross, Felicity Palmer, Men's Voices Of The Liverpool Philharmonic Choir, MICHAEL GEORGE, Peter Hall, Philip Langridge & Richard Suart"
8357,"Mikhail Kit, Anna Netrebko, Vladimir Ognovienko, Larissa Diadkova, Gennadi Bezzubenkov, Yuri Marusin, Valery Gergiev, Mariinsky Chorus & Mariinsky Orchestra"
8358,Philharmonische Vereinigung Arte Sinfonica & Heribert Brandt
8359,"Montserrat Caballé, London Symphony Orchestra & Sir Charles Mackerras"
8360,"Cathedral Choral Society Chorus, Cathedral Choral Society Orchestra, The Dave Brubeck Quartet, Dave Brubeck, Russell Gloyd, Shelley Waite, Mark Bleeke, Kevin Deas & Duke Ellington School of the Arts Show Choir"
8361,"Kate Dillingham, Filharmonie Brno & Anthony Armoré"
8362,"Luciano Pavarotti, Los Angeles Music Center Opera Chorus, Los Angeles Philharmonic & Zubin Mehta"
8363,"Plácido Domingo, José Carreras, Luciano Pavarotti, Los Angeles Music Center Opera Chorus, Los Angeles Philharmonic & Zubin Mehta"
8364,"Plácido Domingo, Los Angeles Music Center Opera Chorus, Los Angeles Philharmonic & Zubin Mehta"
8365,"José Carreras, Los Angeles Music Center Opera Chorus, Los Angeles Philharmonic & Zubin Mehta"
8366,"Original Broadway Cast Of Sunset Boulevard, George Hearn, Judy Kuhn, Alan Campbell & Andrew Lloyd Webber"
8367,1994 Off-Broadway Cast
8368,Mario Avila
8369,"Ian Fraser, London Musicians Orchestra & Julie Andrews"
8370,Mystic Pines & Sahil Bugarith
8371,Ustad Vilayat Khan & Ustad Bismillah Khan
8372,"The Choir of King's College, Cambridge & Sir Philip Ledger"
8373,"Sir Philip Ledger & The Choir of King's College, Cambridge"
8374,The 12 Cellists of the Berlin Philharmonic
8375,"Luciano Pavarotti, Andreas Vollenweider, Orchestra del Teatro Comunale di Bologna & Leone Magiera"
8376,Bournemouth Symphony Orchestra & Marin Alsop
8377,"The Choir of King's College, Cambridge, Daniel Hyde & Paul Greally"
8378,Philharmonia Orchestra
8379,"Renée Fleming, Anne Sofie von Otter, Michele Pertusi, David Syrus, Chamber Orchestra of Europe & Sir Georg Solti"
8380,"Peter Richard Conte, Saint Clement's Choir, Philadelphia & Matthew Glandorf"
8381,Auburn University Marching Band & Timothy S. Kelley
8382,Le Rock
8383,"Harriet Krijgh, Gustavo Gimeno & Deutsche Staatsphilharmonie Rheinland-Pfalz"
8384,Lisa Batiashvili & Hélène Grimaud
8385,Dmitry Yablonsky & Russian Philharmonic Orchestra
8386,Sergiu Celibidache & Munich Philharmonic
8387,"Wells Cathedral Choir, Wells Cathedral School Brass Ensemble, Malcolm Archer & Rupert Gough"
8388,Melt-Banana
8389,ORA Singers & Suzi Digby
8390,Krzysztof Penderecki & Polish National Radio Symphony Orchestra
8391,"Choir of Christ Church Cathedral, Oxford, London Musici, Natasha Marsh, Christopher Maltman & Stephen Darlington"
8392,"Emanuele Segre, Gianandrea Noseda & Grande Orchestra Sinfonica Di Milano Giuseppe Verdi"
8393,"The Choir of King's College, Cambridge, Sir David Willcocks & Simon Preston"
8394,"The Choir of Norwich Cathedral, David Dunnett & Katherine Dienes-Williams"
8395,Boston Pops Orchestra
8396,"Vivian Troon, Roderick Elms, Royal Philharmonic Orchestra & Andrea Licata"
8397,Kurt Masur & New York Philharmonic
8398,"Pt. Hariprasad Chaurasia, Vikku Vinayakram & Sukhvinder Singh Namdhari"
8399,"Sir Philip Ledger, The Choir of King's College, Cambridge & Thomas Trotter"
8400,Malcolm Frager
8401,"Libor Pešek, Royal Liverpool Philharmonic Orchestra & Timothy Walden"
8402,Indianapolis Children's Choir
8403,"Lorin Maazel, Vienna Philharmonic & Werner Hink"
8404,"Yuja Wang, Simón Bolívar Symphony Orchestra of Venezuela & Gustavo Dudamel"
8405,"Miklós Perényi, Concerto Budapest & András Keller"
8406,"Yevgeny Kissin, Berlin Philharmonic & Claudio Abbado"
8407,"Sir Philip Ledger, Thomas Trotter & The Choir of King's College, Cambridge"
8408,"Lisa Batiashvili, Bavarian Radio Symphony Orchestra & Esa-Pekka Salonen"
8409,Oskar Schuster
8410,Milo Edale
8411,Royal Philharmonic Orchestra & Yuri Simonov
8412,Shikinshii
8413,Jonathan Carney & Royal Philharmonic Orchestra
8414,Luciano Pavarotti
8415,Claudio Abbado & Berlin Philharmonic
8416,Orchestre de la Suisse Romande & Ernest Ansermet
8417,Arturo Benedetti Michelangeli
8418,Berlin Philharmonic & Claudio Abbado
8419,Michael Nyman Band and Orchestra & Michael Nyman
8420,Pandit Shivkumar Sharma
8421,"Luciano Pavarotti, Royal Philharmonic Orchestra & Maurizio Benini"
8422,Pandit Bhimsen Joshi
8423,since 1993
8424,"Midori, Zubin Mehta, Israel Philharmonic Orchestra & Natalie Tal Glaser"
8425,Comet 1993
8426,Direksjonsmusikken
8427,George Gershwin & Ira Gershwin
8428,Ustad Bismillah Khan
8429,"Michael Nyman, Royal Liverpool Philharmonic Orchestra & Kathryn Stott"
8430,"Montserrat Caballé, Philharmonia Orchestra & Bruno Bartoletti"
8431,"Sviatoslav Richter, Stuttgart Radio Symphony Orchestra & Christoph Eschenbach"
8432,"Bruno Bartoletti, Montserrat Caballé, Philharmonia Orchestra & Plácido Domingo"
8433,"Rais Khan, Sultan Khan & Anindo Chatterjee"
8434,"Leontyne Price, Peter Herman Adler, Philharmonia Orchestra & John Pfeiffer"
8435,"Berlin Philharmonic, Claudio Abbado & Prague Philharmonic Chorus"
8436,"Sir David Willcocks, The Bach Choir & Jacques Orchestra"
8437,Zhi-Jong Wang & Yashuangzi Xie
8438,Ira Gershwin
8439,The Bach Choir & Sir David Willcocks
8440,Junges Vokalensemble Hannover & Klaus-Jurgen Etzold
8441,Mario Lanza & Constantine Callinicos
8442,"Ustad Vilayat Khan, Shujaat Husain Khan & Ustad Sabir Khan"
8443,Aram Khachaturian & London Symphony Orchestra
8444,"Gerald Finley, Sir Stephen Cleobury & Timothy Beasley-Murray"
8445,"Kathryn Stott, Michael Nyman & Royal Liverpool Philharmonic Orchestra"
8446,"Elena Zaremba, Claudio Abbado, Berlin Philharmonic & Prague Philharmonic Chorus"
8447,"Ustad Rashid Khan, Tanmoy Bose & Surinder S. Sondh"
8448,Väsen
8449,Arpad Sandor & Jascha Heifetz
8450,"New York Philharmonic, Kurt Masur, Westminster Symphonic Choir, The American Boychoir, Trinity Church Choir, New York, Peter Schreier, Carolyn Watkinson, Edith Wiens, Andreas Schmidt & Alastair Miles"
8451,"The Bach Choir, Sir David Willcocks & Jacques Orchestra"
8452,"Ustad Rais Khan, Ustad Sultan Khan, Pt. Anindo Chatterjee, Krishna Joshi & Uma Mehta"
8453,Camerata Salzburg & Sandor Vegh
8454,"Jacques Orchestra, The Bach Choir & Sir David Willcocks"
8455,Bernard Parmegiani
8456,Ustad Vilayat Khan & Ustad Sabir Khan
8457,"André Previn, Shelly Manne & Leroy Vinnegar"
8458,"Leontyne Price, Peter Herman Adler, John Pfeiffer & Philharmonia Orchestra"
8459,"Ustad Rais Khan, Ustad Sultan Khan & Pt. Anindo Chatterjee"
8460,"Harold Wright, Vera Beths, Masi Tsumura, Philipp Naegele & Jeffrey Solowe"
8461,Oscar Castaño Chavez
8462,"Julie Andrews, John Mauceri, Children's Chorus & Hollywood Bowl Orchestra"
8463,"Luciano Pavarotti, Aldo Sisilli, Orchestra da Camera Arcangelo Corelli & Lucio Dalla"
8464,Isha
8465,"Julie Andrews, John Mauceri & Hollywood Bowl Orchestra"
8466,"Peabo Bryson, John Mauceri, Hollywood Bowl Orchestra & Lea Salonga"
8467,"Julie Andrews, John Mauceri, Hollywood Bowl Orchestra & Ben Kingsley"
8468,Hollywood Bowl Orchestra & John Mauceri
8469,"Luciano Pavarotti, Aldo Sisilli, Orchestra da Camera Arcangelo Corelli & Sting"
8470,"Luciano Pavarotti, Aldo Sisilli, Orchestra da Camera Arcangelo Corelli & Zucchero"
8471,"Luciano Pavarotti, The Philadelphia Orchestra & Riccardo Muti"
8472,Australian Opera and Ballet Orchestra & Johannes Fritzsch
8473,"Lea Salonga, John Mauceri & Hollywood Bowl Orchestra"
8474,"Aldo Sisilli, Orchestra da Camera Arcangelo Corelli, Sting & Zucchero"
8475,Carlos Kleiber & Vienna Philharmonic
8476,"Brian May, Aldo Sisilli & Orchestra da Camera Arcangelo Corelli"
8477,"Luciano Pavarotti, Aldo Sisilli, Orchestra da Camera Arcangelo Corelli, Sting, Zucchero, Lucio Dalla & Brian May"
8478,"Aaron Neville, Aldo Sisilli & Orchestra da Camera Arcangelo Corelli"
8479,"Sting, Aldo Sisilli & Orchestra da Camera Arcangelo Corelli"
8480,"The Neville Brothers, Aldo Sisilli & Orchestra da Camera Arcangelo Corelli"
8481,"Marilyn Horne, John Mauceri & Hollywood Bowl Orchestra"
8482,"Bob Geldof, Aldo Sisilli & Orchestra da Camera Arcangelo Corelli"
8483,Almer Imamovic
8484,"Patricia Kopatchinskaja, Péter Eötvös & Ensemble Moderne"
8485,"Mike Oldfield, Aldo Sisilli & Orchestra da Camera Arcangelo Corelli"
8486,"Suzanne Vega, Aldo Sisilli & Orchestra da Camera Arcangelo Corelli"
8487,"Ben Kingsley, John Mauceri & Hollywood Bowl Orchestra"
8488,"Miguel Harth-Bedoya, Norwegian Radio Orchestra & Augustin Hadelich"
8489,"Edmund Kingsley, John Mauceri, Los Angeles Master Chorale, Hollywood Bowl Orchestra, Julie Andrews, Ben Kingsley & Mevina Liufau"
8490,"Patricia Kaas, Aldo Sisilli & Orchestra da Camera Arcangelo Corelli"
8491,"Zucchero, Aldo Sisilli & Orchestra da Camera Arcangelo Corelli"
8492,"Peabo Bryson, John Mauceri, Hollywood Bowl Orchestra, Julie Andrews & Lea Salonga"
8493,"Martha Argerich, Nederlands Kamerorkest & Szymon Goldberg"
8494,"Ben Kingsley, John Mauceri, Los Angeles Master Chorale, Hollywood Bowl Orchestra & Mevina Liufau"
8495,"Roger Moore, John Mauceri, Hollywood Bowl Orchestra, Julie Andrews & Ben Kingsley"
8496,"Ben Kingsley, John Mauceri, Children's Chorus, Julie Andrews & Hollywood Bowl Orchestra"
8497,"Saschko Gawriloff, Pierre Boulez & Ensemble Intercontemporain"
8498,John Ogdon
8499,The Deutsche Kammerphilharmonie Bremen & Gidon Kremer
8500,Fidelio Trio
8501,"Gabriele Santini, Orchestra of the Rome Opera House & Victoria de los Ángeles"
8502,Camilla Hoitenga & Kaija Saariaho
8503,"Academy of St Martin in the Fields, James Bowman, Robert Tear, Benjamin Luxon, The Choir of King's College, Cambridge & Sir David Willcocks"
8504,"Thomas Hampson, Ralf Weikert & The Metropolitan Opera Orchestra"
8505,Reinbert de Leeuw
8506,"Benjamin Luxon, The Choir of King's College, Cambridge, Academy of St Martin in the Fields, Sir David Willcocks, James Bowman & Robert Tear"
8507,Samuel Sanders & Itzhak Perlman
8508,"Isabelle Faust, Les Siècles & François-Xavier Roth"
8509,"Massed Bands of HM Royal Marines, President's Own United States Marine Band, Pipes and Drums of the 1st Battalion The Argyll"
8510,Jean-Yves Thibaudet
8511,"Heinz Wallberg, Martha Argerich & Royal Concertgebouw Orchestra"
8512,"Renée Fleming, Claudio Abbado & Berlin Philharmonic"
8513,"Ensemble Intercontemporain, Pierre Bleuse & Hae-Sun Kang"
8514,"Stanford Olsen, Ralf Weikert & The Metropolitan Opera Orchestra"
8515,"The Choir of King's College, Cambridge, Academy of St Martin in the Fields & Sir David Willcocks"
8516,Gonzalo Soriano
8517,Ralf Weikert & The Metropolitan Opera Orchestra
8518,"Frederica von Stade, Ralf Weikert & The Metropolitan Opera Orchestra"
8519,Flore Laurentienne
8520,Christina Sandsengen
8521,Tetsuya Komuro
8522,"André Previn, Kathleen Battle, Frederica von Stade, The American Boychoir, Christmas Concert Chorus, Orchestra of St. Luke's, Crusher Bennett, Victor See Yuen & Wynton Marsalis"
8523,"Delores Ziegler, Leopold Hager & The Metropolitan Opera Orchestra"
8524,"André Previn, Frederica von Stade & Orchestra of St. Luke's"
8525,"Carol Vaness, Delores Ziegler, Carlos Feller, Leopold Hager & The Metropolitan Opera Orchestra"
8526,"Frank Lopardo, Richard Cowan, Carlos Feller, Leopold Hager & The Metropolitan Opera Orchestra"
8527,"Carol Vaness, Leopold Hager & The Metropolitan Opera Orchestra"
8528,Bayreuth Festival Orchestra
8529,"Anne Evans, Bayreuth Festival Orchestra & Daniel Barenboim"
8530,Leopold Hager & The Metropolitan Opera Orchestra
8531,"Carlos Feller, Frank Lopardo, Richard Cowan, Leopold Hager & The Metropolitan Opera Orchestra"
8532,"Dawn Upshaw, Leopold Hager & The Metropolitan Opera Orchestra"
8533,"Carol Vaness, Delores Ziegler, Dawn Upshaw, Frank Lopardo, Richard Cowan, Carlos Feller, Leopold Hager & The Metropolitan Opera Orchestra"
8534,"Carol Vaness, Delores Ziegler, Richard Cowan, Frank Lopardo, Carlos Feller, Leopold Hager, The Metropolitan Opera Orchestra & The Metropolitan Opera Chorus"
8535,Davide Mocini
8536,"Carlos Feller, Frank Lopardo, Richard Cowan, Dawn Upshaw, Carol Vaness, Delores Ziegler, Leopold Hager & The Metropolitan Opera Orchestra"
8537,"Delores Ziegler, Dawn Upshaw, Carol Vaness, Leopold Hager & The Metropolitan Opera Orchestra"
8538,"Carlos Feller, Carol Vaness, Delores Ziegler, Leopold Hager & The Metropolitan Opera Orchestra"
8539,"Carlos Feller, Carol Vaness, Delores Ziegler, Frank Lopardo, Richard Cowan, Leopold Hager, The Metropolitan Opera Orchestra & The Metropolitan Opera Chorus"
8540,Tana Quartet
8541,"Dawn Upshaw, Carol Vaness, Delores Ziegler, Leopold Hager & The Metropolitan Opera Orchestra"
8542,"Frank Lopardo, Richard Cowan, Carol Vaness, Delores Ziegler, Dawn Upshaw, Carlos Feller, Leopold Hager & The Metropolitan Opera Orchestra"
8543,"Frank Lopardo, Richard Cowan, Carlos Feller, Carol Vaness, Delores Ziegler, Dawn Upshaw, Leopold Hager & The Metropolitan Opera Orchestra"
8544,"Sir Stephen Cleobury, The Choir of King's College, Cambridge & David Goode"
8545,"André Previn, Kathleen Battle & Orchestra of St. Luke's"
8546,"Carlos Feller, Dawn Upshaw, Leopold Hager & The Metropolitan Opera Orchestra"
8547,"Carol Vaness, Delores Ziegler, Leopold Hager & The Metropolitan Opera Orchestra"
8548,"Frank Lopardo, Richard Cowan, Dawn Upshaw, Carlos Feller, Carol Vaness, Delores Ziegler, Leopold Hager & The Metropolitan Opera Orchestra"
8549,"Frank Lopardo, Leopold Hager & The Metropolitan Opera Orchestra"
8550,"Frank Lopardo, Richard Cowan, Carlos Feller, Delores Ziegler, Carol Vaness, Leopold Hager & The Metropolitan Opera Orchestra"
8551,Sean Crownover
8552,"Delores Ziegler, Carol Vaness, Carlos Feller, Leopold Hager & The Metropolitan Opera Orchestra"
8553,"Annette Kuttenbaum, Bayreuth Festival Chorus, Bayreuth Festival Orchestra, Daniel Barenboim, Günter von Kannen, Hilde Leidland & Jane Turner"
8554,"Luciano Pavarotti, Philharmonia Orchestra & Leone Magiera"
8555,"Carol Vaness, Frank Lopardo, Leopold Hager & The Metropolitan Opera Orchestra"
8556,"Edita Gruberová, Sondra Kelly, Chris Merritt, Paul Plishka, Richard Bonynge, The Metropolitan Opera Orchestra & The Metropolitan Opera Chorus"
8557,"André Previn, Kathleen Battle, Frederica von Stade, The American Boychoir & Orchestra of St. Luke's"
8558,"Delores Ziegler, Richard Cowan, Leopold Hager & The Metropolitan Opera Orchestra"
8559,"André Previn, Kathleen Battle, Frederica von Stade, Wynton Marsalis, Nancy Allen, Wynton Marsalis Septet, Orchestra of St. Luke's, The American Boychoir & The Christmas Concert Choir"
8560,"Carlos Feller, Carol Vaness, Delores Ziegler, Frank Lopardo, Richard Cowan, Dawn Upshaw, Leopold Hager, The Metropolitan Opera Orchestra & The Metropolitan Opera Chorus"
8561,Carl Stone
8562,"Richard Cowan, Leopold Hager & The Metropolitan Opera Orchestra"
8563,Donna Amato
8564,"Carol Vaness, Delores Ziegler, Frank Lopardo, Richard Cowan, Leopold Hager & The Metropolitan Opera Orchestra"
8565,"Frank Lopardo, Carol Vaness, Leopold Hager & The Metropolitan Opera Orchestra"
8566,"Kathleen Battle, Frederica von Stade, André Previn, Wynton Marsalis, Orchestra of St. Luke's, The American Boychoir, The Christmas Concert Choir, Nancy Allen & Wynton Marsalis Septet"
8567,"Carol Vaness, Delores Ziegler, Frank Lopardo, Richard Cowan, Leopold Hager, The Metropolitan Opera Orchestra & The Metropolitan Opera Chorus"
8568,"Frederica von Stade, The American Boychoir, The Christmas Concert Choir & André Previn"
8569,"Dawn Upshaw, Carlos Feller, Leopold Hager, The Metropolitan Opera Orchestra & The Metropolitan Opera Chorus"
8570,"Frank Lopardo, Richard Cowan, Leopold Hager & The Metropolitan Opera Orchestra"
8571,"Carlos Feller, Frank Lopardo, Richard Cowan, Dawn Upshaw, Leopold Hager & The Metropolitan Opera Orchestra"
8572,"Annette Kuttenbaum, Bayreuth Festival Chorus, Bayreuth Festival Orchestra, Bodo Brinkmann, Daniel Barenboim, Günter von Kannen, Hilde Leidland & Jane Turner"
8573,"Bayreuth Festival Orchestra, Birgitta Svenden, Daniel Barenboim, Eva Johansson, Eva-Maria Bundschuh, Hebe Dijkstra, Hitomi Katagiri, Linda Finnie, Ruth Floeren & Shirley Close"
8574,"Carlos Feller, Frank Lopardo, Richard Cowan, Dawn Upshaw, Delores Ziegler, Carol Vaness, Leopold Hager & The Metropolitan Opera Orchestra"
8575,"Luciano Pavarotti, Dame Kiri Te Kanawa, Chicago Symphony Orchestra & Sir Georg Solti"
8576,"Bayreuth Festival Orchestra, Daniel Barenboim, Sir John Tomlinson & Linda Finnie"
8577,Jeremy Backhouse & Vasari Singers
8578,Bayreuth Festival Orchestra & Daniel Barenboim
8579,Pt. Bhimsen Joshi & Dr. M. Balamuralikrishna
8580,"Carol Vaness, Dawn Upshaw, Carlos Feller, Leopold Hager & The Metropolitan Opera Orchestra"
8581,André Previn & Orchestra of St. Luke's
8582,New York Philharmonic & Kurt Masur
8583,"Bayreuth Festival Chorus, Bayreuth Festival Orchestra & Daniel Barenboim"
8584,"Richard Cowan, Carlos Feller, Frank Lopardo, Leopold Hager & The Metropolitan Opera Orchestra"
8585,"Anne-Sophie Mutter, James Levine & Chicago Symphony Orchestra"
8586,"Bayreuth Festival Chorus, Bayreuth Festival Orchestra, Bodo Brinkmann, Daniel Barenboim, Eva Johansson, Sir John Tomlinson, Kurt Schreibmayer, Linda Finnie & Matthias Hölle"
8587,"Bayreuth Festival Orchestra, Daniel Barenboim, Eva Johansson, Sir John Tomlinson & Linda Finnie"
8588,"André Previn, Kathleen Battle, Frederica von Stade, Orchestra of St. Luke's & The American Boychoir"
8589,"Coro del Teatro dell'Opera di Roma, Mirella Freni, Nicolai Gedda, Orchestra of the Rome Opera House & Thomas Schippers"
8590,"Warren Jones, Martin Katz, Olafur Bjarnason, Montserrat Caballé, Helen Donath, Renée Fleming, Marilyn Horne, Samuel Ramey, Frederica von Stade & Ruth Ann Swenson"
8591,"Birju Maharaj, Ustad Zakir Hussain & Ashit Desai"
8592,"Bayreuth Festival Chorus, Bayreuth Festival Orchestra, Bodo Brinkmann, Daniel Barenboim, Graham Clark, Sir John Tomlinson, Kurt Schreibmayer & Linda Finnie"
8593,"André Previn, Kathleen Battle, Frederica von Stade & Orchestra of St. Luke's"
8594,"Alain Lombard, Choeurs De L'Opera Du Rhin, José Carreras & Orchestre philharmonique de Strasbourg"
8595,"Bayreuth Festival Orchestra, Daniel Barenboim & Sir John Tomlinson"
8596,"Bayreuth Festival Chorus, Bayreuth Festival Orchestra, Daniel Barenboim & Graham Clark"
8597,Renée Fleming & Warren Jones
8598,"Bayreuth Festival Orchestra, Birgitta Svenden, Daniel Barenboim, Linda Finnie & Uta Priew"
8599,"Annette Kuttenbaum, Bayreuth Festival Orchestra, Daniel Barenboim, Graham Clark, Hilde Leidland, Jane Turner & Sir John Tomlinson"
8600,"Bayreuth Festival Chorus, Bayreuth Festival Orchestra, Bodo Brinkmann, Daniel Barenboim, Graham Clark, Sir John Tomlinson, Kurt Schreibmayer, Linda Finnie, Matthias Hölle & Philip Kang"
8601,"Bayreuth Festival Orchestra, Daniel Barenboim, Nadine Secunde & Poul Elming"
8602,"Bayreuth Festival Orchestra, Daniel Barenboim & Philip Kang"
8603,"Bayreuth Festival Chorus, Bayreuth Festival Orchestra, Bodo Brinkmann, Daniel Barenboim, Eva Johansson, Sir John Tomlinson, Kurt Schreibmayer & Matthias Hölle"
8604,"Bayreuth Festival Chorus, Bayreuth Festival Orchestra, Bodo Brinkmann, Daniel Barenboim, Graham Clark, Kurt Schreibmayer & Linda Finnie"
8605,"Pt. Jasraj, Pt. Hariprasad Chaurasia & Ustad Zakir Hussain"
8606,"Bayreuth Festival Chorus, Bayreuth Festival Orchestra, Daniel Barenboim, Günter von Kannen & Helmut Pampuch"
8607,"Chris Merritt, Paul Plishka, Julien Robbins, Edita Gruberová, Richard Bonynge, The Metropolitan Opera Orchestra & The Metropolitan Opera Chorus"
8608,Richard Bonynge & The Metropolitan Opera Orchestra
8609,"Bayreuth Festival Chorus, Bayreuth Festival Orchestra, Bodo Brinkmann, Daniel Barenboim, Eva Johansson & Sir John Tomlinson"
8610,"Bayreuth Festival Chorus, Bayreuth Festival Orchestra, Daniel Barenboim, Graham Clark & Helmut Pampuch"
8611,"Paolo Gavanelli, Richard Bonynge & The Metropolitan Opera Orchestra"
8612,"Richard Bonynge, The Metropolitan Opera Orchestra & The Metropolitan Opera Chorus"
8613,"Anne Evans, Bayreuth Festival Orchestra, Daniel Barenboim & Sir John Tomlinson"
8614,"Paul Plishka, Paolo Gavanelli, Richard Bonynge & The Metropolitan Opera Orchestra"
8615,"Bayreuth Festival Chorus, Bayreuth Festival Orchestra, Daniel Barenboim, Graham Clark, Helmut Pampuch & Sir John Tomlinson"
8616,"Bayreuth Festival Chorus, Bayreuth Festival Orchestra, Bodo Brinkmann, Daniel Barenboim & Kurt Schreibmayer"
8617,"Bayreuth Festival Chorus, Bayreuth Festival Orchestra, Daniel Barenboim, Günter von Kannen, Helmut Pampuch & Sir John Tomlinson"
8618,"Bayreuth Festival Orchestra, Daniel Barenboim, Matthias Hölle, Nadine Secunde & Poul Elming"
8619,"Charles Anthony, Edita Gruberová, Chris Merritt, Paolo Gavanelli, Paul Plishka, Richard Bonynge, The Metropolitan Opera Orchestra & The Metropolitan Opera Chorus"
8620,"Bayreuth Festival Orchestra, Daniel Barenboim & Poul Elming"
8621,"Bayreuth Festival Chorus, Bayreuth Festival Orchestra, Daniel Barenboim, Graham Clark, Günter von Kannen & Sir John Tomlinson"
8622,"Bayreuth Festival Chorus, Bayreuth Festival Orchestra, Daniel Barenboim & Günter von Kannen"
8623,"Bayreuth Festival Orchestra, Daniel Barenboim & Graham Clark"
8624,"Paolo Gavanelli, Charles Anthony, Richard Bonynge & The Metropolitan Opera Orchestra"
8625,"Bayreuth Festival Chorus, Bayreuth Festival Orchestra, Daniel Barenboim, Graham Clark & Günter von Kannen"
8626,"Bayreuth Festival Orchestra, Daniel Barenboim & Nadine Secunde"
8627,"Bayreuth Festival Chorus, Bayreuth Festival Orchestra, Birgitta Svenden, Daniel Barenboim, Graham Clark, Günter von Kannen & Sir John Tomlinson"
8628,"Bayreuth Festival Orchestra, Daniel Barenboim & Matthias Hölle"
8629,"Bayreuth Festival Chorus, Bayreuth Festival Orchestra, Daniel Barenboim, Graham Clark, Günter von Kannen, Sir John Tomlinson & Philip Kang"
8630,"Bayreuth Festival Orchestra, Daniel Barenboim, Graham Clark & Siegfried Jerusalem"
8631,"Anne Evans, Bayreuth Festival Orchestra, Daniel Barenboim & Siegfried Jerusalem"
8632,"Bayreuth Festival Chorus, Bayreuth Festival Orchestra, Daniel Barenboim, Günter von Kannen & Sir John Tomlinson"
8633,"Bayreuth Festival Orchestra, Birgitta Svenden, Daniel Barenboim & Sir John Tomlinson"
8634,Shania Twain
8635,MC Hammer
8636,James Horner & Orchestra
8637,James Horner & Céline Dion
8638,"James Horner, London Symphony Orchestra & Choristers of Westminster Abbey"
8639,"John Williams, The American Boychoir & Boston Pops Orchestra"
8640,Ludwig Von Drake & Chorus - Silly Classical Songs
8641,Mr. Bungle
8642,Siouxsie & The Banshees
8643,Fabio Banegas
8644,Hans Zimmer & James Newton Howard
8645,Joep Beving
8646,Graces
8647,Royal Philharmonic Orchestra & Renée Fleming
8648,The English Concert & Trevor Pinnock
8649,"Thomas Hampson, Tatiana Troyanos, James Levine & The Metropolitan Opera Orchestra"
8650,"Luciano Pavarotti, Orchestra of the Rome Opera House, Orchestra del Maggio Musicale Fiorentino & Zubin Mehta"
8651,"Jerry Hadley, Thomas Hampson, Marilyn Mims, Tatiana Troyanos, Hei-Kyung Hong, Richard Van Allan, James Levine & The Metropolitan Opera Orchestra"
8652,Alka Yagnik & Udit Narayan
8653,"Marilyn Mims, Tatiana Troyanos, Richard Van Allan, James Levine & The Metropolitan Opera Orchestra"
8654,"Elmer Bernstein, Joel McNeely & Royal Scottish National Orchestra"
8655,"A.R. Rahman, Anuradha & Anupama"
8656,HAUSER
8657,"The Tabernacle Choir at Temple Square, David Archuleta, Mack Wilberg & Orchestra at Temple Square"
8658,Juan Diego Flórez & Jonathan Bolívar
8659,Judas el Desgraciado
8660,Relaxing Piano Music Oasis
8661,Muazzez Abacı
8662,Bruno-Leonardo Gelber
8663,"Yo-Yo Ma, Leonidas Kavakos & Emanuel Ax"
8664,Mariss Jansons & Royal Concertgebouw Orchestra
8665,Emel Sayın
8666,Utah Symphony & Maurice Abravanel
8667,22-Pistepirkko
8668,Joshua David Harris
8669,"Matthias Hölle, Philharmonischer Chor München, Sergiu Celibidache, Doris Soffel, Munich Philharmonic, Dame Margaret Price & Peter Straka"
8670,"Sweet Honey In the Rock, James Horner, Bernice Johnson Reagon, Ysaye M. Barnwell, Nitanju Bolade Casel, Aisha Kahlil, Carol Maillard & Michael Fisher"
8671,"Wolfgang Gönnenwein, Consortium Musicum & South German Madrigal Choir"
8672,Renaissance Chamber Orchestra
8673,The Unforgettable Trio
8674,Aaron Copland
8675,Kurt Sanderling & Staatskapelle Dresden
8676,Yılmaz Morgül
8677,Emmy Verhey
8678,Leonard Bernstein & Columbia Symphony Orchestra
8679,"Matthias Hölle, Philharmonischer Chor München, Sergiu Celibidache, Munich Philharmonic & Dame Margaret Price"
8680,"Jerry Hadley, Thomas Hampson, Richard Van Allan, James Levine & The Metropolitan Opera Orchestra"
8681,André Rieu & Johann Strauss Orchestra
8682,Daniel Barenboim & English Chamber Orchestra
8683,"Richard Van Allan, Jerry Hadley, Thomas Hampson, James Levine & The Metropolitan Opera Orchestra"
8684,Selami Şahin
8685,Willi Boskovsky
8686,The Midwest Winds & Michael Sweeney
8687,Banda Musical da Casa do Povo de Tangil & Daniel Vieira
8688,Banda Recreativa União Pinheirense & Jonathan Costa
8689,Minnz Piano
8690,Florida State University Marching Band
8691,"Abida Parween, Shafiq Ali, Rajab Ali, Sohail Deen & Gulab Khan"
8692,Nico Muhly
8693,"Sir David Willcocks & The Choir of King's College, Cambridge"
8694,"Auburn Marching Band, Johnnie Vinson & Auburn University Marching Band"
8695,Constantine Callinicos
8696,"Mario Lanza, Judith Raskin & Constantine Callinicos"
8697,The King's Singers
8698,Constantine Callinicos & Elizabeth Doubleday
8699,Alban Berg Quartett
8700,"St. Olaf Choir, St. Olaf Chapel Choir, St. Olaf Cantorei, Manitou Singers, Viking Chorus & St. Olaf Orchestra"
8701,"Andre Mallabrera, André Cluytens, Choeurs René Duclos, Christiane Gayraud, Elisabeth Schwarzkopf, Gianna d' Angelo, Jacques Loreau, Jeannine Collard, Michel Sénéchal, Nicolai Gedda, Orchestre de la Société des Concerts du Conservatoire, Renee Faure & Victoria de los Ángeles"
8702,"St. Olaf Choir, St. Olaf Chapel Choir, St. Olaf Cantorei, Manitou Singers, Viking Chorus, St. Olaf Orchestra & John Ferguson"
8703,"André Cluytens, Choeurs René Duclos, Elisabeth Schwarzkopf, Jeannine Collard & Orchestre de la Société des Concerts du Conservatoire"
8704,Ana Done
8705,Jean-Marc Luisada
8706,"Mario Lanza, Elizabeth Doubleday & Constantine Callinicos"
8707,"St. Olaf Choir, St. Olaf Chapel Choir, St. Olaf Cantorei, Manitou Singers, Viking Chorus & Kenneth Jennings"
8708,St. Olaf Cantorei & John Ferguson
8709,"Mario Lanza, Donald Arthur & Constantine Callinicos"
8710,Piano Rockstar
8711,St. Olaf Chapel Choir & Robert Scholz
8712,Judith Raskin & Constantine Callinicos
8713,St. Olaf Orchestra & Steven Amundson
8714,"Mario Lanza, Raymond Murcell, Judith Raskin & Constantine Callinicos"
8715,Ciprian Iacob
8716,David Santafe
8717,"Yehudi Menuhin, Menuhin Festival Orchestra & Leslie Pearson"
8718,Donald Arthur & Constantine Callinicos
8719,Jacqueline du Pré & Daniel Barenboim
8720,Peaceful Noise
8721,Großer Chor des Berliner Rundfunks
8722,H2 Quartet
8723,"Nusrat Fateh Ali Khan, Rahat Fateh Ali Khan, Farrukh Fateh Ali Khan, Rehmat Ali & Dildar Hussain"
8724,"Viking Chorus, St. Olaf Orchestra & Robert Scholz"
8725,Carlo Maria Giulini & Elisabeth Schwarzkopf
8726,St. Olaf Choir & Kenneth Jennings
8727,Viking Chorus & Robert Scholz
8728,"Elisabeth Schwarzkopf, Victoria de los Ángeles, Gianna d' Angelo, Christiane Gayraud, Jean-Christophe Benoit, George London, Ernest Blanc, Michel Sénéchal, Jean-Pierre Laffage, Andre Mallabrera, Jacques Pruvost, Jeannine Collard, Choeurs René Duclos, André Cluytens & Orchestre de la Société des Concerts du Conservatoire"
8729,"St. Olaf Choir, St. Olaf Chapel Choir, St. Olaf Cantorei, Manitou Singers & Viking Chorus"
8730,Anthony Rooley & The King's Singers
8731,"St. Olaf Choir, St. Olaf Chapel Choir, St. Olaf Cantorei, Viking Chorus, Manitou Singers, St. Olaf Orchestra & Kenneth Jennings"
8732,Manitou Singers & Sigrid Johnson
8733,Zentrales Orchester des MDI
8734,Pt. Ravi Shankar
8735,"Sir Andrew Davis, The Choir of King's College, Cambridge & Sir David Willcocks"
8736,Tatiana Nikolayeva
8737,Nusrat Fateh Ali Khan
8738,"St. Olaf Choir, St. Olaf Chapel Choir, St. Olaf Cantorei, Manitou Singers, Viking Chorus & Robert Scholz"
8739,Sergei Rachmaninoff & The Philadelphia Orchestra
8740,"Andrew Lloyd Webber, Mikael Samuelson & ""The Phantom Of The Opera"" 1989 Swedish Cast"
8741,"Andrew Lloyd Webber, ""The Phantom Of The Opera"" 1989 Swedish Cast & Elisabeth Berg"
8742,"Elisabeth Berg, Andrew Lloyd Webber, Bengt Nordfors, ""The Phantom Of The Opera"" 1989 Swedish Cast & Mikael Samuelson"
8743,Consort of Musicke & The King's Singers
8744,"""The Phantom Of The Opera"" 1989 Swedish Cast, Andrew Lloyd Webber, Martina Langas & Bengt Nordfors"
8745,Blaine L. Reininger & Steven Brown
8746,"Giuseppe Taddei, Anna Moffo, Eberhard Wächter, Elisabeth Schwarzkopf, Fiorenza Cossotto, Dora Gatta, Renato Ercolani, Elisabetta Fusco, Piero Cappuccilli, Gillian Spencer, Diana Gillingham & Carlo Maria Giulini"
8747,"Consort of Musicke, Jeremy Jackman & The King's Singers"
8748,Justin Doyle & Akademie für Alte Musik Berlin
8749,London Symphony Orchestra & Sir Colin Davis
8750,"Choir of The English Concert, John Nelson & The English Concert"
8751,Mount Cyanide
8752,"The Metropolitan Philharmonic Orchestra, The Bloomsbury Choral Society & Bernhard Jarvis"
8753,The Clerkenwell Baroque String Ensemble
8754,"The Sixteen, Harry Christophers & Mark Padmore"
8755,"London Symphony Orchestra, Tenebrae & Sir Colin Davis"
8756,"London Symphony Orchestra, Mark Padmore & Sir Colin Davis"
8757,Jordi Savall
8758,"London Symphony Orchestra, Sir Colin Davis & Tenebrae"
8759,"London Symphony Orchestra, Sir Colin Davis & Mark Padmore"
8760,Dalal
8761,"Alastair Miles, London Symphony Orchestra & Sir Colin Davis"
8762,"London Symphony Orchestra, Sara Mingardo & Sir Colin Davis"
8763,"London Symphony Orchestra, Sir Colin Davis & Sara Mingardo"
8764,"Le Concert Spirituel, Hervé Niquet & Rupert Charlesworth"
8765,"Simon Standage, The English Concert, Elizabeth Wilcock & Trevor Pinnock"
8766,Concerto Köln
8767,"London Symphony Orchestra, Sir Colin Davis & Susan Gritton"
8768,"London Symphony Orchestra, Susan Gritton & Sir Colin Davis"
8769,"London Symphony Orchestra, Susan Gritton, Sir Colin Davis & Sara Mingardo"
8770,"The Tabernacle Choir at Temple Square, Jerold D. Ottley & John Longhurst"
8771,Igor Levit
8772,Martin Stadtfeld
8773,"Nikolaus Harnoncourt, Arnold Schoenberg Choir, Erwin Ortner & Concentus Musicus Wien"
8774,"Dame Joan Sutherland, London Symphony Orchestra & Sir Adrian Boult"
8775,"Kenneth McKellar, London Symphony Orchestra & Sir Adrian Boult"
8776,Johannes Bornlöf
8777,"London Symphony Orchestra, Sara Mingardo, Mark Padmore & Sir Colin Davis"
8778,"Nikolaus Harnoncourt, Gerald Finley & Concentus Musicus Wien"
8779,"Choeur du Concert d'Astrée, Orchestre du Concert d'Astrée & Emmanuelle Haïm"
8780,Iceland Symphony Orchestra & Daníel Bjarnason
8781,Boston Pops Orchestra & Arthur Fiedler
8782,"Nikolaus Harnoncourt, Arnold Schoenberg Choir & Concentus Musicus Wien"
8783,"The Cambridge Singers, John Rutter & City of London Sinfonia"
8784,Aradia Ensemble
8785,"The Tabernacle Choir at Temple Square, Orchestra at Temple Square, Mack Wilberg & Ryan Murphy"
8786,"Sir Georg Solti, Chicago Symphony Orchestra, Chicago Symphony Chorus & Margaret Hillis"
8787,"Leonard Bernstein, Westminster Choir & New York Philharmonic"
8788,Chamber Orchestra Prague
8789,Michael Forster & Anna Stevens
8790,"David Parry, London Philharmonic Orchestra & London Philharmonic Choir"
8791,"Concert Spirituel Chorus, Le Concert Spirituel & Hervé Niquet"
8792,B'Rock Orchestra & Peter Dijkstra
8793,"Le Concert Spirituel, Hervé Niquet & Andreas Wolf"
8794,"The English Concert, Trevor Pinnock & The English Concert Choir"
8795,"Academy of St Martin in the Fields Chorus, Sir Neville Marriner & Academy of St Martin in the Fields"
8796,"Eugene Ormandy, The Tabernacle Choir at Temple Square, The Philadelphia Orchestra, Martha Lipton, Davis Cunningham, William Warfield & Eileen Farrell"
8797,Trevor Pinnock & The English Concert
8798,Klemens Schnorr
8799,"The Tabernacle Choir at Temple Square, Richard P. Condie & Royal Philharmonic Orchestra"
8800,"The Sixteen, Harry Christophers & Catherine Wyn-Rogers"
8801,"Catherine Robbin, John Eliot Gardiner & English Baroque Soloists"
8802,"The Sixteen, Harry Christophers & Christopher Purves"
8803,London Philharmonic Orchestra & Walter Susskind
8804,The Cathedral Singers & Richard Proulx
8805,"Andrew Staples, Orchestre du Concert d'Astrée & Emmanuelle Haïm"
8806,"The Sixteen, Harry Christophers & Carolyn Sampson"
8807,"The Sixteen, Harry Christophers & Catherine Wyn Rogers"
8808,"The Sixteen, Harry Christophers, Carolyn Sampson & Catherine Wyn-Rogers"
8809,"London Philharmonic Orchestra, Walter Susskind & London Philharmonic Choir"
8810,"Dame Kiri Te Kanawa, Sir Georg Solti & Chicago Symphony Orchestra"
8811,"Tallis Chamber Choir, Kevin Mallon & Scholars Baroque Ensemble"
8812,John Nelson & The English Concert
8813,Anna Clyne
8814,Judy Kuhn
8815,Michael Maguire
8816,Riccardo Muti & Philharmonia Orchestra
8817,Vienna Philharmonic & Herbert von Karajan
8818,Cindy Benson & Jesse Corti
8819,Donna Vivino
8820,Jennifer Butt & Leo Burmester
8821,Frances Ruffelle
8822,"Choeur du Concert d'Astrée, Emmanuelle Haïm & Orchestre du Concert d'Astrée"
8823,Boston Baroque & Martin Pearlman
8824,"London Philharmonic Orchestra, Walter Susskind & London Philharminic Choir"
8825,"Anne Sofie von Otter, Trevor Pinnock & The English Concert"
8826,"Justin Doyle, Tim Mead & Akademie für Alte Musik Berlin"
8827,"Sir Adrian Boult, Jennifer Vyvyan, George Maran, Norma Proctor, London Philharmonic Choir & London Philharmonic Orchestra"
8828,"The Tabernacle Choir at Temple Square, John Longhurst & Jerold D. Ottley"
8829,Glasgow Festival Chorus And Orchestra & John Rightman
8830,English Baroque Soloists & John Eliot Gardiner
8831,G.F. Handel
8832,Terrence Mann
8833,"Anthony Rolfe Johnson, John Eliot Gardiner, Monteverdi Choir & English Baroque Soloists"
8834,Rebecca Arons
8835,Linda Ronstadt & James Ingram
8836,Sarah Brightman & Michael Crawford
8837,Marcelo Cacilias
8838,Ben Laver
8839,"Sarah Brightman, Steve Barton & Michael Crawford"
8840,Brian Kennedy
8841,Deuter
8842,"Michael Crawford, Andrew Lloyd Webber & Sarah Brightman"
8843,"Tullio Serafin, Philharmonia Orchestra & Maria Callas"
8844,Boulanger Trio
8845,Dwarves
8846,"José Carreras, Mandy Patinkin, Dame Kiri Te Kanawa, Jonathan Tunick, London Symphony Orchestra, Sarah Vaughan & The Ambrosian Singers"
8847,"José Carreras, Jonathan Tunick & London Symphony Orchestra"
8848,Anonymous 4 & Ruth Cunningham
8849,"Sarah Brightman, Andrew Lloyd Webber, Steve Barton & Michael Crawford"
8850,"Alfredo Simonetto, Orchestra Sinfonica Della RAI, Torino & Maria Callas"
8851,Anonymous 4 & Bruce Molsky
8852,Anonymous 4 & Darol Anger
8853,Orava Quartet
8854,Capella Bydgostiensis & Daniel Stabrawa
8855,Daniel Hope & Zürcher Kammerorchester
8856,Baltic Sea Youth Philharmonic Orchestra & Kristjan Järvi
8857,Geek Music
8858,"Renata Scotto, Orchestra of the Rome Opera House & Sir John Barbirolli"
8859,Arturo Benedetti Michelangeli & Edmond de Stoutz
8860,Dimitris Koustas
8861,"Merrill Greenberg, Israel Philharmonic Orchestra & Leonard Bernstein"
8862,"Maria Callas, Philharmonia Orchestra & Tullio Serafin"
8863,Deutsche Streicherphilharmonie & Wolfgang Hentrich
8864,"BBC Singers, Ensemble Intercontemporain & Pierre Boulez"
8865,Jerzy Maksymiuk & Sinfonia Varsovia
8866,Zoltán Kocsis
8867,"Anneliese Rothenberger, Brigitte Fassbaender, Hermann Prey, Dieter Weller, Bayerische Staatsopernchor, Hans Georg Knoblich, Robert Heger & Bavarian State Orchestra"
8868,"The Choir of King's College, Cambridge, Francis Grier & Sir Philip Ledger"
8869,Rival Consoles
8870,"Kathleen Battle, James Levine & The Metropolitan Opera Orchestra"
8871,"Carol Vaness, James Levine & The Metropolitan Opera Orchestra"
8872,"Janet Perry, Agnes Baltsa, Vinson Cole, José Van Dam, Berlin Philharmonic, Herbert von Karajan, Wiener Singverein & Helmuth Froschauer"
8873,Lace434
8874,"Frederica von Stade, James Levine & The Metropolitan Opera Orchestra"
8875,"Ruggero Raimondi, James Levine & The Metropolitan Opera Orchestra"
8876,"The Choir of King's College, Cambridge, Ian Hare, Philip Jones Brass Ensemble & Sir David Willcocks"
8877,David Schultz
8878,Adam Williams
8879,"Ruggero Raimondi, Kathleen Battle, James Levine & The Metropolitan Opera Orchestra"
8880,Eiji Mitomi
8881,Pierre-Laurent Aimard
8882,"Kathleen Battle, Ruggero Raimondi, James Levine & The Metropolitan Opera Orchestra"
8883,"Jocelyne Taillon, Kathleen Battle, Frederica von Stade, James Levine & The Metropolitan Opera Orchestra"
8884,"Gene ""Coach"" Thrailkill, The University of Oklahoma Marching Band & Pride of Oklahoma"
8885,"Artur Korn, Jocelyne Taillon, James Levine & The Metropolitan Opera Orchestra"
8886,"Sir Thomas Allen, Michel Sénéchal, Kathleen Battle, Frederica von Stade, James Levine & The Metropolitan Opera Orchestra"
8887,"Jocelyne Taillon, Kathleen Battle, James Levine & The Metropolitan Opera Orchestra"
8888,"Pierre-Laurent Aimard, Pierre Boulez & Ensemble Intercontemporain"
8889,"Frederica von Stade, Kathleen Battle, Sir Thomas Allen, Michel Sénéchal, James Levine & The Metropolitan Opera Orchestra"
8890,"Sir Thomas Allen, Ruggero Raimondi, Kathleen Battle, Michel Sénéchal, Frederica von Stade, James Levine, The Metropolitan Opera Orchestra & The Metropolitan Opera Chorus"
8891,"Carol Vaness, Kathleen Battle, James Levine & The Metropolitan Opera Orchestra"
8892,"Carol Vaness, Kathleen Battle, Ruggero Raimondi, Frederica von Stade, James Levine & The Metropolitan Opera Orchestra"
8893,"Jocelyne Taillon, Michel Sénéchal, Artur Korn, Sir Thomas Allen, Carol Vaness, Ruggero Raimondi, Kathleen Battle, James Levine & The Metropolitan Opera Orchestra"
8894,"Stephen Varcoe, The Choir of King's College, Cambridge & Sir David Willcocks"
8895,Eduardo Jordão
8896,"Sir Thomas Allen, Carol Vaness, James Levine & The Metropolitan Opera Orchestra"
8897,"Sir Thomas Allen, Ruggero Raimondi, Michel Sénécha, Anthony Laciura, James Courtney, Artur Korn, Kathleen Battle, Dawn Upshaw, Jocelyne Taillon, Frederica von Stade, Carol Vaness, James Levine, The Metropolitan Opera Orchestra & The Metropolitan Opera Chorus"
8898,Lucia Micarelli
8899,"Chicago Symphony Orchestra, Daniel Barenboim & Maxim Vengerov"
8900,"Ruggero Raimondi, Sir Thomas Allen, Kathleen Battle, Carol Vaness, James Levine & The Metropolitan Opera Orchestra"
8901,"Sir Thomas Allen, Kathleen Battle, Carol Vaness, James Levine & The Metropolitan Opera Orchestra"
8902,"Boston Symphony Orchestra, Erich Leinsdorf & Itzhak Perlman"
8903,"Carol Vaness, Kathleen Battle, Frederica von Stade, James Levine & The Metropolitan Opera Orchestra"
8904,"James Courtney, Sir Thomas Allen, Kathleen Battle, Carol Vaness, Ruggero Raimondi, James Levine & The Metropolitan Opera Orchestra"
8905,"Julian Ovenden, Katie Marshall, John Lunn, Richard Cottle, Robin Smith, The Budapest City Orchestra & The Budapest Coral Voices"
8906,"Kathleen Battle, Frederica von Stade, Sir Thomas Allen, Carol Vaness, James Levine & The Metropolitan Opera Orchestra"
8907,Billboard Baby Lullabies
8908,"Royal Liverpool Philharmonic Orchestra, Hannu Lintu & Augustin Hadelich"
8909,"James Ehnes, Bergen Philharmonic Orchestra & Edward Gardner"
8910,Han Chen
8911,"The Choir of King's College, Cambridge, John Wells & Sir David Willcocks"
8912,"Sir Thomas Allen, James Levine & The Metropolitan Opera Orchestra"
8913,"Carol Vaness, Kathleen Battle, Frederica von Stade, Sir Thomas Allen, James Levine & The Metropolitan Opera Orchestra"
8914,"Jocelyne Taillon, Ruggero Raimondi, Artur Korn, Anthony Laciura, Sir Thomas Allen, Kathleen Battle, James Courtney, James Levine & The Metropolitan Opera Orchestra"
8915,"Sir Thomas Allen, Kathleen Battle, Ruggero Raimondi, James Levine & The Metropolitan Opera Orchestra"
8916,"Pekka Kuusisto, Leif Segerstam & Helsinki Philharmonic Orchestra"
8917,"Sir Thomas Allen, Carol Vaness, Kathleen Battle, James Levine & The Metropolitan Opera Orchestra"
8918,"Václav Hudeček, Jiří Bělohlávek, Prague Symphony Orchestra, Pyotr Ilyich Tchaikovsky & Jean Sibelius"
8919,"Kyung-Wha Chung, London Symphony Orchestra & André Previn"
8920,"Dawn Upshaw, Carol Vaness, Kathleen Battle, James Courtney, Sir Thomas Allen, Frederica von Stade, Ruggero Raimondi, James Levine, The Metropolitan Opera Orchestra & The Metropolitan Opera Chorus"
8921,"Ruggero Raimondi, Kathleen Battle, Sir Thomas Allen, Carol Vaness, James Levine, The Metropolitan Opera Orchestra & The Metropolitan Opera Chorus"
8922,"Dawn Upshaw, Ruggero Raimondi, Jocelyne Taillon, Michel Sénéchal, Artur Korn, James Levine & The Metropolitan Opera Orchestra"
8923,"Sir Thomas Allen, Ruggero Raimondi, James Levine, The Metropolitan Opera Orchestra & The Metropolitan Opera Chorus"
8924,"Anthony Laciura, Jocelyne Taillon, Ruggero Raimondi, Sir Thomas Allen, Artur Korn, James Levine & The Metropolitan Opera Orchestra"
8925,"Ruggero Raimondi, Kathleen Battle, Sir Thomas Allen, James Levine & The Metropolitan Opera Orchestra"
8926,"Dawn Upshaw, Frederica von Stade, James Levine & The Metropolitan Opera Orchestra"
8927,"Ruggero Raimondi, Frederica von Stade, Carol Vaness, Sir Thomas Allen, Kathleen Battle, James Levine & The Metropolitan Opera Orchestra"
8928,Tina Guo
8929,"The Choir of King's College, Cambridge, Ian Hare & Sir David Willcocks"
8930,"André Previn, London Symphony Orchestra & Kyung-Wha Chung"
8931,Itzhak Perlman & Samuel Sanders
8932,"Kathleen Battle, Jocelyne Taillon, Carol Vaness, Ruggero Raimondi, James Levine & The Metropolitan Opera Orchestra"
8933,Baltic House Orchestra
8934,Marty Haugen
8935,Hans Zimmer & The Disruptive Collective
8936,Meta H
8937,Draupner
8938,"Hans Zimmer, Mariko Muranaka, Rusanda Panfili, Lucy Landymore, Odessa Orchestra & Friends & Gavin Greenaway"
8939,"Jacob Collier, Metropole Orkest & Jules Buckley"
8940,Simone Vallerotonda
8941,Sonic Weekend Collective
8942,Prophectical
8943,Ensemble Intercontemporain & Pierre Boulez
8944,"Kristine Scholz, Hans-Ola Ericsson, Mats Persson, Swedish Radio Symphony Orchestra & Esa-Pekka Salonen"
8945,Unknown Film Studio Orchestra
8946,Jeremy Filsell & Saint Thomas Choir of Men and Boys
8947,"Keith Jarrett, Rundfunk-Sinfonieorchester Saarbrücken & Dennis Russell Davies"
8948,BYU Singers & Ronald Staheli
8949,"Andrew Gerzso, Pierre Boulez & Ensemble Intercontemporain"
8950,Satsuki Shibano
8951,Pandit Nikhil Banerjee
8952,Ollen
8953,Po84
8954,"Eberhard Blum, Nils Vigeland & Jan Williams"
8955,Mark Ayres
8956,"Ensemble Intercontemporain, Pierre Boulez & Andrew Gerzso"
8957,Michigan State University Spartan Marching Band & David Thornton
8958,Film Symphony Orchestra
8959,Ilaiyaraaja
8960,Enrico Caruso
8961,Alain Goraguer
8962,2Hooks
8963,Outlines
8964,London Symphony Orchestra & Claudio Abbado
8965,Harmonic Brass
8966,Jeroen van Veen
8967,Philip Glass & Michael Riesman
8968,"Christian Lindberg, Bamberg Symphony Orchestra & Leif Segerstam"
8969,"Anne-Sophie Mutter, Daniel Müller-Schott & André Previn"
8970,"Coro Dell'Accademia Nazionale Di Santa Cecilia, Roberto Gabbiani, Orchestra dell'Accademia Nazionale di Santa Cecilia & Myung-Whun Chung"
8971,"Andrew Gerzso, Ensemble Intercontemporain & Pierre Boulez"
8972,Guy St-Pierre
8973,Emil Gilels
8974,Drago Ivanuša
8975,Abril Nila
8976,"Armel Dupas, Mathieu Penot & Kenny Ruby"
8977,"Lalgudi G. Jayaraman, Lalgudi G.J.R. Krishnan & Trichy Sankaran"
8978,Ensemble Orchestral Contemporain & Daniel Kawka
8979,Celestial Aeon Project & Bard to the Core
8980,"Janet Perry, Herbert von Karajan, Berlin Philharmonic, Agnes Baltsa, Wiener Singverein, Vinson Cole, José Van Dam & Helmuth Froschauer"
8981,Stefano Guzzetti
8982,Ken Page
8983,"Kennedy, Doug Boyle, John Etheridge, Dave Heath, Rory McFarlane, Emma Black, Gerri Sutyak & Kate St. John"
8984,"Petra Müllejans, Philippe Jaroussky & Freiburger Barockorchester"
8985,Peter Michael Hamel
8986,Doriano Zurlo & Stefano Ligoratti
8987,"Lucia Popp, Munich Broadcasting Orchestra & Kurt Peter Eichhorn"
8988,Pascal Comelade
8989,Inserite Coin
8990,Juana Zayas
8991,"Gidon Kremer, Nikolaus Harnoncourt & Vienna Philharmonic"
8992,Iravu
8993,"Auburn Marching Band, Johnnie Vinson, D.J. Larocca & Auburn University Marching Band"
8994,Chrome
8995,Johnny Douglas
8996,Jamal a-Hosn
8997,W3C0m3NP34ce
8998,Odair Assad & Sérgio Assad
8999,René Aubry
9000,Pandit Shivkumar Sharma & Ustad Zakir Hussain
9001,Aloys Kontarsky & Alfons Kontarsky
9002,Metropole Orkest & Dolf van der Linden
9003,Lucia Popp & Geoffrey Parsons
9004,"Petra Müllejans, Philippe Jaroussky, Anke Nevermann, Ann-Kathrin Brüggemann & Freiburger Barockorchester"
9005,"Vladimir Horowitz, Zubin Mehta & New York Philharmonic"
9006,Peter Michael Hamel & Ulrich Kraus
9007,Peter Lai
9008,4 Strings
9009,"Ádám Friedrich, István Borza & László Hara"
9010,Auburn University Marching Band
9011,"Lucia Popp, Munich Broadcasting Orchestra & Heinz Wallberg"
9012,Jun-ichi Hirokami & Japan Philharmonic Orchestra
9013,Superhuman
9014,Captain Beefheart & His Magic Band
9015,Daniel Bloom
9016,Meeting by Chance
9017,Mario Viñuela
9018,Heinrich Schiff & Christian Zacharias
9019,Philip Glass & The Philip Glass Ensemble
9020,Wolfgang Lendle
9021,"José Carreras, James Levine & The Metropolitan Opera Orchestra"
9022,Irwin Kostal & Disney Studio Orchestra
9023,"Irwin Kostal, Disney Studio Orchestra & Disney Studio Chorus"
9024,"Chicago Symphony Orchestra, Miguel Harth-Bedoya, Silkroad Ensemble & Yo-Yo Ma"
9025,Neil Cowley
9026,"Lucia Popp, Munich Radio Orchestra & Hans Zanotelli"
9027,"Teresa Stratas, José Carreras, James Levine & The Metropolitan Opera Orchestra"
9028,Ravi Shankar & Ali Akbar Khan
9029,"Pinchas Zukerman, Israel Philharmonic Orchestra & Zubin Mehta"
9030,"Itzhak Perlman, Israel Philharmonic Orchestra & Zubin Mehta"
9031,"Richard Stilwell, José Carreras, James Morris, James Levine & The Metropolitan Opera Orchestra"
9032,"Christoph Poppen, Munich Chamber Orchestra, Elsbeth Moser & Boris Pergamenschikow"
9033,"José Carreras, Richard Stilwell, Teresa Stratas, James Levine & The Metropolitan Opera Orchestra"
9034,"Renata Scotto, Richard Stilwell, Italo Tajo, Teresa Stratas, José Carreras, Allan Monk, James Morris, James Levine & The Metropolitan Opera Orchestra"
9035,Disphoria
9036,"Lucia Popp, Munich Radio Orchestra & Kurt Peter Eichhorn"
9037,Zia Mohiuddin Dagar
9038,Jinjoo Cho & Kim Hyun Soo
9039,"Lucia Popp, Munich Radio Orchestra & Werner Schmidt-Boelcke"
9040,"Julianne Baird, Cheryl Bensman, Jane Bryden, Kimball Wheeler, New York Philharmonic & Zubin Mehta"
9041,"James Morris, Richard Stilwell, José Carreras, James Levine & The Metropolitan Opera Orchestra"
9042,"Italo Tajo, Richard Stilwell, Allan Monk, James Morris, José Carreras, James Levine & The Metropolitan Opera Orchestra"
9043,"José Carreras, Richard Stilwell, James Morris, Allan Monk, James Levine & The Metropolitan Opera Orchestra"
9044,"Zubin Mehta, Israel Philharmonic Orchestra, Isaac Stern, Ivry Gitlis, Ida Haendel & Shlomo Mintz"
9045,"Allan Monk, James Morris, José Carreras, Teresa Stratas, Richard Stilwell, Dale Caldwell, James Levine, The Metropolitan Opera Orchestra & The Metropolitan Opera Chorus"
9046,"Allan Monk, James Morris, Richard Stilwell, José Carreras, Teresa Stratas, James Levine & The Metropolitan Opera Orchestra"
9047,"Teresa Stratas, James Levine & The Metropolitan Opera Orchestra"
9048,"Richard Stilwell, Teresa Stratas, James Levine & The Metropolitan Opera Orchestra"
9049,"Lucia Popp, Lamberto Gardelli & Munich Radio Orchestra"
9050,"José Carreras, Allan Monk, James Morris, Richard Stilwell, Italo Tajo, Renata Scotto, Teresa Stratas, James Levine, The Metropolitan Opera Orchestra & The Metropolitan Opera Chorus"
9051,"Allan Monk, Richard Stilwell, James Morris, José Carreras, Teresa Stratas, James Levine, The Metropolitan Opera Orchestra & The Metropolitan Opera Chorus"
9052,"José Carreras, James Morris, Allan Monk, Richard Stilwell, Renata Scotto, Teresa Stratas, James Levine, The Metropolitan Opera Orchestra & The Metropolitan Opera Chorus"
9053,"José Carreras, Richard Stilwell, Allan Monk, James Morris, Dale Caldwell, James Levine & The Metropolitan Opera Orchestra"
9054,"Isaac Stern, Israel Philharmonic Orchestra & Zubin Mehta"
9055,"José Carreras, Teresa Stratas, Richard Stilwell, Renata Scotto, James Levine & The Metropolitan Opera Orchestra"
9056,Pandit Nikhil Banerjee & Swapan Chaudhuri
9057,"James Brewer, Renata Scotto, James Levine, The Metropolitan Opera Orchestra & The Metropolitan Opera Chorus"
9058,"Elsbeth Moser, Christoph Poppen, Munich Chamber Orchestra & Boris Pergamenschikow"
9059,"José Carreras, Richard Stilwell, Renata Scotto, Allan Monk, James Morris, James Levine & The Metropolitan Opera Orchestra"
9060,"Teresa Stratas, Glenn Bater, James Levine & The Metropolitan Opera Orchestra"
9061,"José Carreras, Richard Stilwell, James Levine & The Metropolitan Opera Orchestra"
9062,Carlos Cipa
9063,"Josje Ter Haar, Job Ter Haar & John Snijders"
9064,Anja Lechner & Silke Avenhaus
9065,Sarah Brightman & Brian Blessed
9066,Eric Lyon
9067,Death In June
9068,ELIO
9069,R.T.R Jae
9070,1BYNG
9071,Hoogway & Lofi Girl
9072,"Phlocalyst, Lofi Girl, Myríad & Hilaria"
9073,Coolio
9074,inertia. & Lofi Girl
9075,"Dosi, Wishes and Dreams & Lofi Girl"
9076,Juliàn & Lofi Girl
9077,Swink & Lofi Girl
9078,xander. & Lofi Girl
9079,"Alto, Lenny Loops, Lofi Girl & Two Scents"
9080,"BVG, Simon Groß & Lofi Girl"
9081,Arcángel
9082,"Allem Iversom, Lofi Girl & Dontcry"
9083,"Worldtraveller, Lofi Girl & Max Merseny"
9084,"Krynoze, Lofi Girl & Juliàn"
9085,HANUMIKE & POSITIFF
9086,"Sátyr, Lofi Girl & marsquake"
9087,Dimension 32 & Lofi Girl
9088,Meek Mill
9089,Post Malone
9090,Lucid Keys & Lofi Girl
9091,4Goat & Taisheng Music
9092,"gCoope, Kainbeats, Lofi Girl & Odd Panda"
9093,Social House
9094,YNW Melly
9095,"Lin-Manuel Miranda, Leslie Odom, Jr., Anthony Ramos, Daveed Diggs & Okieriete Onaodowan"
9096,Luniz
9097,"softy, Lofi Girl & Goson"
9098,Chance the Rapper
9099,"Phillipa Soo, Jasmine Cephas Jones, Leslie Odom, Jr., Original Broadway Cast of ""Hamilton"" & Renée Elise Goldsberry"
9100,Lil Tecca
9101,"Leslie Odom, Jr. & Original Broadway Cast of ""Hamilton"""
9102,"Leslie Odom, Jr., Lin-Manuel Miranda, Phillipa Soo, Christopher Jackson, Original Broadway Cast of ""Hamilton"" & Renée Elise Goldsberry"
9103,"Leslie Odom, Jr., Daveed Diggs, Christopher Jackson & Original Broadway Cast of ""Hamilton"""
9104,Jory Boy & Bad Bunny
9105,"Dímelo Flow, Arcángel & Sech"
9106,Dru Hill
9107,Rod Wave
9108,Faith Evans
9109,Sage the Gemini
9110,Yung Gravy
9111,Waka Flocka Flame
9112,KeKe Wyatt
9113,"Leslie Odom, Jr., Lin-Manuel Miranda & Original Broadway Cast of ""Hamilton"""
9114,THE CARTERS
9115,Bow Wow
9116,"Leslie Odom, Jr., Lin-Manuel Miranda, Daveed Diggs, Okieriete Onaodowan & Original Broadway Cast of ""Hamilton"""
9117,Cupid
9118,iann dior
9119,"DJ Luian, Mambo Kingz & De La Ghetto"
9120,Lecrae & Andy Mineo
9121,Alemán & Neton Vega
9122,Daddy Yankee & Bad Bunny
9123,V.I.C.
9124,"Daveed Diggs, Leslie Odom, Jr., Okieriete Onaodowan & Original Broadway Cast of ""Hamilton"""
9125,"Jasmine Cephas Jones, Leslie Odom, Jr., Lin-Manuel Miranda, Sydney James Harcourt & Original Broadway Cast of ""Hamilton"""
9126,"Anthony Ramos, Lin-Manuel Miranda, Jon Rua, Leslie Odom, Jr. & Original Broadway Cast of ""Hamilton"""
9127,Soulja Boy Tell 'Em
9128,Grits
9129,"Birocratic, Saib & ØDYSSEE"
9130,The Sugarhill Gang
9131,Stefflon Don
9132,Baby Bash
9133,Future
9134,Tory Lanez & Trippie Redd
9135,El Train & Paal Singh
9136,Kanye West & XXXTENTACION
9137,Lecrae
9138,Lil Mama
9139,NLE Choppa
9140,Roddy Ricch
9141,Far East Movement
9142,Timbaland
9143,Stress
9144,Nobu Woods
9145,Battz
9146,Lil Wayne & BigXthaPlug
9147,Lofi Temple
9148,PARK HYEON JIN
9149,"another silent weekend, Lofi Girl & Blurred Figures"
9150,"no one's perfect, Kanisan & Lofi Girl"
9151,Ayo & Teo
9152,Don Toliver
9153,Sebastian Kamae & Lofi Girl
9154,Nadav Cohen & Lofi Girl
9155,Nogymx & Lofi Girl
9156,DeJ Loaf
9157,"Krynoze, Sweet Medicine & Lofi Girl"
9158,Dead Prez
9159,Jelly Roll
9160,Mainetoowavy!
9161,"Yasumu, No Spirit & Lofi Girl"
9162,"Casiio, Lofi Girl & Dontcry"
9163,Bachyard Ghost
9164,Lil Baby & Gunna
9165,DJ Shadow
9166,Mickey Factz & Ayo Shamir
9167,Lil Baby
9168,"iamalex, Lofi Girl & Felty"
9169,"Mondo Loops, Aiguille & Lofi Girl"
9170,Naughty Boy
9171,Fergie
9172,Lupe Fiasco
9173,Mos Def
9174,24kGoldn
9175,Hulvey
9176,Minit
9177,"Krynoze, Hoogway & Lofi Girl"
9178,eugenio izzi & Lofi Girl
9179,Swae Lee
9180,Santa Fe Klan
9181,No Spirit & Lofi Girl
9182,KOIN
9183,Kevin Gates
9184,Masked Wolf
9185,Dosi & Lofi Girl
9186,Hip Hop 2021
9187,Jamaal Meeks
9188,Petr
9189,Chilled Cat & Lofi Temple
9190,Dj. Juliano BGM
9191,Kevo Muney
9192,J. Cole
9193,"Casiio, Sleepermane & Lofi Girl"
9194,"Original Broadway Cast of ""Hamilton"" & Renée Elise Goldsberry"
9195,"Mujo, Mondo Loops, Lofi Girl & Sweet Medicine"
9196,"WYS, Sweet Medicine & Lofi Girl"
9197,Chloe George
9198,Kupla & Lofi Girl
9199,Phora
9200,"Nadav Cohen, kokoro & Lofi Girl"
9201,Kuttem Reese
9202,Stormzy
9203,Maddy Soma
9204,Hevi & Lofi Girl
9205,JAE5
9206,Jhove & Lofi Girl
9207,"Living Room, Lofi Girl & M e a d o w"
9208,"Pointy Features, Lofi Girl, softy & Kanisan"
9209,cxlt. & Lofi Girl
9210,"Blurred Figures, Lofi Girl & another silent weekend"
9211,Lawrence Walther & Lofi Girl
9212,WYS & Lofi Girl
9213,Trey Songz
9214,"softy, Lofi Girl & Kaspa."
9215,RKM & Ken-Y
9216,Post Malone & Swae Lee
9217,J. Dash
9218,"Kanisan, Wishes and Dreams & Lofi Girl"
9219,Armani White
9220,"ENRA, dr. niar & Lofi Girl"
9221,Quavo & Lana Del Rey
9222,S N U G & Lofi Girl
9223,"Beyoncé, Shatta Wale & Major Lazer"
9224,Yunginky
9225,"Kurt Stewart, Lomme & Lofi Girl"
9226,Leavv & Lofi Girl
9227,"Tibeauthetraveler, Lofi Girl & Lawrence Walther"
9228,Zamaryah Ben Israel
9229,Lil Uzi Vert
9230,"eugenio izzi, Mondo Loops & Lofi Girl"
9231,Enluv & Lofi Girl
9232,NF & Cordae
9233,Eminem
9234,"WYS, Lofi Girl & Sweet Medicine"
9235,Lil Nas X & Jack Harlow
9236,Kendrick Lamar & SZA
9237,LANA
9238,Thaehan & Lofi Girl
9239,"Casiio, Lofi Girl & Sleepermane"
9240,Mariah the Scientist
9241,Tenno & Lofi Girl
9242,Insane Clown Posse
9243,Pharrell Williams & Snoop Dogg
9244,"H.1, Lofi Girl & Hevi"
9245,"Project AER, cxlt. & Lofi Girl"
9246,"amies, cxlt. & Lofi Girl"
9247,Groove.
9248,Baby Keem & Kendrick Lamar
9249,Joyner Lucas & Will Smith
9250,Heetmiza
9251,NASTiA
9252,August Alsina
9253,Smoove'L
9254,ChillHop
9255,Idealism
9256,Sol
9257,Tae Sean
9258,s0cliché
9259,Trip Lee
9260,Byron Juane
9261,Youngin' Chriso
9262,Umse & Nottz
9263,Yvng Swag
9264,Type Beat 2020
9265,Trippie Redd & PARTYNEXTDOOR
9266,Travis Scott
9267,Juice WRLD
9268,Elisha. & Rare of Breed
9269,Tiagz
9270,Pretty Ricky
9271,Saweetie
9272,Tyga
9273,"Jonathan Groff & Original Broadway Cast of ""Hamilton"""
9274,"Phillipa Soo & Original Broadway Cast of ""Hamilton"""
9275,Carl Thomas
9276,Lofi Hip Hop Nation
9277,"Lil Uzi Vert, Quavo & Travis Scott"
9278,Benji
9279,KETU & VITA
9280,Tajima Hal
9281,"Metro Boomin, Don Toliver & Wizkid"
9282,"Lin-Manuel Miranda, Anthony Ramos, Okieriete Onaodowan, Daveed Diggs & Original Broadway Cast of ""Hamilton"""
9283,R. Kelly
9284,Mini Peach
9285,iLoveMemphis
9286,DaBaby
9287,"Thayne Jasperson, Lin-Manuel Miranda & Original Broadway Cast of ""Hamilton"""
9288,"Beyoncé, JAY-Z & Childish Gambino"
9289,DJ Goman
9290,Bazanji
9291,Oliver Twist
9292,Asswel
9293,What So Not
9294,Follow The Night
9295,Ycee
9296,A Boogie wit da Hoodie
9297,Sasha Lemon
9298,Mr. Krane
9299,The Internet
9300,Maks M
9301,Duki & KHEA
9302,BeatMatt
9303,PASHANIM
9304,JT Music
9305,Canserbero
9306,Fifty Vinc
9307,Wande Coal
9308,Wiz Khalifa
9309,Fetty Wap
9310,Greeicy
9311,iAmDLOW
9312,Deack Lopez
9313,GoldLink
9314,Mack Wilds
9315,A$AP Ferg
9316,Lloyd
9317,Bizarrap & NICKI NICOLE
9318,Drake Stafford
9319,ALPHAVITE
9320,Jack Harlow
9321,Childish Gambino
9322,Choi Seong
9323,Young Lungs
9324,Russ
9325,Rumin8
9326,Afro B
9327,Marteria & Casper
9328,702
9329,Bulin 47
9330,Andy Mineo
9331,Cobie
9332,Metro Boomin & Coi Leray
9333,"Metro Boomin, A$AP Rocky & Roisee"
9334,Mr. Probz
9335,SOUL SCREAM
9336,Cuco
9337,KB
9338,Unique10
9339,Roscoe Dash
9340,"Neha Kakkar, Dhvani Bhanusali, Ikka & Tanishk Bagchi"
9341,Lil Baby & Drake
9342,"Santa Fe Klan, Neto Peña & Yoss Bones"
9343,"The Weeknd, Kendrick Lamar"
9344,Forrest Frank & Caleb Gordon
9345,J.J. Fad
9346,Rich The Kid
9347,def rebel
9348,Wisin & Yandel
9349,"Don Toliver, 21 Savage & 2 Chainz"
9350,Comodo
9351,Bobby Killmatic
9352,Social Club Misfits
9353,Stefflon Don & French Montana
9354,Lil Yachty
9355,Big Shaq
9356,Dubstep Spook
9357,sea.
9358,Loyle Carner
9359,Lorine Chia
9360,"Brief, 1St Star General & Thai B"
9361,Ik9000
9362,Jaron. Michael & Leo The Gemini
9363,F.L.Y. - Fast Life Yungstaz
9364,Msaweb Hakka
9365,ZOOn'r & Piralife
9366,Sashaslay
9367,Anthony Hamilton
9368,Full Trunk
9369,Bo biz
9370,NF & Sasha Alex Sloan
9371,Arcángel & Bad Bunny
9372,Latesil & Stolen Mech
9373,MrPackage
9374,Axel Thesleff
9375,"Juicy J, Wiz Khalifa & Ty Dolla $ign"
9376,Lao Jam
9377,Spank0
9378,MDR
9379,Hyphee Cody
9380,Ripple & Taso
9381,Brief
9382,D3f B0 T
9383,6silky
9384,G Fredo
9385,BLONDE SUPPERMACY
9386,Zay Hilfigerrr & Zayion McCall
9387,Drake & Future
9388,PARTYNEXTDOOR
9389,Moscow
9390,smokedope2016
9391,Marky Mark and the Funky Bunch & Loleatta Holloway
9392,Aron Can
9393,Flo Rida & 99 Percent
9394,De La Ghetto
9395,mgk
9396,$Hin
9397,"Lil Wayne, Wiz Khalifa & Imagine Dragons"
9398,Big Daddy Kane
9399,Type Beat
9400,Offset & Metro Boomin
9401,"Metro Boomin, Future & Lil Uzi Vert"
9402,exasperation
9403,The Streets
9404,Rich Homie Quan
9405,Lil Durk
9406,"Damian ""Jr. Gong"" Marley"
9407,GIMS
9408,MONSTA X
9409,Kodak Black
9410,Kanye West & JAY-Z
9411,"Tierra Whack, Beyoncé, Moonchild Sanelly, Nija, DJ Lag, Yemi Alade & Busiswa"
9412,"Jay Rock, Kendrick Lamar, Future, James Blake"
9413,Cardi B
9414,DJ Kool
9415,BigXthaPlug & Jelly Roll
9416,"Post Malone, Swae Lee, Nicky Jam & Prince Royce"
9417,Vince Staples
9418,Black Sheep
9419,Earl Sweatshirt
9420,Naezy
9421,Neonschwarz
9422,Lil Wayne
9423,Akon
9424,Bobby Shmurda
9425,NB Ridaz
9426,Yellow Claw
9427,Quad City DJ's
9428,Nelly featuring City Spud
9429,Diplo
9430,Diens (Wurzel 5)
9431,Grandmaster Flash & The Furious Five
9432,Lil Jon & The East Side Boyz & Ying Yang Twins
9433,The Party Boyz
9434,Rae Sremmurd
9435,Eric B. & Rakim
9436,Mike WiLL Made-It
9437,Ty Dolla $ign
9438,A$AP Rocky
9439,Bryant Myers & Plan B
9440,"Metro Boomin, James Blake, A$AP Rocky & 21 Savage"
9441,Swagg Dinero & Billionaire Black
9442,Jaspects
9443,KRS-One
9444,Tia London
9445,SoYhani
9446,Al'tarba
9447,Jarrett Michael & Mickey Factz
9448,PSG
9449,PRoMete
9450,Grammar Boy
9451,Dälek
9452,victor-e
9453,sui.luj
9454,Beau Young Prince
9455,Kreayshawn
9456,Big Sean
9457,Kiên Ứng
9458,Flipp Dinero
9459,Hulvey & Lecrae
9460,Megan Thee Stallion
9461,ZICO
9462,La Santa Grifa
9463,JAY-Z & Kanye West
9464,"Powfu, Sarcastic Sounds & Rxseboy"
9465,MINOR
9466,John Cena & Tha Trademarc
9467,ICYTWAT
9468,Dardan & Nimo
9469,Kaleb Mitchell
9470,Salt-N-Pepa
9471,Ja Rule
9472,Mase
9473,Mustard & Migos
9474,Lecrae & Aha Gazelle
9475,Juelz Santana
9476,50 Cent
9477,Migos
9478,Dev
9479,Arrested Development
9480,Dynamicduo & DJ Premier
9481,"Lil Baby, Lil Durk & Travis Scott"
9482,Rick Ross
9483,Orelsan
9484,Ty Brasel
9485,STIKSTOF
9486,Sido
9487,"Royce Da 5'9"""
9488,MAMAMOO
9489,C. Tangana
9490,PENTAGON
9491,Prophets of Rage
9492,HammAli & Navai
9493,KOR KASH
9494,Sa4
9495,JAY-Z
9496,Melanie Fiona
9497,DJmegan23
9498,"双氧h2o2, sweetyxo & Taisheng Music"
9499,Farid Bang
9500,Lil Peep
9501,Erykah Badu
9502,"Metro Boomin, Don Toliver & Lil Uzi Vert"
9503,Mueka
9504,Lighter Shade of Brown
9505,Boosie Badazz
9506,Young Jeezy
9507,Boosie Badazz & Webbie
9508,Murphy Lee
9509,Big Yamo
9510,Fat Joe
9511,walking song
9512,JID
9513,Shahyn
9514,lvcien
9515,Dough-Boy
9516,Jiet Timeless
9517,ДЖЕДИ
9518,41 Sound
9519,T.I.
9520,Snoop Dogg
9521,eli filosov [ p h i l o ]
9522,The Afr0dite
9523,Gavin Castleton
9524,Outkast
9525,NF & mgk
9526,"Wyclef Jean, Lil Wayne, Niia & Akon"
9527,W.E.N.A.
9528,H.E.R.
9529,Smeyeul.
9530,Xloers & SXTURO
9531,Vybz Kartel
9532,YoungBoy Never Broke Again
9533,Cormac
9534,Cassidy
9535,Myles Parrish
9536,Asfar Shamsi
9537,Cro
9538,Dollypran
9539,Planet Patrol
9540,"Bubba Sparxxx, Mr. Collipark & Ying Yang Twins"
9541,Jibbs
9542,Jonzun Crew
9543,Wreckx-n-Effect
9544,Owen
9545,Issac Mansfield
9546,Dj NoMee
9547,Shroom
9548,Eric Heron
9549,SFDK
9550,The-Dream
9551,Cold Hart & Lil Peep
9552,Boyz II Men & Mariah Carey
9553,Jinsang
9554,Frah Quintale
9555,Big Punisher
9556,Phillipa Soo
9557,DLow
9558,Nelly featuring Murphy Lee and Ali
9559,Rochy RD
9560,Gunna
9561,equal & Liaze
9562,Parris Chariz
9563,Lil B
9564,tsunenori
9565,j^p^n
9566,Fabolous
9567,KidLoose
9568,Trapfone
9569,Liaze & equal
9570,Freestyle
9571,Raffy Melendez
9572,Marv.P
9573,Puff Daddy
9574,King Geedorah
9575,Yung Lean
9576,"Gucci Mane, Bruno Mars & Kodak Black"
9577,Veeze
9578,okudakun
9579,Marwa Loud
9580,Gaza Slim
9581,IShowSpeed
9582,Prabh Singh & Jay Trak
9583,Zion & Luny Tunes
9584,"Kanye West, JAY-Z, Rick Ross, Nicki Minaj & Bon Iver"
9585,Ying Yang Twins & Lil Jon & The East Side Boyz
9586,"Three 6 Mafia, La Chat & Project Pat"
9587,Three 6 Mafia
9588,Ananda
9589,"24kGoldn, Kane Brown & Fast & Furious: The Fast Saga"
9590,"Bailey Zimmerman, Dermot Kennedy & Fast & Furious: The Fast Saga"
9591,JBroadway
9592,Busta Rhymes
9593,Akon featuring Eminem
9594,"Tech N9ne, Joey Cool, King Iso & Dwayne Johnson"
9595,"Daddy Yankee, Wisin & Yandel, Zion, Hector, Tonny Tun Tun & Luny Tunes"
9596,Cosculluela
9597,NxWorries
9598,Lil' Kim
9599,"Twista, Kanye West & Jamie Foxx"
9600,lofi
9601,Kanye West & Pusha T
9602,Sido & Apache 207
9603,mgk & Camila Cabello
9604,Tommy Richman
9605,"Leslie Odom, Jr., Anthony Ramos, Daveed Diggs, Okieriete Onaodowan, Lin-Manuel Miranda, Phillipa Soo, Christopher Jackson & Original Broadway Cast of ""Hamilton"""
9606,Floetry
9607,Anatsume
9608,"BILL STAX, B.L.X & Cubic Of Seoulstar"
9609,Forrest Frank & Connor Price
9610,Diddy - Dirty Money & Skylar Grey
9611,Polo G
9612,P. Diddy
9613,SİLAHSIZ KUVVET
9614,Mata & Maurycy Żółtański
9615,Yung Marce & Ay Yung
9616,Dj Raff Solo Di Medina & Zaturno
9617,Big L
9618,DonVayei
9619,"Nicky Jam, J Balvin & Anuel AA"
9620,K.I.Z
9621,Kurtis Blow
9622,Doggyland
9623,Kid Frost
9624,Too $hort
9625,De La Soul
9626,Newcleus
9627,Whodini
9628,Sir Charles Jones
9629,Steezyasfuck
9630,Snoop Dogg & Wiz Khalifa
9631,L'Trimm
9632,Eve
9633,N.W.A
9634,Cartel de Santa
9635,Doug E. Fresh
9636,pstyk & Expo 2000
9637,"pstyk, Expo 2000 & Kidd"
9638,Da Entourage
9639,G-Unit
9640,Beso
9641,Fortnight
9642,"HoodTrapJerk, ecentral, fvvk & 0UCHYY"
9643,Boss AC
9644,Ken Carson
9645,G. Sidhu
9646,Red Tattoo
9647,"Smallgod, Major League DJz, GuiltyBeatz & Muzzy D Pilot"
9648,Neon Steve & Marten Hørger
9649,JOOHONEY
9650,CoryaYo
9651,sadtoi
9652,Big K.R.I.T.
9653,Common
9654,Cecil Otter
9655,Yles
9656,Hev Abi
9657,Ladi
9658,kashi xo
9659,BrokeBoi
9660,elfi
9661,Notaker
9662,"J. Cole, 21 Savage & Morray"
9663,P O ' B O Y
9664,ST1M
9665,SUZI
9666,Puff Daddy Featuring R. Kelly
9667,Saint Dog
9668,Charli Baltimore
9669,YMG
9670,69 Boyz
9671,BROCKHAMPTON
9672,Rare of Breed
9673,Evidence
9674,Blvck Ceiling
9675,Bedoes 2115 & Lanek
9676,Kelly Price
9677,Thomas Asselman
9678,Gavin the HotRod
9679,Shepard
9680,soviss
9681,Tamia
9682,wallstreethitmyline
9683,YXNG K.A
9684,Christian Foley
9685,DMX
9686,mp3player & Sarent
9687,Lazy Tree Records & Sadmethod
9688,Dasara
9689,Dezk Beats
9690,Jac Ross
9691,Colt Ford
9692,The Roots
9693,Key Glock
9694,Busta Rhymes & Mariah Carey
9695,Mofe.
9696,SwuM & Jinsang
9697,Alicks
9698,Konata Small
9699,Aaron Cohen & Vi Seconds
9700,C4C
9701,KALIM
9702,Santoz
9703,Jaye Hill
9704,Okra
9705,Shinpeita
9706,Antidote Beats
9707,Kham
9708,Somethin' for The People
9709,Ddiltz Productions
9710,K-Embry
9711,Homage
9712,ADRIAN JUNIOR
9713,"BAGI MUNDA, dox & Sharon Jassal"
9714,Yung Pinch
9715,Pl∆net R0ck
9716,"Ben Jammin' Beats, Psylone & Kick a Dope Verse!"
9717,Ro Rowan
9718,Ian Kenville & James Gardin
9719,Kalifi
9720,KB & nobigdyl.
9721,planetKatte
9722,Young Dolph
9723,Kweku Smoke
9724,King Combs & Kodak Black
9725,Lil' Troy
9726,CPH4
9727,JKING
9728,D-Nice
9729,Meak
9730,Derek Minor
9731,Doc Ish
9732,Nice & Smooth
9733,Hezzy Brae
9734,The Game
9735,"3RD CZN, Cutright, B. Meads & Glassez Tha Emcee"
9736,Lecrae & Torey D'Shaun
9737,Sleepy Hallow & Fousheé
9738,Terror Squad
9739,Andy Mineo & Wordsplayed
9740,Arizona Zervas
9741,"Kevin ""Chocolate Droppa"" Hart"
9742,LPB Poody
9743,Sleepy Hallow
9744,TCO
9745,"Future, Metro Boomin & Travis Scott"
9746,Don Absurdyo
9747,B-Rock & The Bizz
9748,Demdizzle
9749,Diztrikt Apolo
9750,"Rick Ross, Fat Joe & The LOX"
9751,DVRST
9752,Cloudmalone
9753,"Lil Tjay, Sheff G & Sleepy Hallow"
9754,Bobby Dreamz BIG
9755,Nodle
9756,Nick Wolf
9757,Total
9758,Mac P Dawg
9759,PO8 & 11 JIAYI
9760,OK KID
9761,Theory Hazit
9762,J J L
9763,Sekizo
9764,Street Hymns
9765,Lil Baby & Kirk Franklin
9766,Balo
9767,Worldcorp Enterprises
9768,Mr. Rodgers
9769,Fugees
9770,Kyuke
9771,Nathan Jarrelle
9772,David Tyler Jr.
9773,Asend
9774,DJ Screw
9775,Hustle Man
9776,BLAISE MC
9777,Reading With A Rapper & BuddieRoe
9778,Krisengebeat
9779,DJ Spinna
9780,Lateef Dameer
9781,HOONEYMOON
9782,Redes Música
9783,Killuminati
9784,GUERO
9785,Venn Divi
9786,Yo Cisco Kidd & Cheeba Cheeba Records
9787,"Donald Glover, Jhené Aiko, Vince Staples & Ludwig Göransson"
9788,Nelly & Kelly Rowland
9789,uroslov & Gabb.
9790,My Sister's Fugazi Shirt
9791,Benedic.T
9792,White Niggaz
9793,DM3RCE
9794,Rage Against the Machine
9795,Living Proof
9796,Lil Kayla
9797,Guddie Brunson & Bud
9798,Bobby Caldwell & Vanessa Williams
9799,Ghostface Killah
9800,Brooklyn Lorenzo
9801,ELYSANIJ
9802,Chirayu
9803,Chance the Rapper & BJ the Chicago Kid
9804,PPPANDDA
9805,Mercy
9806,BABYMONSTER
9807,HateRec
9808,"Kanye West featuring Twista, Keyshia Cole & BJ"
9809,Juicy J
9810,IDK
9811,Naomi
9812,The Alchemist & Freddie Gibbs
9813,Samra
9814,Dice Raw
9815,Chuki Beats
9816,Zmeyev
9817,Prinz Pi
9818,Native Guns
9819,Ashs The Best
9820,威爾Will.T
9821,Mega Ran
9822,"Fashawn, Cap Kendricks & DJ Access"
9823,R. Kelly featuring Ronald & Ernie Isley
9824,Valera Leovskii
9825,Shannon
9826,DJ Mykael V & 1995
9827,El Arkeologo
9828,Micky Medina
9829,"Tekno, Yemi Alade, Mr Eazi & Lord Afrixana"
9830,HACHE
9831,GC Eternal & Kinfolk Thugs
9832,"Salatiel, Pharrell Williams & Beyoncé"
9833,Hubert Daviz
9834,Kawai Sprite
9835,Tiwa Savage & Mr Eazi
9836,"SHADOWSTAR, Ryan Celsius Sounds & Sacrifice"
9837,Gucci Mane
9838,B.Cooper
9839,Ryan Castro
9840,RIN
9841,Quasimoto
9842,MFakka & johto
9843,L7NNON
9844,Elaquent
9845,Green Piccolo
9846,Mitch Cosby
9847,Metro Boomin & James Blake
9848,80s Casual
9849,Shiny by Nature
9850,Dolly Parton & Kenny Rogers
9851,Hubert Tas
9852,Offset & JID
9853,Izzy The Kidd
9854,070 Shake & Jessie Reyez
9855,Eukke & Vgl Pisces
9856,Klan
9857,So-Ma
9858,KaizanBlu & Ignacio Arrua
9859,Eko Fresh
9860,G. Love & Special Sauce
9861,Nick Wolf & Jalowo
9862,Big Freedia
9863,116
9864,1K Phew
9865,Joey Bada$$
9866,Edge
9867,"Big Boogie, Big Money Blitz & Earth, Wind & Fire"
9868,DJ Smallz 732
9869,Da Brat
9870,The Deli
9871,DJ Signify
9872,Loupo
9873,"Dreamville, J. Cole, JID, Cozz & EARTHGANG"
9874,Ghali
9875,Green Piccolo & Ryan Celsius Sounds
9876,Jehry Robinson
9877,Kye Russoul
9878,Hentzup
9879,Stupeflip
9880,14KT
9881,FEELSOUL
9882,Metanoiz
9883,Mike Shabb
9884,Smith The Mister
9885,Monno Briceno
9886,Hollywood Gunz
9887,Raedy
9888,Zan
9889,Dess Dior & Mariah the Scientist
9890,Ice Cube
9891,Amon
9892,本田TADAKATSU
9893,Lucy Spraggan
9894,Toosii & YoungBoy Never Broke Again
9895,Beagle Bonnie & DJ Noé
9896,Gedyy
9897,Tiger Black
9898,"Dreamville, Big Sean & EST Gee"
9899,"Netherfriends, Terminator Dave & Kid Shreddi"
9900,Brown Boy & Loren Rose
9901,SOLEBEATZ
9902,Dreamville & Blxst
9903,"Dreamville, J. Cole & Lute"
9904,Ravishous
9905,Josh B
9906,Rob Dinero Productions
9907,P.M. Dawn
9908,D.R.S.
9909,Towser
9910,DPR LIVE
9911,Guyceritops
9912,Sundreamer & edapollo
9913,Immature
9914,La Loquera
9915,Above the Law
9916,Yoska
9917,Green Cat Sounds
9918,Burgettii & love matt
9919,Guru
9920,Dextah
9921,The Fufops
9922,Fantasia
9923,MC Rene & Figub Brazlevic
9924,Bad Meets Evil
9925,Bartal
9926,Lil D
9927,Savage Poet
9928,Oliver Francis
9929,Charming Lips
9930,love-sadKid & Dahm.
9931,Scotty OTH
9932,Wu-Tang Clan
9933,Myrtle Beach Music Group & New England Music Group
9934,emune
9935,Woodie
9936,sviridpavlov
9937,Suchy-Majk
9938,KTPWITABANGA
9939,Baby Rasta y Gringo
9940,Jacob Ibarra
9941,BLADELXRD
9942,Argatu'
9943,Don Miguelo & Anthony Santos
9944,Obrigxdo & ChillTapes
9945,Project AER
9946,Sleepdealer
9947,808 BEEZY
9948,Das EFX
9949,Juvenile with Lil Wayne & Mannie Fresh
9950,Lil Kaine
9951,Forgotten
9952,MC Magic
9953,The Cover Girls
9954,LofiVibe
9955,World's Famous Supreme Team
9956,Lotus Cloud
9957,B-Shock
9958,Pitch 92
9959,Chris Cobbins
9960,Chantiel
9961,Onjai
9962,LAYA
9963,Phortran
9964,Mikey Lambo
9965,Brenda Lee
9966,MilkDrop
9967,UkBully
9968,Erick Sermon
9969,Mark Sre
9970,YG Hypnos
9971,Кашляючий Ед
9972,Druid
9973,Christopher Williams
9974,BRKN
9975,Black Anakin
9976,Johnny O.
9977,Jlxw3s
9978,Mois
9979,HM Surf
9980,"oh, the joy."
9981,Ackurate
9982,George Lamond
9983,Lisette Melendez
9984,Jousselpm
9985,"Original Broadway Cast of ""Hamilton"""
9986,CeeLo Green & Timbaland
9987,Marky Mark and the Funky Bunch
9988,Lofios
9989,H i o
9990,Dell-P
9991,ADY KRIZ
9992,sosey
9993,Collage
9994,Daphné & Mama Aiuto
9995,Lil Suzy
9996,TKA
9997,"Kainbeats, Bcalm & rukachu"
9998,Vigudo
9999,A Lofi Soul
10000,Jamil
10001,Trinere
10002,Porta
10003,Charles Ans
10004,Debbie Deb
10005,Jocelyn Enriquez
10006,Mayfield
10007,R-Swift
10008,Lost Boyz
10009,Rich Vagos
10010,Logic
10011,Gang Starr
10012,Suburban Bliss
10013,MO PLANET
10014,Wesley Green
10015,Jessie Murph & Fast & Furious: The Fast Saga
10016,Sweet Sensation
10017,Azealia Banks
10018,Eazy-E
10019,Leeroy Green
10020,1991
10021,Real Mutual
10022,"Holy Drill, Telman & The Excentric"
10023,DJ I-DEE
10024,2 Hyped Brothers & A Dog
10025,Nikki D
10026,C88K3
10027,Anestesia
10028,Courtney Hawkins
10029,"Nanpa Básico, Gera MX & Charles Ans"
10030,SNAPPY KAAL
10031,Lady Leshurr
10032,Brisco
10033,Charles Ans & Gera MX
10034,Ryan Kassim
10035,KIDZ BOP Kids
10036,Biz Markie
10037,Craig Mack
10038,Ahmad Lewis
10039,Del the Funky Homosapien
10040,Latin Fresh
10041,Vintageman Produkcja Beats
10042,Cliff
10043,Rude Boys
10044,Victoria Borodinova
10045,Capleton
10046,Biohazard & Onyx
10047,Beats International
10048,BAM
10049,Type Beat & The HitForce
10050,Elvana Gjata
10051,El Chojin
10052,PURIPR@P Production
10053,Lucas
10054,Young MC
10055,IAM
10056,Manau
10057,Mr. Rango
10058,Run-DMC & Jason Nevins
10059,"CobiMixedThat, Lukerative & Groove Architects"
10060,Dre Murray
10061,Aitch
10062,The D.O.C.
10063,Roxanne Shanté & White & Spirit
10064,Neneh Cherry
10065,Hilgy
10066,Common & John Legend
10067,Bugseed
10068,Poonkie
10069,Tone-Lōc
10070,iQlover
10071,MC Senechka
10072,DJ Stussy
10073,Produced By JAQ D
10074,Ice T
10075,Jay Psychs
10076,Billy Blacklight
10077,Woo
10078,Jamie Foxx
10079,Epik High
10080,The Egyptian Lover
10081,Far East Movement & The Stereotypes
10082,Yves Bruno
10083,Melle Mel & Grandmaster Flash
10084,Loco
10085,Jen
10086,WZRD
10087,Will Urbane
10088,SAM KIM & Loco
10089,"That Mexican OT, Paul Wall & DRODi"
10090,GRAY
10091,Dude & Phaeb
10092,"mommy, Philanthrope & Kyle McEvoy"
10093,Midnight Star
10094,That Mexican OT & Moneybagg Yo
10095,The 2 Live Crew
10096,Moli
10097,That Mexican OT
10098,Deion Sanders
10099,Egyptian Lover
10100,Eternelbeats
10101,"That Mexican OT, BigXthaPlug & Big Yavo"
10102,Oatmello
10103,Vez Got It
10104,Pablo Llamas
10105,Deltron 3030
10106,Jackie Hill Perry
10107,Ty Brasel & KB
10108,William Singe
10109,Биг Берия Тейп
10110,G-Eazy
10111,birddawg
10112,Boogie Down Productions
10113,Ceschi & Anonymous Inc
10114,Djsneverendingstory
10115,EPMD
10116,The DreamR
10117,Calvin Valentine
10118,J3PO
10119,Holdup
10120,MJ Sirls
10121,Kid 'N Play
10122,Andy Mineo & Guvna B
10123,Sheff G & Sleepy Hallow
10124,GAWVI
10125,nobigdyl. & Andy Mineo
10126,Slick Rick
10127,MadScience Beats
10128,Sheff G
10129,MC Lyte
10130,Stetsasonic
10131,Skill-Ryme
10132,Sleepy Hallow & Sheff G
10133,Lisa Lisa & Cult Jam
10134,Sir Mix-A-Lot
10135,Tony Tonite
10136,"ScHoolboy Q, 2 Chainz, Saudi"
10137,Masoom Sharma & Anjali 99
10138,Sexyy Red
10139,Tom MacDonald & Adam Calhoun
10140,Company B
10141,JVG
10142,MC Valiente
10143,Tom The Mail Man
10144,Ultramagnetic MC's
10145,Leviticus
10146,Kyle Edwards & DJ Bake
10147,C'aso Musik
10148,"Will Smith, Fridayy & Sunday Service Choir"
10149,JC and the Pennis Band
10150,Eddy Mugre
10151,Mona Lisa
10152,Oskar Mike
10153,Track Lord
10154,Rodney O & Joe Cooley
10155,MOBB
10156,Fally Ipupa
10157,"Future, Metro Boomin & The Weeknd"
10158,Tactmatic
10159,Laffey & softy
10160,LahKirby
10161,Jhas
10162,Bravie WoBlak
10163,La Mosca
10164,Roxanne Shanté
10165,Giovanni Baietto
10166,Binary Star
10167,Lost Boyz & Mr. Cheeks
10168,"Anike, WHATUPRG & Guyclaude"
10169,Smiley
10170,Force M.D.'s
10171,Smkn & Fltn
10172,Sans Souci
10173,Roy Woods
10174,fakemink
10175,KDtheSINGER
10176,KEN87BHhood
10177,"Lost Boyz, Heavy D & Soul for Real"
10178,Lucid Keys & PBdR
10179,Ludacris
10180,Stic N Move
10181,Diamond K
10182,Judy Torres
10183,DJ Blaqstarr
10184,K1ngsam
10185,T La Rock
10186,Goof San
10187,JL
10188,nohpetS & Lord Sledge
10189,Prithvi
10190,Rod Lee
10191,Yazuka
10192,7981 Kal
10193,ESG
10194,Moonshine Bandits
10195,Case
10196,AP Dhillon
10197,Mtume
10198,A.DUD
10199,Bryce Vine
10200,Niko Raimondo
10201,Strafe
10202,Monifah
10203,Kung Fu Vampire
10204,eevee
10205,AYBEYOU
10206,Cohen@Mushon
10207,Illnomadic
10208,Vic Deal & AfterClass
10209,1Co.INR
10210,Suga Jay
10211,Phamiliar
10212,The S.O.S. Band
10213,Josselin
10214,Tobe Nwigwe
10215,Gawne & Atlus
10216,J-Morrow
10217,SPELLWRKS
10218,Sho Baraka
10219,Akhenaton
10220,Ice Prince
10221,Rolf Royce
10222,Webbie
10223,Modern Day Soulja
10224,Connor Price
10225,Meltn
10226,Kim McCoy
10227,Eastside 80s
10228,Mizo Phyll
10229,AZ & Monifah
10230,Wiz Khalifa & Curren$y
10231,Shawn Lov
10232,Chubb Rock
10233,Benny the Butcher & J. Cole
10234,Ambien Vampires
10235,Rapper Nado
10236,K. Forest
10237,Antwoine Hill
10238,Lokash
10239,Sar B-Child
10240,Sundayyy
10241,Katie Noel
10242,Cordae
10243,Jools TV
10244,The Lofi Christian
10245,Anthem Night Music & BrvndonP
10246,Houston
10247,Smosh
10248,owlh
10249,Jay Electronica
10250,Steady B
10251,Rock Master Scott & The Dynamic Three
10252,YOUNG POSSE
10253,Cameron J
10254,Bando333
10255,Funnel Vision
10256,Bausa & Apache 207
10257,Kato
10258,1986zig
10259,Rober Sua
10260,Siete Nueve & Messy Deprat
10261,Sir Rosevelt
10262,Ceej
10263,Ahmad Lewis & Ahmad
10264,RX Wanny
10265,K. Sparks
10266,Jaden
10267,amrbtz
10268,Chance the Rapper & VIC MENSA
10269,Cameo
10270,MARCY
10271,Nu Shooz
10272,Tinashe
10273,UTFO
10274,Dr. Duce
10275,arkvngel
10276,Ahmad
10277,Torey D'Shaun & Hulvey
10278,Nas & DJ Premier
10279,La Teja Pride
10280,Jono the Giant
10281,Lil Peep & iLoveMakonnen
10282,Chance the Rapper & DJ Premier
10283,YG
10284,"AP Dhillon, Gurinder Gill, Shinda Kahlon & Gminxr"
10285,Lofi Network
10286,Incredible Bongo Band
10287,Yelawolf
10288,The Alchemist
10289,Bryson Dearden
10290,"David Storrs & Chris ""The Glove"" Taylor"
10291,Lecrae & Madison Ryann Ward
10292,E$ AVE
10293,Tuomas Kauhanen
10294,Kellin Thomas
10295,Seven
10296,SHAHMEN
10297,Canon
10298,Run The Jewels
10299,R.E.D.
10300,JKING & Drew Deezy
10301,"GT, Flawzz & Frikz"
10302,$aebaH
10303,Makaveli
10304,Bambägga
10305,Snoop Dogg & Tha Eastsidaz
10306,JK-47
10307,Kid Ink
10308,LL COOL J & Nas
10309,Heru9
10310,"MC Lars, Mega Ran & B. Dolan"
10311,Rari Kari
10312,Sadistik
10313,Salmo
10314,Tragic Hero
10315,Jay Remy & Jay Mall
10316,Jrue
10317,Joey Vantes
10318,LUKAS LION
10319,Inteus
10320,Infectious Organisms
10321,Lætitia
10322,samedi.noir
10323,lonely little cloud
10324,MC Lars & Mega Ran
10325,Ill Park
10326,Doechii
10327,Eamon
10328,Jordan Miché
10329,"AP Dhillon, Shinda Kahlon & Gminxr"
10330,Shubh & Ikky
10331,prod. Tenno
10332,Christian Crosby
10333,Capital D
10334,Ricky hombre libre
10335,mzet
10336,_Jay.2k
10337,Shame Gutta
10338,JVKE
10339,Flashmaster Ray
10340,GASHI
10341,Flying Lotus
10342,Perry Como & The Fontane Sisters
10343,Jamie Kennedy & Stu Stone
10344,Lewis Floyd Henry
10345,L*Roneous
10346,Tom MacDonald
10347,Guap the Guru
10348,Beats By Jb
10349,MZay
10350,Andrés Castillo
10351,Zauntee
10352,Vetl Udalykh
10353,Caural
10354,Natural Anomalies
10355,Sirnoc
10356,Al-J & Kane Major
10357,Rylo Rodriguez
10358,"Cool Peoples, Caligrafi Jones & Reese DaRuler"
10359,Mozzie
10360,KillaGramz
10361,Grandmaster Flash
10362,Babe Ruth
10363,Everything That Exists
10364,Christopher Martin & Anju Blaxx
10365,Şam
10366,Insight 1984
10367,Mac Kay
10368,alberrrt
10369,brkøy
10370,The Tragically Hip
10371,вы соглашаетесь
10372,Londrelle
10373,Razzy Bailey
10374,Kingisrael
10375,Kostiuchenko
10376,Poldoore
10377,PRDJECT
10378,Charlie Bonnet
10379,Germaine Martel
10380,Bass Hit
10381,DJ DIVINE
10382,Baby Tate
10383,YFA Beloved
10384,DJ Frank Nice
10385,Ivan B
10386,KLIM Beats
10387,SynthScribe Studios
10388,Sonny Hollis
10389,Collie Buddz
10390,Soulone Beats
10391,Belly Gang Kushington
10392,Grandmaster & Melle Mel
10393,Jabee
10394,c64
10395,Jus Vonn
10396,Shalamar
10397,Wndrfl
10398,Queen Grxande
10399,Naethan Apollo
10400,O.T. Genasis
10401,Jonalius
10402,Erica Mason
10403,Shaggy 2 Dope
10404,Amy Grant
10405,Bogard BD$
10406,"Byron Juane, Canon & Derek Minor"
10407,T Boogie
10408,Nousey Beats
10409,"Jersey Clubs, Jersey Lovers & Jersey Club"
10410,Amenti
10411,Enkay
10412,Shotgun Shane
10413,Kafu Banton
10414,EyPrimo
10415,Malcolm McLaren
10416,Stephen Sharer
10417,Connor Price & Hoodie Allen
10418,Rickshon
10419,Lil Figurative
10420,NFN TEFER & masaya
10421,Dani Rangel
10422,That Mexican OT & Hogg Booma
10423,Know Life
10424,Hussain Da Avenue
10425,Blu
10426,Mac Mall
10427,Black Milk
10428,Baby Tate & Saweetie
10429,Adrianwave
10430,Black Ant
10431,Ronnie Hudson
10432,Sinic Da Great
10433,BigWalkDog
10434,John Legend & Florian Picasso
10435,Uneak Music
10436,Its Stanley
10437,Grandmaster Slice
10438,Black Rob
10439,Rustage
10440,Greech
10441,FlowerBoyDeMii
10442,Xay Hill & Rapzilla
10443,xander. & Lucid Keys
10444,Nitty
10445,Tanir & Tyomcha
10446,Mani Deïz
10447,AC Trinity
10448,Rockabye Baby!
10449,Inas
10450,Skepta
10451,Key'ijah
10452,Jerry Ayers
10453,The Frontline featuring E-A-Ski
10454,9th Wonder
10455,Baybe
10456,J Mejia
10457,Tiffany Evans
10458,Hitman
10459,"Grandmaster Flash, Melle Mel & The Furious Five"
10460,Matthew Kelso
10461,Jarian Green
10462,Akwid
10463,Arky Heartless
10464,Dirty Move Beats
10465,Statik Selektah & Termanology
10466,Mad Signtist
10467,Jokeronthebeat2
10468,Koonta
10469,Woss Ness featuring South Park Mexican & H.A.W.K.
10470,CRUCiAL STAR
10471,1scap
10472,Nuttin' Nyce
10473,Grime ONE
10474,SUN-ONE
10475,Dj Vangloryus
10476,MC Lars
10477,Dani Catalá & flâneur
10478,EV-47
10479,420Beatz
10480,Can You Flow?
10481,Mista Madd
10482,Knotie
10483,Grandmaster Flash & Melle Mel
10484,SPM
10485,Barbak le Démoniak
10486,Laddidoddi
10487,Mystery Known
10488,RZA & Bobby Digital
10489,THUNDERLAND
10490,Kj-52
10491,Denis Made This
10492,JDATS
10493,Yotan & Mr.Foxy
10494,Fearless Four
10495,kesno
10496,Urbs & Cutex
10497,Mike Mictlan & Lazerbeak
10498,Power of Dollars (The P.O.D.)
10499,reezy
10500,Lil Zay Osama
10501,Stand High Patrol
10502,"Grandmaster Melle-Mel, The Furious Five & Grandmaster Flash"
10503,"The Most Hated featuring South Park Mexican , Ikeman & Grimm"
10504,Dengaryu
10505,Toni Basil
10506,Tom Tom Club
10507,Charley Pride
10508,Savannah Dexter & Brabo Gator
10509,Barbara Mandrell
10510,Barrington Levy & Bounty Killer
10511,Sandhill
10512,Dr. AK Sterling
10513,Larry June & Cardo Got Wings
10514,"DJ Concept, J. Depina & Crime Laboratory"
10515,Moccasin Creek
10516,Lyve Martyr & Ron Rezon
10517,J-Dove Swain
10518,Sady K
10519,Al Steed
10520,Auxjack
10521,Tietaja Joshua
10522,Temzteknon
10523,NerdOut
10524,boodah
10525,Ramzes Buda
10526,G Sweets The GodStar
10527,Handsome Boy Modeling School
10528,2-Shades
10529,Aesop Rock
10530,El Nino
10531,Diana Ross
10532,Steezy
10533,Dynamicduo
10534,Frankie Beverly
10535,Treacherous Three
10536,Poetic X
10537,1981 Tokyo
10538,Frankie Smith
10539,Redlohiem
10540,Braille
10541,Rascalz
10542,Dr. Jeckyll & Mr. Hyde
10543,Baby DC
10544,"Slug, EyeDea & Sole"
10545,Kohei Dojima
10546,Afroman
10547,Ikbenf
10548,Maze & Frankie Beverly
10549,T.O. lil Rez
10550,Lyrics Born
10551,Street Bishop
10552,Chief Rocker Busy Bee
10553,Fassounds
10554,Max Wonders
10555,Erapwmdx
10556,Pharrell Williams & Kirk Franklin
10557,ANARCHY
10558,Peezy & Larry June
10559,Time Zone & Afrika Bambaataa
10560,Chakuza
10561,Frankie Beverly & Maze
10562,Dead Inside
10563,Paul Wall
10564,KAIZER
10565,DJ Yoke
10566,DXRK
10567,Puccio Miller
10568,Nuggets
10569,warmanglobing
10570,opia
10571,P.NOLOGY
10572,Crazy Spleen
10573,Sefyu
10574,Shionz
10575,Jimmy Langford
10576,Dre P.
10577,WIZ KADAYO
10578,Diyar Pala
10579,Cunninlynguists & Sheisty Khrist
10580,Prince Hassan
10581,Jaylotus
10582,Freundeskreis & Donata Wharton
10583,Yung Kephas
10584,The Greatest Bits & The Mushroom Don
10585,Gloria Gaynor
10586,BRON-K
10587,The Snarez-n-Kickz
10588,Jimmy Morris
10589,Ruff-T
10590,BleuBird
10591,NCS Epic Music
10592,HabZone
10593,Cuddy
10594,Kevin 94
10595,Robotscot
10596,Ride The Neon & darkson
10597,"ILLENIUM, Excision & I Prevail"
10598,Temudo
10599,Peggy Gou
10600,4CR
10601,N3verold
10602,Dom Dolla & Nelly Furtado
10603,One-Dread & DJ 2 Clean
10604,Cold Phantom
10605,Infraction
10606,DJ Direkt
10607,Planetary Child
10608,Moxie Raia & Steve Aoki
10609,Om Bass & Planetary Child
10610,Jigglypuff
10611,Cartoon & Jéja
10612,piri & tommy
10613,Blasterjaxx & Timmy Trumpet
10614,M.I.A.
10615,The Future Of Sound
10616,"Kx5, deadmau5 & Kaskade"
10617,Sebastian Ingrosso & Alesso
10618,Franco el productor
10619,neKKs
10620,Ballistic
10621,Planet Caster
10622,Somava
10623,"Trinix, Rushawn & Jermaine Edwards"
10624,Stepz
10625,TroyBoi & Flosstradamus
10626,La Mejor Música Electrónica
10627,Suicide
10628,Diplo & Good Times Ahead
10629,Shouse
10630,Omarion
10631,"Sebastian Ingrosso, Tommy Trash & John Martin"
10632,Marconi Union
10633,CheerMusicPro
10634,S Hickey
10635,BØRNS
10636,Guru Josh Project
10637,Kwabs
10638,Abel Balder & ANOTR
10639,Gboybeatz
10640,Tinnitus
10641,SVDDEN DEATH & SLANDER
10642,"David Guetta, Bebe Rexha & Peggy Gou"
10643,Trans-X
10644,Ichiss
10645,"Luke Combs, Lost Frequencies & DubVision"
10646,Tiësto & R3HAB
10647,Fredo Bang
10648,Terror Squad & ID
10649,HISTED & TXVSTERPLAYA
10650,Zeds Dead
10651,Central Cee & Dave
10652,Tate McRae & Tiësto
10653,Bizarrap
10654,James Carter & MEDUZA
10655,Deorro & R3HAB
10656,NewJeans
10657,Domiziana & The Weeknd
10658,Mau P
10659,Valentino Khan
10660,ELENA ROSE & Justin Quiles
10661,Kim Petras & Sam Smith
10662,"Taylor Swift, Bastille, Auryn & WildVibes"
10663,AFROJACK & Black V Neck
10664,Basement Jaxx
10665,Acraze
10666,Tiësto & KAROL G
10667,Crookers & Kid Cudi
10668,ISOxo
10669,"Showtek, Justin Prime & Hardwell"
10670,HAYLA & John Summit
10671,Mathame & Tiësto
10672,Ozuna & Beéle
10673,"Florence + the Machine, Hardwell, AFROJACK & Martin Garrix"
10674,Tiësto & KSHMR
10675,Joachim Spieth & Zake
10676,Cristobal Tapia De Veer & Tiësto
10677,"Tiësto, Cannons & M83"
10678,Kungs
10679,"Topic, A7S, Tiësto & ATB"
10680,Disco Lines
10681,Paul Kalkbrenner
10682,Showtek & Noisecontrollers
10683,Ava Max & Tiësto
10684,"Notre Dame, Tiësto & P!nk"
10685,SO-SO
10686,Supermode
10687,"Chase & Status, Bou & Knock2"
10688,David Guetta & Bebe Rexha
10689,Blank & Jones
10690,Tiësto & Charli xcx
10691,Da Hool
10692,Knock2 & Lil Uzi Vert
10693,"Alok, Ellie Goulding & Sigala"
10694,MORTEN & David Guetta
10695,David Guetta & Hypaton
10696,Knock2 & HOL!
10697,Alok & Ava Max
10698,ZYNN & No Others
10699,The Chainsmokers & Tiësto
10700,Grimes
10701,N3N3 & D4N
10702,James Blake
10703,I M U R
10704,Thievery Corporation
10705,RÜFÜS DU SOL
10706,Crystal Castles
10707,Frostfm
10708,Panta.Q
10709,Bag Raiders
10710,Irca
10711,We Plants Are Happy Plants
10712,Liliane Chlela
10713,Skrillex
10714,Parcels
10715,"Astropilot, Unusual Cosmic Process & Spectrum Vision"
10716,Pink Panda & Sunset Strippers
10717,Fred again.. & Swedish House Mafia
10718,"Fred again.., Skrillex & Four Tet"
10719,"Alice Deejay, David Guetta & Tiësto"
10720,Romy & Fred again..
10721,Flight Facilities
10722,Throttle
10723,EXANEV
10724,Aaanna Japanese Special
10725,G Jones
10726,Crankdat & CHRMNDRS
10727,Timmy Trumpet & Dimatik
10728,David Guetta & Shouse
10729,Excision & Wooli
10730,Zomboy
10731,"OneRepublic, Alesso, ILLENIUM & Matt Maeson"
10732,ILLENIUM & Tori Kelly
10733,Tiësto & Becky G
10734,Kaskade
10735,"SICK CVNT, GYM HARDSTYLE & HARDSTYLE BRAH"
10736,GRiZ & Blunts & Blondes
10737,Teebs
10738,SHAED
10739,The Chainsmokers & ILLENIUM
10740,Gryffin & ILLENIUM
10741,"Lost Frequencies, Öwnboss, SEVEK & Calum Scott"
10742,Kaskade & L’Tric
10743,Effin
10744,Jimi Jules
10745,ILLENIUM
10746,Age of Love
10747,"Pete Tong, Becky Hill & Tiësto"
10748,Zeds Dead & MKLA
10749,"Marshmello, ILLENIUM & Annika Wells"
10750,"ILLENIUM, Tori Kelly, NURKO & Valerie Broussard"
10751,Knock2
10752,"Kayzo, Wooli & Kompany"
10753,La rappresentante di lista & Bingo Players
10754,Corporate Slackrs & Luis Torres
10755,PhaseOne & Jiqui
10756,7 SKIES & Tiësto
10757,RL Grime
10758,ILLENIUM & Georgia Ku
10759,"ILLENIUM, Jon Bellion & Said The Sky"
10760,DJ BORING
10761,"ILLENIUM, Valerie Broussard & NURKO"
10762,"ILLENIUM, iann dior, Blanke & Bipolar Sunshine"
10763,Kaskade & Marcus Bently
10764,"AFROJACK, Black V Neck, David Guetta & Farruko"
10765,ILLENIUM & Blanke
10766,David Guetta & Snoop Dogg
10767,"ILLENIUM, Chandler Leighton & Porter Robinson"
10768,"Sebastian Ingrosso, Alesso & ILLENIUM"
10769,Tiga
10770,"ID, Excision & Space Laces"
10771,"Oliver Heldens, HI-LO, Space 92 & Avicii"
10772,MORTEN
10773,Sullivan King
10774,Blanke
10775,"Farruko, Excision & Sullivan King"
10776,Subtronics
10777,Kaskade & Lipless
10778,Tiësto & M83
10779,YOOKiE
10780,EDX & Kaskade
10781,RIOT
10782,Virtual Riot
10783,header & David Guetta
10784,Kaskade & Skylar Grey
10785,Darude & Nirvana
10786,Sullivan King & Subtronics
10787,Sullivan King & Ray Volpe
10788,"Rihanna, Calvin Harris & Whitney Houston"
10789,Sofi Tukker
10790,Hidden Empire & Kaskade
10791,"Excision, Space Laces & ID"
10792,"ILLENIUM, NURKO & Valerie Broussard"
10793,"Excision, Virtual Riot & Virus Syndicate"
10794,Emma Steinbakken & Alan Walker
10795,77 Cyber Punk
10796,A. G. Cook
10797,Pacific
10798,Benjamin Wallfisch
10799,Soul Revolve
10800,JusTieer
10801,Coco Em
10802,Dina Rae
10803,Yahweh Music Studio
10804,Domino
10805,Huntrex
10806,Edwin the N. K
10807,DANGAI.
10808,Jeff Kaale
10809,Allouche
10810,Workout Electronica & Workout Trance
10811,Shyisma & Neutro Shorty
10812,Microsha 89
10813,Beyond Tone
10814,Legroni
10815,BabyGirl J
10816,CruZ
10817,SLANDER
10818,Enui
10819,Modjo
10820,DJ Wolf
10821,Disclosure & Mary J. Blige
10822,SLANDER & Marauda
10823,Porter Robinson & Madeon
10824,Voltagius
10825,Altru
10826,"Rezz, Grabbitz, Madeon & The Weeknd"
10827,Porter Robinson
10828,"ID, PEEKABOO, Zomboy & MUST DIE!"
10829,Ryan Kubo
10830,Suumhow
10831,"Seven Lions, SLANDER, Dabin, Gryffin & Bipolar Sunshine"
10832,"Gryffin, ILLENIUM & MitiS"
10833,Dirtyphonics
10834,Sergey Parshakov
10835,Excision & IVORY
10836,SLANDER & William Black
10837,Kosheen
10838,"PhaseOne, In Hearts Wake, Dirtyphonics & Bossfight"
10839,PhaseOne
10840,"Excision, SLANDER & Elle Vee"
10841,Oliver Riton
10842,Thore Pfeiffer
10843,J Balvin & Skrillex
10844,SLANDER & Subtronics
10845,Graphyt & Marauda
10846,"ILLENIUM, Krewella & SLANDER"
10847,Madeon
10848,Gryffin & SLANDER
10849,"CamelPhat, Cristoph, Sub Focus & Wilkinson"
10850,2 0 2 1
10851,Gryffin & Jason Ross
10852,NGHTMRE & Zomboy
10853,"Gryffin, Excision, Wooli, HALIENE & ID"
10854,Hairitage
10855,SVDDEN DEATH
10856,"LUM!X, Orange INC & Séb Mont"
10857,DJ Waldo
10858,Dhany
10859,Maceo Plex & Faithless
10860,Seven Lions & SLANDER
10861,Porter Robinson & Totally Enormous Extinct Dinosaurs
10862,Air
10863,FrostTop
10864,Ganja White Night & SLANDER
10865,KAIZXKU
10866,Doggo
10867,"Gryffin, Seven Lions & Noah Kahan"
10868,Gryffin
10869,PinkPantheress & Adam F
10870,Vastive & Cypherize
10871,Dr. Fresch & Marten Hørger
10872,Gryffin & Audrey Mika
10873,SLANDER & ID
10874,"Seven Lions, SLANDER, Dabin & Dylan Matthew"
10875,Excision
10876,SLANDER & Said The Sky
10877,"SLANDER, Fairlane & Jonathan Mendelsohn"
10878,Biscits
10879,"Gryffin, Two Feet & M83"
10880,Gryffin & Seven Lions
10881,Workout Electronica
10882,TS7
10883,CID
10884,Fearofdark
10885,NGHTMRE & SLANDER
10886,Lamb
10887,Louis The Child & Whethan
10888,MitiS & Zedd
10889,SG Lewis & Lucky Daye
10890,Tchami
10891,ABBA
10892,Simian & Justice
10893,Cat Soup
10894,barnacle boi
10895,Mr. Bill & Skope
10896,Speaker Honey
10897,DJ Spinn
10898,SBTRKT
10899,Maserati
10900,Tisoki
10901,Muu Blanco
10902,Auður
10903,Jens Buchert
10904,N O W A V E
10905,Fred again.. & The Blessed Madonna
10906,John B
10907,Zero One
10908,MarcelDune
10909,SAMSMH
10910,Ceci G
10911,Scott Orr
10912,Amp Live
10913,Arroyo Low
10914,Gummy Bear
10915,Marino
10916,Noe Cantu
10917,The Knocks
10918,Wolf-e-Wolf
10919,Laura Põldvere
10920,Phoenix
10921,Travis Scott & HVME
10922,Alex Clare
10923,Mr. WildFire
10924,Bob Moses
10925,Kaeru
10926,Steven Shapiro
10927,Raw Fish
10928,"Bingo Players, Felguk & Fafaq"
10929,Blackfish
10930,Cody Dickinson
10931,RL Grime & What So Not
10932,SINQMIN
10933,Deadbeat & Maartens Vos
10934,DJ Martin
10935,Cashmere Cat
10936,Kp & Envyi
10937,FKA twigs
10938,Laura
10939,i_o
10940,Wizard Death
10941,WB x MB
10942,Dope Cookie
10943,Ginsuke
10944,Illinois
10945,Ian Van Dahl
10946,art3mis
10947,Jungle
10948,The Killers & RL Grime
10949,Bluethefox
10950,E M V Y
10951,Surf Mesa & Topic
10952,#BSKD
10953,all about paradise
10954,WHAI
10955,The Avalanches
10956,Pineapples
10957,Marc Hartman
10958,AFROJACK
10959,SOHN
10960,Foletto & Ritchelli
10961,Saaaz
10962,Bibio
10963,Mall Grab
10964,Samaki Mkuu
10965,Quagis
10966,Vvarren
10967,SISTAR
10968,Clio
10969,The Reason Y & Patrick Milaa
10970,Malaa (Alter Ego)
10971,t0ni
10972,Amos
10973,GoaDoc
10974,Otis McDonald
10975,Hedlok & Secret Agent
10976,El Zisco
10977,Hedlok
10978,Sci Fi & Friends
10979,Lost Shaman
10980,Matias Aguayo
10981,K Theory
10982,Celtic Mantra
10983,Sky Technology
10984,Imaxx
10985,Individuum
10986,Cassian
10987,Miami Horror
10988,SBTRKT & Little Dragon
10989,Fixions
10990,BOBBY
10991,Golden Features
10992,Touch Sensitive
10993,WhoMadeWho
10994,ANOHNI
10995,Villa Violet
10996,SoundSpirit
10997,Imperatrix & Space Route
10998,Toro y Moi
10999,Icona Pop
11000,Metronomy
11001,Ross from Friends
11002,Stromae
11003,Basenji
11004,TNGHT
11005,Nicolas Jaar
11006,Oudviber
11007,Dim Day
11008,N3v1773
11009,Evlov
11010,Wafia
11011,Lemaitre
11012,Blanke & REAPER
11013,Cosmo's Midnight
11014,Midland
11015,Hot Chip
11016,Mount Kimbie
11017,The xx
11018,Jamie xx
11019,Yasuha.
11020,Elepho
11021,The Knocks & Kah-Lo
11022,Jacques Greene
11023,Kyary Pamyu Pamyu
11024,emamouse & Bann Danna
11025,Rustie
11026,Anna Lunoe & Flume
11027,LA Priest
11028,TOKiMONSTA
11029,Sonny Alven
11030,SOPHIE
11031,Parachute Youth
11032,Daniel Avery
11033,Deluxe
11034,Todd Terje
11035,Localerhorst
11036,Green Velvet
11037,Young Fathers
11038,Amplified By Night
11039,Floating Planet
11040,Nexone
11041,Golden Features & The Presets
11042,Battles
11043,Synapson
11044,Azari & III
11045,Wave Racer
11046,!!!
11047,Burial
11048,Jarina De Marco
11049,davide boga
11050,Brieuc & Gregor Potter
11051,Xibalba
11052,Meanmud
11053,DJ Chill del Mar
11054,iamamiwhoami & ionnalee
11055,George Maple
11056,Tritonal
11057,Pimpo Gama
11058,Kornél Kovács
11059,KUČKA
11060,DJ Koze
11061,Vallis Alps
11062,Confidence Man
11063,Singularis
11064,Snavs
11065,Chris Doerksen
11066,Funkadelic
11067,Lady Alma & The Rainmakers
11068,Nathan Kawanishi
11069,Excision & Space Laces
11070,"Steve Aoki, Daddy Yankee, Play-N-Skillz & Elvis Crespo"
11071,Steve Aoki
11072,Pinkfong
11073,Excision & Dion Timmer
11074,Steve Aoki & Louis Tomlinson
11075,TYNAN
11076,Excision & Sullivan King
11077,Elektronomia
11078,tofudj
11079,NGHTMRE & YOOKiE
11080,Atour
11081,Pegboard Nerds & Dion Timmer
11082,CYBRPNK
11083,Hiatus
11084,Carbin
11085,Christian Löffler
11086,Michael Forest
11087,"Tha Trickaz, Creaky Jackals & PhaseOne"
11088,"SNAILS, Dion Timmer & FuntCase"
11089,"Flosstradamus, FKi1st & graves"
11090,Chime
11091,Lea Sirk
11092,Bossfight
11093,Max Styler
11094,Chill Every Night Club
11095,M.Ashok & Nost
11096,Pros8k
11097,warfill
11098,Pomplamoose
11099,Triola
11100,Noisestorm
11101,Dalx
11102,Showtek
11103,Maduk
11104,Kygo & Justin Jesso
11105,Tinlicker & Helsloot
11106,Bissett
11107,"Cashmere Cat, Major Lazer & Tory Lanez"
11108,Connect.Ohm
11109,SAYMYNAME & SLANDER
11110,Acraze & KAKU
11111,Praga Khan
11112,Bluetech & Sounds from the Ground
11113,dj-Jo
11114,Modd
11115,Cosmic Gate
11116,K?D
11117,Olympis & Helion
11118,Dj Dimension EDM
11119,Sage Armstrong & OMNOM
11120,Dolphin
11121,Shpongle
11122,Chillout Sound Festival
11123,BLVK JVCK
11124,Christmas Songs & Traditional
11125,Ducky
11126,Bluetech
11127,Bear Grillz
11128,Alingabo
11129,SAYMYNAME
11130,Tunnel Force
11131,Dj Streaks
11132,Solar Fields
11133,Future Will
11134,Adam F
11135,Zeds Dead & Jauz
11136,Furkan Senol
11137,Christmas Songs
11138,Ghetto Autopsy
11139,Ben Woodward
11140,HKE
11141,inSquamous & This Dj
11142,Chris Fernandez
11143,LOUDPVCK & KillaGraham
11144,Jessica Audiffred
11145,Dillon Francis
11146,SLANDER & RIOT
11147,Adriana Dobrogea
11148,Getter
11149,Ekali & Medasin
11150,Alisha
11151,We Will Fail
11152,Madeon & Porter Robinson
11153,Kuuro
11154,Borgore & SVDDEN DEATH
11155,Ton TB
11156,BIJOU & Sinden
11157,Jay Aliyev
11158,Workout Trance & Workout Electronica
11159,Florence Monster
11160,Yultron
11161,Tokyo Machine
11162,KRANE & Hanz
11163,Steve Aoki & Laidback Luke
11164,"IAmChino, Pitbull & Flo Rida"
11165,Bukrey & Lupilin
11166,Lontalius
11167,Memo Boy & Chakra Efendi
11168,Hoitelija & .miesmsxAI
11169,Memo Boy
11170,Lost Sky & Chris Linton
11171,CEMETERY
11172,Sam Feldt
11173,Cult Member
11174,nuage9
11175,Jim Yosef & Anna Yvette
11176,NKOHA
11177,Jonas Blue & EDX
11178,Jax Jones & RAYE
11179,Duke Dumont
11180,Years & Years
11181,Jonas Blue & Mark Villa
11182,Simon Viklund
11183,Alex Adair
11184,Unknown Brain & Spce CadeX
11185,Logic Moon
11186,Harrisun & Taylor Ravenna
11187,NEIKED
11188,IVORY & Monxx
11189,ElementD & Chordinatez
11190,Martin Solveig
11191,Armin van Buuren & Sunnery James & Ryan Marciano
11192,Unlike Pluto
11193,Retrovision
11194,Seven Lions & Jason Ross
11195,Sub Focus
11196,ALPHA 9
11197,KIKKR
11198,Tove Lo
11199,Jordan Schor & Harley Bird
11200,GAIA
11201,Beatcore & Ashley Apollodor
11202,Debris & Dazers
11203,Spag Heddy & Tisoki
11204,Wice
11205,Halcyon
11206,Alex Lustig
11207,Axol & The Tech Thieves
11208,Prismo
11209,Jorn Van Deynhoven
11210,DJ Licious
11211,OFFAIAH
11212,Flux Pavilion & NGHTMRE
11213,Jens-Uwe Beyer
11214,Tha Disace
11215,Tyrone Brunson
11216,Aero Chord & Anuka
11217,Paul Flint & Chris Linton
11218,Lennart Schroot & Unknown Brain
11219,Eliminate
11220,Dion Timmer
11221,Yui Onodera
11222,Jphelpz
11223,Estiva
11224,Datsik
11225,Oneeva
11226,Tristam
11227,AES Dana
11228,CØDE
11229,Møme
11230,Diskord & JVST SAY YES
11231,Apashe
11232,Sultan + Shepard
11233,M83 & The Chainsmokers
11234,Flume & Jim-E Stack
11235,7and5
11236,Gopnik McBlyat
11237,Mountain House
11238,Showtek & David Guetta
11239,ATB & Andrew Rayel
11240,IVORY
11241,KillSonik
11242,Grant
11243,Eximinds & The Enturance
11244,Ahmed Helmy
11245,Dr. Sounds
11246,"Rogue, Stonebank & Slippy"
11247,Pegboard Nerds
11248,Kayzo & SLANDER
11249,vivivivivi
11250,Mirwais
11251,Uppermost
11252,Avicii & Sebastien Drums
11253,Lost Frequencies
11254,Everous
11255,Mi Ka
11256,In Love With a Ghost
11257,Jo Cohen & Whales
11258,Elohim
11259,Ray Volpe
11260,"Cartoon, Jéja, Futuristik & Mikk Mäe"
11261,Grim & Darling
11262,Galimatias & Alina Baraz
11263,Cooper Glass
11264,"David Guetta, Avicii & Florence + the Machine"
11265,Different Heaven
11266,Paris Blohm & Taylr Renee
11267,JxGaDxR
11268,ptasinski & Rj Pasin
11269,"Tim Berg, Tim Bergling, Ash Pournouri & Axwell"
11270,Black Tiger Sex Machine & Lektrique
11271,Robyn
11272,Syn Cole
11273,Xtract
11274,"Tim Berg, Norman Doray, Sebastian Drums & Empire Of The Sun"
11275,Tim Berg
11276,Bob Sinclar
11277,"Avicii, The Who & Deniz Koyu"
11278,Avicii & Blasterjaxx
11279,Prod. 94 & luxusbeats
11280,Redruxing
11281,Nadia Ali
11282,Callmearco
11283,Death Grips
11284,Dave Armstrong
11285,Avicii & Nicky Romero
11286,ARTY & Andrew Bayer
11287,Tujamo & Plastik Funk
11288,Paul Flint
11289,Ilan Bluestone & Jason Ross
11290,Tom Hangs & Shermanology
11291,Albin Myers
11292,MaRLo
11293,JOYRYDE & Wild Child
11294,Eric Turner
11295,Phiso
11296,Corey James & Teamworx
11297,Avicii & Mark Morrison
11298,Luke Bond
11299,Audien
11300,Wavedash
11301,Avicii & Klahr
11302,Biosphere
11303,Avicii & Lenny Kravitz
11304,Dimitri Vegas & Like Mike & W&W
11305,Duct Tape Mafia
11306,"Avicii, Ivan Gough & Feenixpawl"
11307,Tobu
11308,DRYM & Jennifer Rene
11309,K-391
11310,Lookas & Crankdat
11311,Denis Kenzo & Sveta B.
11312,Cosmic Gate & Eric Lumiere
11313,Flux Pavilion & Matthew Koma
11314,David Gravell
11315,Star Party
11316,JPB & MYRNE
11317,Omnia
11318,IZECOLD
11319,Razihel
11320,Skrillex & Diplo
11321,Armin van Buuren & Rising Star
11322,Orbion
11323,Deathprod
11324,Glude
11325,Crookers
11326,Floatinurboat
11327,Ben Nicky & Chris Schweizer
11328,Rodg
11329,Super8 & Tab
11330,LAXX & Brillz
11331,Slips & Slurs & Mihka!
11332,Above & Beyond
11333,Spag Heddy
11334,Phantom Sage
11335,Ana Criado & Denis Kenzo
11336,Sexy Chillout Music Cafe
11337,Dion Timmer & Excision
11338,Getter & Ghastly
11339,Kryder
11340,Franz Jäger
11341,Habstrakt & Elmyx
11342,Jay Mitta
11343,2Face Beatz
11344,Terrill Mast
11345,Lee Bannon
11346,Gareth Emery
11347,SLANDER & NGHTMRE
11348,Mark Sixma
11349,Ephwurd & Jauz
11350,Jim Yosef
11351,3LAU
11352,Ben Gold
11353,MedeDm
11354,Djvi
11355,Silva Hound
11356,Luke Bond & Omnia
11357,Lchavasse
11358,exm
11359,Cookie Monsta
11360,Vexento
11361,Alex Skrindo
11362,Giorgos Tsalikis
11363,Janji & Johnning
11364,Alex Reece
11365,PiCi
11366,Chicane
11367,W&W
11368,Dennis Sheperd
11369,"Cartoon, Jéja & Daniel Levi"
11370,Caia
11371,Disfigure & Tara Louise
11372,Alfons
11373,Alexander Popov
11374,Excision & Downlink
11375,Deaf Kev
11376,Flux Pavilion
11377,Scarlet Soho
11378,SampliFire
11379,Warriyo
11380,Protoculture
11381,Aero Chord
11382,Will Atkinson
11383,Yogi
11384,Lensko
11385,Electrolight & Aloma Steele
11386,Trampa
11387,Liu Bei
11388,Solomun
11389,lostinmind.
11390,Virtual Riot & Autodrive
11391,RuPaul
11392,Robert Parker
11393,Vector Moon
11394,SNAILS
11395,Infected Mushroom
11396,Excision & The Frim
11397,Tom Middleton
11398,Far Too Loud
11399,Everything But the Girl
11400,Assaf
11401,Denis Kenzo & Sarah Lynn
11402,Outwild & Inukshuk
11403,Denis Kenzo & Cari
11404,Fatima Yamaha
11405,Kozoro
11406,Night Talk
11407,Future Kings of House SA
11408,501
11409,Killercats & Alex Skrindo
11410,Bear Grillz & Datsik
11411,Feint
11412,Razihel & Aero Chord
11413,Bassnectar
11414,Nikos Oikonomopoulos
11415,Modestep & Trolley Snatcha
11416,Hollywood Principle
11417,Bear Grillz & Trollphace
11418,RAM
11419,Ana Criado & Aurosonic
11420,Nostalgia
11421,Late Night Alumni
11422,DBN & Jordan Ferrer
11423,Paris Blohm
11424,Stonebank
11425,Mary Lattimore
11426,Contacreast & Diviners
11427,Bassnectar & Kang
11428,Blasterjaxx & John Newman
11429,Téssià
11430,Bassnectar & Sayr
11431,"exhibit, mono & vibe"
11432,SKEEMUH
11433,Noctyrn
11434,Trashton
11435,"exhibit, Mono & vibe"
11436,Tropical Tribe
11437,Church
11438,Pink Buddha Lounge Café
11439,Waze & Odyssey & R. Kelly
11440,Audio Abuse
11441,Yooh
11442,Blutch
11443,Allen Watts
11444,Leu
11445,BARELY ALIVE
11446,Ram & Susana
11447,Depressed Billionaires
11448,Briar Moonwhisper
11449,ESPRIT 空想
11450,StadiumX & Taylr Renee
11451,Lets Be Friends
11452,Madison Avenue
11453,Monstercat
11454,Squish
11455,Lukas Freudenberger
11456,deadmau5
11457,Kosmonaute
11458,Michael Des Barres
11459,"AFROJACK, Martin Garrix, David Guetta & Amél"
11460,Music for Airports Specialists
11461,Percussions
11462,Full Quest
11463,THRAX DUBZ
11464,Master Tempo
11465,Aweminus
11466,John Christian & Sem Thomasson
11467,Abity
11468,The Noides
11469,Evo Auxilium
11470,KAPPEKOFF
11471,HNNY
11472,vlct
11473,glwzbll
11474,Lil' Bo Weep
11475,Ivan Ricart Ramos
11476,NxQuantize
11477,Alex M.O.R.P.H.
11478,Astronaut
11479,Grabbitz
11480,Lo-Fi Electronic
11481,Rootkit
11482,DJ Hamida
11483,Nitro Fun
11484,Tom Day
11485,Au5
11486,Portwave
11487,The Frim
11488,Vicetone
11489,[BRIZKEY]
11490,Billions of Stars
11491,Fibre
11492,Les Rhythmes Analogiques
11493,100 Nome
11494,Sushi Killer & Kevin Villecco
11495,Case & Point
11496,Elli Kokkinou
11497,KhoMha
11498,Herbert
11499,nanobii
11500,Doctor P
11501,Swedish House Mafia & Max Elto
11502,Twine
11503,Hercules & Love Affair
11504,Bang La Decks & HIIO
11505,TUS
11506,Master Tempo & Panos Kalidis
11507,Galimatias
11508,Excision & Bassnectar
11509,Giorgos Papadopoulos
11510,Myon & Shane 54 & Kyler England
11511,Stephen Walking
11512,"Avicii, Lenny Kravitz & Rudimental"
11513,WRLD
11514,"Excision, Downlink & Space Laces"
11515,Haywyre
11516,Space Laces
11517,Gamma Centauri
11518,Varien
11519,Avicii & HUMAN
11520,MineSweepa
11521,Tut Tut Child
11522,Rezonate
11523,Gigi D'Agostino & Luca Noise
11524,"Don Diablo, Otto Knows, Matt Nash & Avicii"
11525,Crash Conspiracy & ABAY
11526,Rogue
11527,Sakis Arseniou
11528,Sammy Zone
11529,Laszlo
11530,Nano Bot
11531,Grant Bowtie
11532,Major Lazer & DJ Snake
11533,Falls
11534,Diplo & Sleepy Tom
11535,C418
11536,Cascada
11537,Krewella
11538,"Jack Ü, Skrillex & Diplo"
11539,Zhané
11540,Nero
11541,Dimitri Vegas & Like Mike & Ummet Ozcan
11542,"Skrillex, Fred again.. & Flowdan"
11543,Skrillex & Habstrakt
11544,Knife Party
11545,Machel Montano & Sean Paul
11546,San Holo
11547,"Daft Punk, Julian Casablancas & The Voidz"
11548,Gotye
11549,"Dimitri Vegas & Like Mike, DVBBS & Borgeous"
11550,The Glitch Mob
11551,Lucky Date & Zedd
11552,Tristam & Braken
11553,Dimitri Vegas & Like Mike & Sander van Doorn
11554,Pegboard Nerds & Tristam
11555,MoonDoctoR
11556,Kat Krazy
11557,Dimitri Vegas & Like Mike & Vini Vici
11558,Chantay Savage
11559,Metroland
11560,Crystal Fighters
11561,Matan Caspi
11562,Chill Step Dj Karma
11563,League of Legends Music & Purrple Cat
11564,Capital O
11565,Aly & Fila
11566,"Mindset, Felov & Lian Feldd"
11567,Slaptop
11568,GUNSHIP
11569,EatMe
11570,Dan Croll
11571,八王子P × Giga
11572,Protostar & Mako
11573,White Demon
11574,Claptone
11575,DJ Tony Dub
11576,Braken
11577,Hazem Beltagui & Allan V.
11578,Armin van Buuren & W&W
11579,Dyro & Hardwell
11580,Olympic Ayres
11581,Armin van Buuren & Rob Swire
11582,BT
11583,Djedjotronic
11584,ISO999
11585,Armin van Buuren & Sophie Ellis-Bextor
11586,Denis Kenzo
11587,Myon & Shane 54 & Aruna
11588,Simon Patterson
11589,Andy C
11590,SVN
11591,Jared Reznor
11592,Tensnake
11593,Rameses B
11594,Danger
11595,Project 46
11596,Yoyle Cake
11597,AFROJACK & Ravitez
11598,Mystical Sun
11599,AFROJACK & Chico Rose
11600,Fareoh & Archie
11601,C.J Catalizer
11602,Mike Candys
11603,Marian Hill
11604,Enei & Eastcolors
11605,Mark Dwane
11606,Kromestar
11607,Pinch & Emika
11608,Kabirdasananda
11609,Geo Angelo
11610,CJ Catalizer
11611,Stylust Beats
11612,Torqux & Twist (UK)
11613,@Ssassin
11614,Blue Lunar Monkey
11615,Carl Vega
11616,mkl
11617,House Rulez
11618,Jay Haze
11619,DOT96
11620,Pictured Resort
11621,Popnoname
11622,S3RL
11623,Pulsatronic
11624,Dj Scratchnasty
11625,Pop Magicians
11626,Jay Tripwire
11627,Emalkay
11628,Bingo Players
11629,Xtasea
11630,imonasid
11631,Saigon
11632,Tripy
11633,Jellyheadz
11634,Mike Bren
11635,glamourKings
11636,emo2K
11637,MINDELIXIR
11638,Droplex
11639,Superpitcher
11640,Andrade
11641,Susana & Max Graham
11642,Mija Milovic
11643,Nice Weather for Ducks
11644,Borgore
11645,Miles Minkin
11646,Funk the Empire
11647,Minmini
11648,Rick Pier O'Neil
11649,Evan Duffy
11650,Onur Polat
11651,The Blisters Boyz
11652,Feed Me & Gemini
11653,12th Planet & Antiserum
11654,Flunk
11655,Xilent
11656,Eptic
11657,Pulsaar
11658,Ørjan Nilsen
11659,Helber Gun
11660,DJ Dee Bee & The Bee Zee Krew
11661,Beat Knowledge
11662,The Blizzard
11663,Two Faces
11664,Vow
11665,DJ Analyzer & Cary August
11666,Lee Safar
11667,Eszco
11668,xKore
11669,Dubba Jonny
11670,Andy Moor
11671,Omnia & Ira
11672,Ayah Marar
11673,ColBreakz
11674,Polished Chrome
11675,Modestep
11676,Kukuzenko
11677,Jonas Saalbach
11678,Mariol
11679,Ketsa
11680,cat mother
11681,Maple
11682,Shogun
11683,Monsters of Graveyard
11684,Minnesota
11685,VALCARCEL
11686,Bhutan Tiger Rescue
11687,Cormac Thurston
11688,Ghebro
11689,Benjamin Bartels
11690,DotEXE
11691,Dubstep Consort
11692,Dima German
11693,Rex Mundi
11694,StereoMike
11695,Max Graham
11696,Ashley Wallbridge
11697,The Blizzard & Omnia
11698,Triple A
11699,Beat Service
11700,Bobina
11701,b
11702,Shingo Nakamura
11703,Skymate
11704,Daniel Kandi & Phillip Alpha
11705,Lab's Cloud
11706,Andrew Rayel
11707,Foxes In Fiction
11708,Ace Ventura
11709,Nuera
11710,Robert Nickson & Thomas Datt
11711,Anhken
11712,Bvdub
11713,BreakBoy & Ced Tecknoboy
11714,Going Quantum & Stephen Walking
11715,Nalsegia
11716,Mory Kanté & Loverush UK!
11717,"John O'Callaghan, Timmy & Tommy"
11718,Dreas & Alex Robert
11719,Mike Shiver & Matias Lehtola
11720,Anno Domini
11721,Sigma
11722,Groundislava
11723,Armin van Buuren & GAIA
11724,Pleasurekraft
11725,Kenneth Thomas
11726,Mark Otten
11727,Zany & DV8
11728,Robbie Rivera
11729,Taxim
11730,Mark Eteson
11731,Laura Jansen
11732,Headstrong
11733,Ron Hagen & Al Exander
11734,Muzzy
11735,Larrol
11736,ARTY & Mat Zo
11737,F-777 & Jesse Valentine
11738,Ephixa
11739,Noisia
11740,Mutated Forms
11741,Fred V
11742,London Elektricity
11743,Bjorn Akesson
11744,Lost World
11745,Kbubs
11746,EL Waili
11747,Passing Currents
11748,Q Project & Spinback
11749,Shaner9er
11750,"Kbubs, Division One (KR), Alisa & Tristan Barraclough"
11751,Prometheus
11752,Space Odity
11753,ALT
11754,Mungolian Jetset
11755,Ninze
11756,Dandi Wind
11757,Reel 2 Real
11758,Redshape
11759,Mauro Picotto
11760,Kalbr
11761,NtrlTaste
11762,Chrysalide
11763,salas flaco
11764,Chris Brown & Benny Benassi
11765,"Byron Xen, Pablo Nuevo, BRB & Friez"
11766,Steven Cravis
11767,Baba Stiltz
11768,Parov Stelar
11769,Axel Boman
11770,Young Franco
11771,Van She
11772,Shigeto
11773,Seekae
11774,Set Mo
11775,Jeff Danna
11776,Chrysalide & Sonic Area
11777,SALEM
11778,The Halluci Nation
11779,The Presets
11780,Steve Angello
11781,Ta-ku
11782,Nuance
11783,Perfume
11784,Sunko
11785,Lindstrøm
11786,Netsky
11787,ANNA
11788,Caribou
11789,Sam Veller
11790,Digitalism
11791,f(x)
11792,Trentemøller
11793,Branko & Mayra Andrade
11794,Susana
11795,Lust for Youth
11796,Fangoria
11797,Offer Nissim
11798,Subjoi
11799,Kidcore
11800,Olswel
11801,AVEM
11802,Banshee
11803,Momus
11804,Docta Gee
11805,TakeOverBlood
11806,Matt Darey & Urban Astronauts
11807,Tony Romera & KH
11808,Tony Romera & Fred again..
11809,PinocchioP
11810,Ohmna
11811,DISGRACEMODE & GHXSTBLVDE
11812,"JMKM, My Favorite Producer Thirty Two & Thirty Two"
11813,Mayer Hawthorne
11814,akaaka
11815,JUNE
11816,The Bloody Beetroots
11817,Symmetric
11818,Computer Graphics
11819,Erasure
11820,The Disco Biscuits
11821,IY
11822,Store N Forward
11823,No Potion
11824,Andreas Leifeld
11825,Tristan Garner vs. Crystal Waters
11826,Giuseppe Ottaviani
11827,Ronald Christoph
11828,Dirty Vegas
11829,Lange
11830,Deepak Chopra
11831,Willix & ‎hiræth
11832,"Cerf, Mitiska & Jaren"
11833,2003 Toyota Corolla
11834,Yello
11835,Mazze
11836,Neffy.
11837,Chateau Marmont
11838,Digby Jones
11839,Chicane & Natasha Bedingfield
11840,Windows 96 & Gavriel
11841,Moonbeam
11842,Gonzales
11843,heaven driver
11844,"and most importantly, have fun"
11845,Jahcoozi
11846,Mike Koglin
11847,Sylvain Chauveau
11848,Bucketeer
11849,Visti & Meyland
11850,Rank 1
11851,M.I.K.E.
11852,A Dancing Beggar
11853,John O'Callaghan
11854,The Big Crunch Theory
11855,Soap&Skin
11856,Club des Belugas
11857,Starchaser & Lo-Fi Sugar
11858,Nygen Dale
11859,Chihei Hatakeyama
11860,prePosur
11861,K.I.M
11862,Apparat
11863,Andy Blueman
11864,remorse
11865,DJ Aligator
11866,Robert Nickson & Daniel Kandi
11867,Duderstadt & Store N Forward
11868,DJ Ross & Double You
11869,Approaching Black
11870,Whiterose
11871,Kamuell
11872,Cedric Winkleburger & The Yellow Blueberrys
11873,my dear diary
11874,Liam Doc
11875,dashie
11876,CNQR+ & .diedlonely
11877,Basstrick
11878,Moon
11879,Prototyperaptor
11880,Ayesha
11881,A.Oonthebeat
11882,"Beatsole, Stefkoo & CEA"
11883,Klara Lewis & Yuki Tsujii
11884,Angel 1
11885,Alter Future
11886,ilyhiryu
11887,AFX
11888,C29
11889,Atols
11890,Neuroticfish
11891,Liz Kay
11892,The Ting Tings
11893,Ryan Hughes
11894,deathpercent99
11895,electronica
11896,Transcend
11897,beau
11898,Draco Sly
11899,1821
11900,Orchestral Manoeuvres In the Dark
11901,Lisa Marx & Victor Imbres
11902,Mosahar
11903,Commix
11904,Agnar
11905,INTERWORLD
11906,svlx
11907,Fred Ventura
11908,Synkro
11909,MELON & Hardstyle Fruits Music
11910,Cary August
11911,sileighty
11912,Ultra Naté
11913,Ulf Lohmann
11914,Dubfire & Oliver Huntemann
11915,Gigi D'Agostino
11916,TheSaif
11917,Pendulum
11918,Fragma
11919,Andrew Thomas
11920,Donkey Rollers
11921,Claude & Roger
11922,THINKABOUTIT
11923,So & So
11924,Baktruppen
11925,Rikah
11926,Cevin Fisher
11927,YUMVMI
11928,The Field
11929,Fatman Scoop
11930,3kliksphilip
11931,Dani San
11932,Sonic Candy
11933,Kai Cult
11934,The Flashers Brothers
11935,YOU LOVE HER
11936,Lxury
11937,Tribeat
11938,FutureVille
11939,Berx
11940,romanov.dlb
11941,QMIIR & HERXHEIMER
11942,sileighty & jdmfessh
11943,Gemini
11944,takatin
11945,Majeur-Mineur
11946,prxybb
11947,Ms Magic
11948,Sam Smith & Calvin Harris
11949,Kept XX
11950,ama???!!!!
11951,S2 & Rave Racers
11952,Sara Simonit
11953,"Enur, Shenseea & Megan Thee Stallion"
11954,"QMIIR, HERXHEIMER & HEXDLESS"
11955,Tunnel Alliance
11956,Vincent de Moor
11957,STICKLOVERZ
11958,N1
11959,Pasha and the Bears
11960,GARÇONGLAM0UR
11961,Scuba
11962,StoneBridge
11963,Sparks
11964,DJ Snake Machine
11965,Bi$ix
11966,Christopher French
11967,Chic & Justice
11968,Roy Davis Jr.
11969,Rondò Veneziano
11970,The Korgis
11971,"Fabio Pignatelli, Massimo Morante & Claudio Simonetti"
11972,Surkin
11973,"Romuald, Alan Braxe & The Paradise"
11974,Midnight Juggernauts
11975,Hawkwind
11976,Frankie Valli & The Four Seasons
11977,Sophiaaaahjkl;8901
11978,CMH
11979,Malady
11980,Das Pop
11981,KUNOICHI
11982,Pine Objection
11983,Brennan Heart
11984,Richard Sanderson
11985,MONO
11986,Daniel Balavoine
11987,Zoot Woman
11988,The Fucking Champs
11989,The Rave
11990,Fancy
11991,Carlos
11992,Frank Stallone
11993,Tarantulaz featuring Monique Bingham
11994,DJ Gigola & Kev Koko
11995,Sheila
11996,Pedro Marin
11997,Bassnectar featuring KristinaMaria
11998,muyshai
11999,B. Fleischmann
12000,harutosora
12001,HTASIM
12002,Cherry Moon Trax
12003,Linear System & Malhombre
12004,STAKILLAZ
12005,jn_n.mp3 & Ghøst
12006,i\believe\in\angels
12007,Information Society
12008,Rikki
12009,Electronic
12010,Peter Invasion & Gregor Habicht
12011,Father2006
12012,plain.
12013,K7
12014,Club Nouveau
12015,Bountyhunter
12016,The Latin Rascals
12017,Public Domain
12018,винер
12019,G.L.O.B.E. & Whiz Kid
12020,Monkey_sequence.19
12021,Afrika Bambaataa
12022,Hotline Sehwani
12023,Signum
12024,Special Request
12025,Blood On the Dance Floor
12026,Pressure Drop
12027,Department of Eagles
12028,Badliz
12029,Ghost Twins
12030,Uneaq
12031,Suicide Commando
12032,Wynardtage
12033,Alpha²
12034,Justus Köhncke & Fred Heimermann
12035,Samantha James
12036,Five Seasons
12037,Lost Tech Rhythms
12038,Jewel Kid
12039,ØNYZUKA & énouement
12040,Vive la Fête
12041,Chris Watson
12042,Moceans
12043,DJ newtown
12044,Deepest & AMHouse
12045,Fractions
12046,Scott Grooves
12047,Picaz
12048,Voodoo & Serano
12049,DJ Wet Rhet
12050,Attack on Anxiety
12051,Daze Prism
12052,Cafe Americaine
12053,Mylo
12054,Scott Lofton
12055,Model Man
12056,zonaexp & E.R.A.M.
12057,Anj
12058,$uNDOWN
12059,ONENIGHT & ŁXGHT MXUNTVIN
12060,i felt the sun today
12061,Aux 88
12062,Lagowski
12063,Coil
12064,Karman
12065,Plastic Heart
12066,DJ Yirvin
12067,Randy Barracuda
12068,Fullempty
12069,Mark Farina
12070,Technovintage & Joe Castro 666
12071,Atom™
12072,"Jerry Ropero, Denis the Menace & Sabor"
12073,Sunnesther
12074,Interstate
12075,Sansanonasnas
12076,Luca Guerrieri
12077,Mardahl
12078,Sxbra
12079,Alex Deep
12080,ATB
12081,NXVAMANE
12082,Gina Rene & Marques Wyatt
12083,MSDMNR
12084,knonzzz
12085,kolya
12086,ZoomyTuneZ
12087,North Americans
12088,Rat Section
12089,ASKAR & Pippi Ciez
12090,Frakkur
12091,Masakatsu Takagi
12092,The Beta Band
12093,Jakatta & Seal
12094,Aamxr
12095,The Crüxshadows
12096,yeoji
12097,Kino Todo & Miluhska
12098,Front 242
12099,Aziz Light
12100,Dillinja
12101,Owen Mester
12102,Rednmbus
12103,nøsta
12104,Hizzle Guy & Kahlil
12105,De la Suda & Mila
12106,Airplane
12107,Kuspe
12108,Tina Charles & Blue Chips
12109,Kelly Sims
12110,Mexican Institute of Sound
12111,CCWT
12112,wavetearz
12113,Force of Nature
12114,Alix Perez
12115,Paul Shimline
12116,NORJAK
12117,antonioZ1996
12118,Ben Watt
12119,Inaya Day
12120,Capone
12121,Cybotron & Dillinja
12122,James Fischetti
12123,vidnaObmana
12124,wenszy
12125,Willix
12126,Farin
12127,WatAboutme
12128,Mexican Institute of Sound & Gaby Moreno
12129,Anthanasia & Peter Martin
12130,City Girl
12131,DVAID
12132,Restiform Bodies
12133,daisy bouquet
12134,"Tuneboy, Technoboy & TNT"
12135,Loraine James
12136,CK Trubadix & FEJA
12137,Kim Doeon
12138,Dawn Penn
12139,Bertrand Capitaine
12140,Marcellus UK
12141,Femme En Fourrure
12142,van ill
12143,King Dari
12144,Cassette Tapes
12145,AFROJACK & Thirty Seconds to Mars
12146,THIRST & Phonk King
12147,The Santo Casúr
12148,Velocitraptor
12149,Ossolo & The Crushboys
12150,Portalcuber
12151,Trillest
12152,Cristian Castro
12153,KW Griff
12154,SløwlyFallingRain
12155,HIM
12156,The Sicilians
12157,Star
12158,Blasterjaxx
12159,Yannick Mueller
12160,Quadrat 57
12161,Brothertiger
12162,Parasolum
12163,20ctrl
12164,Ciro Riveiro
12165,"Pendulum, Armin van Buuren & Rob Swire"
12166,Mismos
12167,Rauw Alejandro & Bad Bunny
12168,DJ Tray
12169,Marbert Rocel
12170,Sombear
12171,SwuM
12172,"Le Bober, Janet Tung & Deep Mage"
12173,Agnelli & Nelson
12174,Legowelt
12175,Yuni Wa
12176,DJ Hoshino
12177,HOMAN & Janet Tung
12178,Map
12179,Leaps
12180,Asá Nyx
12181,Dead Combo
12182,Juno
12183,Jack Marlow
12184,Andras
12185,8 Bit Universe
12186,2002
12187,QFX
12188,S.D.J.
12189,Moonm & pepwill
12190,Brian Wolf
12191,Moonm
12192,Tracks Planet
12193,Donnacha Costello
12194,Nalin & Kane
12195,Nôze
12196,FlowerBot
12197,ADULT.
12198,Geo22 & 2002
12199,Sync24
12200,Bodyscrub & Pascal Nuzzo
12201,Angel Magic
12202,Daniel Mistric
12203,Album
12204,SYRUM & lunar polygon
12205,Bless Of Shahmen & Arts the Beatdoctor
12206,Nour Eddine
12207,KEVDEEPDJ & DAVINSON LOAIZA
12208,Skream
12209,GorillaSoundz
12210,Attache
12211,P.F.M.
12212,Internet_prty
12213,Nedaj
12214,Spookie.exe
12215,DJ Cobra
12216,BAALB
12217,Cusco
12218,Jeremy Caudle
12219,Chris Connelly
12220,Killerkraut
12221,TAL
12222,www.jz-arkh.co.uk
12223,Dettinger
12224,Daniel Wang
12225,DJLion2002
12226,KMFDM
12227,Argo
12228,Top 11
12229,Salt Tank
12230,I-F & Nancy Fortune
12231,Peter Orbit
12232,All
12233,BBC Radiophonic Workshop
12234,Poison Girl Friend
12235,"Ryoji Ikeda, Mika Vainio & Alva Noto"
12236,Mark 'Oh
12237,enjoii & Da Vosk Docta
12238,Airstream
12239,Hong Kong Counterfeit
12240,Other Slater
12241,Snilk
12242,NØVMBR
12243,Estelas
12244,Daniel Steinberg
12245,DJ Magic Mike & Infiniti (Scott Christina)
12246,GURATRON 1988
12247,Influx UK & DJ SS
12248,Mugiwave
12249,meno
12250,Kultur
12251,Erald Radashku
12252,Solenoid
12253,Rialians on Earth
12254,Pedro Clapp
12255,Jam & Spoon
12256,Baklison
12257,Sophie du Palais
12258,Ivan Stabile
12259,Aaron Evo
12260,Dusty Springfield & Pet Shop Boys
12261,lechiffrebeats
12262,Gud
12263,Casino Versus Japan
12264,Jaces Phantasm
12265,Erotic on Ren TV
12266,Myself Included
12267,Dtario
12268,Devseb
12269,Jabberwocky
12270,just valery
12271,gotoparty2001
12272,!Nxght & Pandora
12273,Tony H
12274,Miss Kittin & The Hacker
12275,Regis
12276,Phantom Isle
12277,Eupsychia
12278,Lord Forgive Me
12279,satin
12280,Lisene
12281,HRCRX
12282,Atomic Hooligan
12283,X-Dream
12284,The Auranaut
12285,Fear Factory
12286,Konx-Om-Pax
12287,OSF Orchestra
12288,Cielo
12289,B!AV3
12290,Influx
12291,T-9
12292,Three Drives
12293,Le Tigre
12294,Insigma
12295,VØVK & Lux Aeterna
12296,Sunsetdrive
12297,Jan Johnston
12298,Utah Saints
12299,Push
12300,Gotan Project
12301,Deeplab
12302,NGwav
12303,Ballroom
12304,Cyber Posix
12305,The Lonesomes
12306,Nasty Habits
12307,Riva
12308,Heathered Pearls
12309,Mnemonic
12310,Mario Più & DJ Arabesque
12311,SIRPAUL
12312,Dissidenten
12313,CJ Bolland
12314,Hugo Kant
12315,The Green Martian
12316,Planisphere
12317,Robotic Dub
12318,Yves Deruyter
12319,Rampa
12320,Mietze Conte
12321,Gavriel & Windows 96
12322,vowl. & Sace
12323,Sam Sparro
12324,MIIKO
12325,LCD Soundsystem
12326,EL-B
12327,Trilucid
12328,Captain Jack
12329,Bodyrockers
12330,DJ Mental Theo's Bazzheadz & Basshunter
12331,Rocella
12332,ssaliva
12333,Holliday Howe
12334,Room 5
12335,Basshunter
12336,Boom Clap Bachelors
12337,Apocryphos
12338,Tuxedomoon
12339,Papaya Paranoia
12340,Uncle Luke
12341,Sneaker Pimps
12342,Spacer
12343,Yelle
12344,Little Dragon
12345,Kleerup
12346,The Go! Team
12347,"David Guetta, Chris Willis & Joachim Garraud"
12348,RYKT
12349,Squarepusher
12350,A Reminiscent Drive
12351,Mdmaxel & Sketchy
12352,Planet Funk
12353,deadmau5 & Kaskade
12354,Jasmine Max
12355,Vogue2000
12356,AitØ
12357,Ochi Gang
12358,Annie
12359,Paul M. Grenon
12360,Amante
12361,Maria Mena
12362,Abaze
12363,DJ Blaqstarr featuring Rye Rye
12364,Dirty South & Evermore
12365,Modern Talking
12366,Chinese Man
12367,Wintergatan
12368,Gentlemen Lounge Dining Cult
12369,Techmaster P.E.B.
12370,Tiga & Zyntherius
12371,Ten Walls
12372,SveTec
12373,Funkin' Basstards
12374,Nathan Michel
12375,The Supermen Lovers & Mani Hoffman
12376,Kink Gong
12377,Big Brovaz
12378,Funk Flex & Big Kap
12379,E-Type
12380,Ulrich Schnauss
12381,Rogue Traders
12382,&&I'm a ghost
12383,Rouge Rouge
12384,M.A.N.D.Y. & Booka Shade
12385,OBBA
12386,cats! and beloved pets
12387,elSigno
12388,Wolfmother
12389,Three Drives On a Vinyl
12390,Boney M. 2000
12391,Ralph Myerz and the Jack Herren Band
12392,Tarkan
12393,Ellen Allien & Apparat
12394,Jack Zade
12395,STRFKR
12396,Sébastien Tellier
12397,Cut Copy
12398,Gabriel & Dresden
12399,boy 2000
12400,Bodyrox & Luciana
12401,Jamie Woon
12402,haunt3d
12403,Architecture In Helsinki
12404,Ryan Farish
12405,EXILE
12406,StiffEgg378
12407,Nobodyinfact
12408,Joe Renzetti
12409,Grafton Primary
12410,AYYBO
12411,Ildar Bik
12412,The Juan MacLean
12413,Active Child
12414,Skeler
12415,TORYONTHEBEAT
12416,"Gentlemens Club, Dread MC, B Live & Nitepunk"
12417,lostlight
12418,Dwilly
12419,Soop
12420,Cassius
12421,"B Live, Dread MC, Gentlemens Club & MPH"
12422,"Gentlemens Club, Dread MC & B Live"
12423,Sam Alfred
12424,LEN
12425,Gentlemens Club
12426,Zane Alexander
12427,desert sand feels warm at night
12428,Funk Leblanc & Tashan
12429,CloudNone & Kazukii
12430,"B Live, Dread MC, Gentlemens Club & Gray"
12431,Changing Faces
12432,Ary Sya
12433,"jamz, Kaval & Miss Lina"
12434,INVŌKER
12435,Dj Nariman
12436,Roy of the Ravers
12437,Concord Dawn
12438,EVERAFTER
12439,Rob Ot
12440,KK
12441,Eloi
12442,roseboi
12443,David Jackson
12444,Mr. Oizo
12445,Samoe Bolshoe Prostoe Chislo
12446,NAMO
12447,Funk Leblanc
12448,Nillatron
12449,Blank Wolf
12450,Club16 & Jota Rosa
12451,Groove Chronicles (Noodles)
12452,The Immortal(S)
12453,Fran Guzman & Franky G.
12454,M/A/R/R/S
12455,Gary Numan
12456,Slenderino
12457,Monkid & fincw
12458,Arcade Player
12459,EFFY MUSIC
12460,Cloaked
12461,Chiptune Punks
12462,Tkay Maidza
12463,SD Gloria
12464,Zoom
12465,Vaudafunk
12466,Inertia
12467,Kalahari Surfers
12468,Army of the Universe
12469,"Binary Finary, Ariana Grande & Romy"
12470,FM Skyline
12471,Nitewind
12472,5admin
12473,Technoboy & Tuneboy
12474,Nick Murphy
12475,Roast Beatz
12476,Mark Stereo
12477,MIREI
12478,AtariJones
12479,Bill Brewster & Fernando
12480,Narbe
12481,Pacific Wave
12482,Scummv
12483,Reveille
12484,Whitney Houston & Mariah Carey
12485,Emurse
12486,Talla 2XLC & Zyrus 7
12487,Taras van de Voorde
12488,Oskar Tena
12489,SLVSHY
12490,Another Kid
12491,Virgil's Odyssey
12492,Private Astronaut
12493,Boxia
12494,Federico Martelli
12495,Worm Is Green
12496,Delerium & Sarah McLachlan
12497,Llewellyn
12498,N-Gynn
12499,Hector
12500,yourtears
12501,Kashif
12502,tiny baby
12503,Orphans
12504,Dennis Roseth
12505,Milton Jackson
12506,Urchin
12507,Like a Tim
12508,Shadow Child & Binary Finary
12509,Francis Davila & Timo Tapani
12510,Tito El Bambino
12511,TM404
12512,Rudy With a Hoodie
12513,LaFlamme
12514,Takaki Matsuda
12515,Techno Team
12516,L1f3style
12517,Roland Carriage
12518,CHAPTER11
12519,Carinth
12520,juno
12521,Le Matos
12522,KETTAMA
12523,Småland
12524,Savant
12525,Fakear & Majeur-Mineur
12526,Ferry Corsten & BT
12527,Mujuice
12528,Big Chocolate & DJ Two Stacks
12529,Probspot
12530,Mogi Grumbles
12531,Volen Sentir
12532,Ahero
12533,Hard Mix
12534,Cowbell Cult
12535,Buddynice
12536,Arael
12537,Cotton Duck & Houis
12538,Carolina Limón
12539,Errol.ex
12540,"Mariano Dev, Galo Barker & Abu Barrett"
12541,För Alltid
12542,Kebin van Reeken
12543,Miracle Mangal & Shahmeer Raza Khan
12544,L'Étranger
12545,Thomas Lizzara
12546,Koni Blank & Empyre One
12547,Jossy Mitsu
12548,Dan Hiroshi
12549,Danyel Carpio
12550,Cream Dream
12551,Imfinenow
12552,Futurecop!
12553,Enyang Ha
12554,Robey
12555,Echo Conscious
12556,ZAKERY
12557,Odense
12558,TranceSphere
12559,Huxwell
12560,JNS007
12561,SD
12562,The Chain Gang of 1974
12563,BooVox
12564,БАТЯ
12565,Autodidakt
12566,Dust Breaks
12567,Mr. Negative
12568,Phaeny
12569,DROELOE
12570,MDA Analog
12571,James Reipas
12572,Swan House
12573,Eskmo & Brendan Angelides
12574,Sidewalks and Skeletons
12575,Juno Mamba & ANTONMOND
12576,Jaisua
12577,Hypohektika
12578,nthng
12579,Kamska
12580,Dink
12581,Loframes
12582,Simon Vuarambon
12583,Prozak
12584,Worka & Alejandro Luna
12585,Humate
12586,Traxman
12587,Ultrademon
12588,Katsunagatamane
12589,"Maximo Gambini, Freedo Mosho & Futura City"
12590,Florian Mno
12591,Mokado
12592,Marcio McFly
12593,Sappo
12594,Rick Wade
12595,Mindtality
12596,brAin
12597,HYPERNORMAL
12598,The Bird and the Bee
12599,George Kranz
12600,Carmelo Marrapodi
12601,ieght
12602,The Real Nas Vegas
12603,Exium
12604,Thought Club
12605,Onur Özer
12606,ddddeeeellllaaa
12607,HOKABANE
12608,Aylu
12609,Prvrln
12610,Zeed
12611,Ryan
12612,SHAVVN
12613,Fumihiro Murakami
12614,amissa personae & Rail Thompson
12615,EL PLVYBXY
12616,Yaron PYPE
12617,Keisuke Sakurai
12618,Fabric
12619,e_Glyde
12620,sunset groove
12621,AUXFM
12622,Godard & Ziahfyah
12623,Maks Henning
12624,Hippie Sabotage
12625,Texnomexanik
12626,Madeline Goldstein
12627,Lost Girls
12628,Mtsicology Music & Prince De Deep
12629,Tusenbröder
12630,Alec R. Costandinos and The Syncophonic Orchestra
12631,trakzero
12632,DJ Knowledge
12633,Eiki Nonaka
12634,Perial
12635,DJ Smalha
12636,Maximo Gambini
12637,No Love In The House Of Gold
12638,Dream Dolphin
12639,Varg2™
12640,TSHA
12641,Optical
12642,Robanimals
12643,Clone Club
12644,"Varg2™, Woesum & Yung Sherman"
12645,Isaac Stalk
12646,Energy 52
12647,Xstnts
12648,Rapid Noize
12649,bRuna
12650,Irregular Disco Workers & Semi-Functional
12651,Shawna
12652,Future Beat Alliance
12653,Biicla & Jersey Club
12654,Calm
12655,Paul Oakenfold
12656,Fazobeats
12657,Comando Suzie
12658,BNinjas
12659,Jono's Mate Sheep
12660,INCENDIXM
12661,Keisuke Kikuchi
12662,Mental Generation
12663,Glejs
12664,Synergetic Voice Orchestra
12665,Tadahiko Yokogawa
12666,Hiroki Ishiguro
12667,Baraka
12668,Austin Price
12669,Bram Sebastian
12670,Lee Gamble
12671,assun & Dirty Kawaii Club
12672,"Adore, 1996"
12673,1996
12674,Emmit Fenn
12675,The Range
12676,Replicant
12677,&ME
12678,DatA
12679,SevnthWonder
12680,WHXMVNCE
12681,Gabriel Klyn
12682,Daithi
12683,Affinity
12684,Dxrk ダーク
12685,Busy Twist
12686,seen twice & HOOL
12687,Jan Driver
12688,The Aurora Principle
12689,Fairmont
12690,Freezi ツ
12691,Marc Moeller
12692,GREYWOOD
12693,Tyler Breaks
12694,Myth
12695,omnylog
12696,nord
12697,Kbit
12698,Victor Romeo
12699,JAVIIS
12700,Trafik
12701,Zak Cox (UK)
12702,GUIDANCE & Aether
12703,E.B.D.B.
12704,Kazam
12705,Blade (Dnb)
12706,Conscious Pilot
12707,The Freek Macheen
12708,Kruder & Dorfmeister
12709,Moritz Fasbender
12710,Moonchild
12711,Innex
12712,Astral Waves
12713,Ezra
12714,GeoVoc
12715,WALKR
12716,Soul for Real
12717,Sad Face Prince & Slowed Prince
12718,Kris Menace & Douze
12719,3 2 6
12720,Anemoia
12721,Koichi Shimizu
12722,MandalaVandalz
12723,Tomas Barfod
12724,Traxmen & Eric Martin
12725,DJ Juanito
12726,Idiotek
12727,Sigaah
12728,Hercules
12729,smokey64
12730,DJ Funk
12731,Esse
12732,Axel Zambrano
12733,Sylvester
12734,Gryffin & Band of Horses
12735,the Janitor
12736,Sihu
12737,Violet
12738,NFFC & Alighieri
12739,Blaqstarr
12740,LX72
12741,CASS
12742,Mr. Carmack
12743,Roman Kouder
12744,Rue Oberkampf
12745,Stan Christ & Gianni Di Bernardo
12746,District 78
12747,Trashiii
12748,Luca Di Sabatino
12749,Abstrakt
12750,United Freedom Collective
12751,Secular Ghost
12752,Travelogue
12753,Rogerio Martins
12754,AURAGRAPH
12755,Mercury
12756,Lost Kings
12757,Marco Pagani
12758,Chrome Friends
12759,Am-Boy
12760,OKRAA
12761,QB1-o
12762,Anil Aras
12763,The Gifts
12764,Maud Geffray
12765,Redspace
12766,Starhavven
12767,Dank & Zelma Davis
12768,DML
12769,Aliot
12770,Cecil Hotel
12771,Oliver Koletzki
12772,Benthos
12773,Carpainter
12774,Onsy
12775,Corona
12776,Ramiroquai
12777,Justin Schumacher
12778,Matt Black
12779,Evvol
12780,Herr Doktor
12781,Estonia
12782,Ray Keith
12783,Emmanuel Dip
12784,Karasu Cowboy
12785,Eitan Reiter & Jerome C.
12786,Trinidad
12787,slimlxrd
12788,digital rele
12789,Martin Mueller
12790,Bengoa
12791,Tommy the Cat
12792,Cake to Age
12793,DJ Food
12794,Louis y2k & Maicol Superstar
12795,Conehead
12796,One Dark Martian
12797,JackTheLion
12798,XtRaOrDiNaRxx.x
12799,Feedback Loops 1994
12800,CRXWSXNT
12801,Feda Klop
12802,Manyana & Aran Sheehy
12803,Ticane
12804,"Lotus, Nicola Fasano & Jaydan Wolf"
12805,Tim Shiel
12806,Midnight Syndicate
12807,heiakim
12808,Tkivo
12809,A_Phan
12810,Random Randy
12811,SOUNDBANC
12812,David Guetta & Kim Petras
12813,1Farshad
12814,Felix Goes Clubbing
12815,Tommy Marcus
12816,E-Cologyk
12817,Black Japan
12818,AC House
12819,Maurice Aymard
12820,Trance Wax
12821,Brucewayne
12822,Hatar
12823,Dj Steek
12824,葉山彩音
12825,HOUZ LORDZ
12826,Liquid'z
12827,Emancipator
12828,LB aka LABAT
12829,Tea Timerz
12830,Approaching Nirvana
12831,mitch murder
12832,Scattle
12833,Ben Frost
12834,They Dream By Day
12835,Gawm
12836,Mosko (IL)
12837,Dexta & Bredren
12838,Simple Syrup
12839,Boogrov
12840,Colin Gregory
12841,Booka Shade
12842,Shazz
12843,8bit
12844,SOOSEOW
12845,Winter Flags
12846,Iris Oiram
12847,Calypso Jet
12848,Other Planes & since 1993
12849,Round Four
12850,Existensminimum
12851,ODCY
12852,Kingdom
12853,J.WLSN
12854,City Center Massive
12855,Ilary Montanari
12856,Pedro Meirelles
12857,Disco Zombie
12858,Noxroy
12859,Noisebuilder
12860,Mikinormu
12861,I:Cube
12862,Cute Kid
12863,This Is Sky
12864,Ziggy Marley & The Melody Makers
12865,EPIC & BASS
12866,shi offline
12867,Kuniyuki Takahashi
12868,Dimetrodon
12869,DJ Kandretti
12870,Midori (menace)
12871,Christian Death
12872,Jones & Stephenson
12873,PURE UNDERGROUND
12874,Lucefora
12875,Lykke Li
12876,Los Pasajeros
12877,Paolo Tocci
12878,2DRUNKEN2
12879,Ghettocyb.org & S'N'S
12880,Junior Legh
12881,Bofirax
12882,Georges Monceaux
12883,The Other Side
12884,Plume
12885,Loofy
12886,Ziggy Marley & The Melody Makers & Keith Richards
12887,"Silent Child, Sān-Z, Tiësto & Lucas & Steve"
12888,Zebs
12889,Coldplay & Porter Robinson
12890,"Myles Smith, Steve Aoki & JJ Lin"
12891,Goldcher & Irina Rimes
12892,"Nikita, the Wicked"
12893,PLÜM
12894,SynthWave Dave
12895,Alan Fitzpatrick
12896,Marcelo
12897,Justin Somersby
12898,CMD094
12899,Digitalis
12900,DJ Dan & Hazzaro
12901,Marsh
12902,Waan
12903,сны твоих мёртвых друзей
12904,Kety Fusco
12905,Innershades
12906,Clyde Shelton
12907,Artefakt
12908,Freeze UK
12909,Phedee
12910,Dake
12911,Josha Daniel
12912,Alignment
12913,Сашка Цевич
12914,Hunshun
12915,OM8
12916,Sack Muller
12917,Epistemikk
12918,Achint
12919,Etienne de Crécy
12920,Atlantic Connection
12921,ta1ls
12922,Erik Wøllo
12923,Maschine Brennt
12924,Avril 14th
12925,Krypta
12926,Stegonaute
12927,Almanacs
12928,Saturno 5
12929,minimal violence
12930,Ozgurmetemusic
12931,Anshu Sound
12932,Pole Folder
12933,Gygas
12934,Black Rabbit
12935,Cristian Hoffmann
12936,Mentha & Murk MTD
12937,Alverto Maya
12938,Angelo Draetta & Luigi Egitto
12939,ASKL hon
12940,Oscar Arellano
12941,Elegia
12942,D’Vo
12943,M3T4TR0N
12944,Bobby Konders & The House Rhythms
12945,N.I.G.G.I.
12946,Trebor Nannab
12947,Taras
12948,Beat Maniacs
12949,Roentgen Limiter
12950,Hulqamaniaq
12951,Boreal Network
12952,Lebz4Nik
12953,"Enmity, Lawstylez & HARDSTYLE MAGE"
12954,Paul Blackford
12955,Outdate Electro
12956,Alex FM
12957,Massive Sounds
12958,Urulu
12959,Catching Flies
12960,Da Vosk Docta
12961,Jumo
12962,Doctor DataBass
12963,Digital Shades
12964,Landon Price Beats
12965,The Midnight
12966,DJ Abyss
12967,Tesla Boy
12968,Momery
12969,Choopie & Golan Zocher
12970,Budakid
12971,Julia Govor
12972,Jakob Mader
12973,David Carretta & Workerpoor
12974,CABLE
12975,Steen Thottrup
12976,Seba Iturra
12977,French Miami
12978,Futuregrapher & Chevron
12979,NEUS
12980,Leondry
12981,Simon Le Grec
12982,Slam & Mike Dearborn
12983,Raymond Castoldi
12984,Praveen & Benoit
12985,Archites
12986,Carlo Toma
12987,1991 & Cherryade
12988,Basement Jaxx & 1991
12989,1991 & Tom Cane
12990,ClubDisco
12991,Coherence (ES)
12992,1991 & Rova
12993,Kajsa Lindgren
12994,Alihan Selcuk
12995,"1991, Mugatu & Mali-Koa"
12996,Waltergs
12997,Tycho
12998,1991 & Empara Mi
12999,1991 & Sharlene Hector
13000,Massiv In Mensch
13001,URCHN
13002,Beach Boy Rad
13003,Jason Heine
13004,ktsh & DAKOOKA
13005,Nørus & DJ WHIPR SNIPR
13006,Drek's
13007,Hagan
13008,Gai Barone
13009,Big Spaceship
13010,Aristurtle
13011,1991 & Alex Hosking
13012,Smoky
13013,FLY5OLO
13014,Minimum Syndicat
13015,RIGSON
13016,Konovalov
13017,Clade
13018,Tony Rivers
13019,Bryce Jacobs
13020,friendkerrek
13021,Jay Kaufman
13022,"1991, My Nu Leng & Flava D"
13023,Frvr
13024,Pete Brandt's Method
13025,Rufisque
13026,Matt Keyl
13027,Lucio Agustin
13028,Lone
13029,Chromatics
13030,Nico Miseria
13031,1991 & Henry Dell
13032,PINES
13033,Lucy In Disguise
13034,Lake Turner
13035,Ministry
13036,DeepMe
13037,Lisa Stansfield
13038,The Gambler
13039,Klangkuenstler
13040,Luscious Jackson
13041,Karyn White
13042,Stabbing Westward
13043,Vicious
13044,Gravity Kills
13045,Chymera
13046,Röyksopp
13047,Milli Vanilli
13048,Super Plage
13049,Danny Tenaglia
13050,Pacific State
13051,Kitsch Malkin
13052,Venema
13053,HEXLOOM
13054,Burger/Ink
13055,Valtos & Elephant Sessions
13056,The Family Stand
13057,Alex Kunnari
13058,Hunckie
13059,Heartspeak
13060,jpaws
13061,Satoshi Ashikawa
13062,Buccaneer
13063,Memorandom
13064,Snagga Puss
13065,Adamski
13066,Violent Gandhi
13067,Flags in Red
13068,Bran Van 3000
13069,Goldie
13070,Bingoboys
13071,Prezioso & Libex
13072,H.Lody
13073,Bull of Heaven
13074,Yoshio Ojima
13075,PINES & Late June
13076,SLV
13077,Fabio Macor
13078,Hiroshi Yoshimura
13079,Yasuaki Shimizu
13080,Fumio Miyashita
13081,Yoshiaki Ochi
13082,Akira Ito
13083,Carl Craig
13084,Bomfunk MC's
13085,Toshi Tsuchitori
13086,Boule Noire
13087,Masashi Kitamura + Phonogenix
13088,Ńemy
13089,Joyhauser
13090,M.A.D.E.S
13091,LAAKE
13092,Kölsch
13093,Klimeks
13094,Cody Crump
13095,Richard Bass
13096,Cartridge 1987
13097,Enzo Siffredi & Rich vom Dorf
13098,mattdelrio24
13099,ImKibitz
13100,Borrowed Identity
13101,Michael Mashkov
13102,Paul Thomas
13103,Solarbeam
13104,Nelver
13105,Volto
13106,Michael Mashkov & Sense8
13107,Silver MX
13108,Burgerz
13109,Mineral
13110,Occams Laser
13111,ADEM (AT)
13112,Dreddd
13113,Godblesscomputers
13114,Munch
13115,Streamcaster
13116,Eddy Malano
13117,Nusha
13118,joyful
13119,Isaiahtheflame
13120,The Hidden
13121,Jens Pauly
13122,Ventt & Keparys
13123,Daniel Solar
13124,Ming (GER)
13125,Dizzney
13126,Swimming With Dolphins
13127,Shik on The Beat
13128,ngngay
13129,Ed Lee
13130,Insert Coin
13131,Carl Douglas
13132,Spacelandic
13133,Fontana
13134,Lost Droid Records
13135,Emotional Tourist
13136,Un rêve
13137,Vardae
13138,G-Man & Kusserow
13139,Tzefira
13140,G 'N' P Tauro
13141,THREE1989
13142,Brockdorff Klang Labor
13143,Adrena Line
13144,Parentz
13145,Floyd Steinberg
13146,Voxy P
13147,Hipno Trance Club
13148,"Aimee-Leigh, Baby Billy & Joseph Stephens"
13149,Reno Allen
13150,Fiona's Spiral
13151,Tobias Wagner
13152,Lost Years
13153,V-Sag
13154,Harold Sleeper
13155,Mobin Master & Tate Strauss
13156,No Sukkaz
13157,Midge Ure
13158,Max Jones
13159,Peter Elyakim Taussig
13160,RDG
13161,Warren G
13162,Made By John
13163,To Avoid
13164,Nikes
13165,Layo & Bushwacka! & Paul Woolford
13166,FVLCRVM
13167,DJ Smallcock
13168,PowerPCME
13169,Johan Reinholdz
13170,Eleven
13171,Mitsukai Sound Systems
13172,Andermay
13173,Dave Silovich
13174,Alexander IV
13175,Sorrow
13176,Versus
13177,StreamBeats Music
13178,Lanu
13179,Spiritual Unfoldment with John Butler
13180,Veritas
13181,Atrey
13182,Action Jackson & ZXSP
13183,Boys Noize & Housemeister
13184,Defunk
13185,KMB
13186,$werve
13187,Gentoo
13188,StreemTunes
13189,Sleepify
13190,Labtracks
13191,Tee Tran
13192,TMSV
13193,Boreal
13194,Deep Chill Network
13195,Reblooming
13196,Abuaf
13197,Pegasinus
13198,MiM0SA
13199,Concept
13200,Christopher Aukerman
13201,674
13202,Tehbis & Touchy Subject
13203,Ethyène
13204,Dexorcist
13205,Action Jackson
13206,Crypt Voice
13207,V2G
13208,VIDEODROME
13209,JOOPSOFTWAREDELUXE
13210,DeJa Benassi
13211,Synthwave City
13212,Jim Donato
13213,Coal Field Hotel
13214,Alex M (Italy)
13215,Vasutin
13216,Lords of Synth
13217,Pat Strawser
13218,Mano Jio
13219,Karolina Bnv
13220,Hazem Beltagui
13221,Audrey Ashton
13222,Findel
13223,Chrom3 Wolf
13224,Ottati
13225,Mamman Sani
13226,Your Favorite Martian
13227,Robba
13228,Shaun Macdonald
13229,Synthwave Nation
13230,Freedom Dub
13231,King of Bass
13232,Lofi Kate & The Robot
13233,The Living Tombstone
13234,Ticon
13235,Nitroglitch
13236,Neves
13237,6Blocc
13238,Thrupence
13239,Nail
13240,Oblique
13241,IDEON
13242,Diskjokke
13243,sqware
13244,Glow In The Dark
13245,NerdWiser
13246,PALA
13247,Daiquiri
13248,Chab
13249,Ludvig & Stelar
13250,AstralFogg
13251,Iterations
13252,Vertical Summer
13253,Robert Angel
13254,Nord Horizon
13255,"HOSS&SWET 1987, Hoss & Dj Swet"
13256,Paul C & Paolo Martini
13257,Michael Stearns
13258,Beats on Demand
13259,Thomas Beyer
13260,Shape Worship
13261,Woolfy
13262,Cales & Mr Hyde
13263,Emiliano Melis
13264,Justine Forever
13265,Narson Nelson
13266,Cadonna Lynn
13267,Currentclay
13268,Neon Aero
13269,Jazzykat
13270,Sacrobosco
13271,Fernando Chia
13272,Arsenic1987
13273,Antony PL & Paul S
13274,Lost Boy
13275,De Sena
13276,In_Progress
13277,Neku
13278,Alt.
13279,Apócrifo
13280,Avaron 79
13281,Bahtiyar Taş
13282,The Arctic Zone
13283,Artemiyn
13284,Miss Tony aka Big Tony
13285,Lynth Sord
13286,DJ Noldar
13287,DJ Class
13288,waybackwhen
13289,The Loop
13290,The Gateless Gate
13291,Crystal Buchanan
13292,Olympus Musix
13293,Vosai
13294,DBFB
13295,Delaware Mike
13296,Stephen Paul Dix & The Arctic Zone
13297,Robin Hagglund
13298,Alex Justino
13299,Lawrence Lui
13300,Kyle Strahl
13301,Burntsystems
13302,Yosi Horikawa
13303,Say Wut
13304,Film
13305,Undercat
13306,Cylotron
13307,PIV
13308,flora cash
13309,Elvis Del Valle
13310,Dub Poets
13311,Jeremy Gloff
13312,Liam Back
13313,Electronic Anonymous
13314,Marc Madness
13315,Static Love
13316,Chris Petra
13317,Dead Bad Bunny
13318,Shinra
13319,Shook
13320,Otnicka
13321,TrustyJAID
13322,Eric Delay
13323,Alexander Graham & Mier
13324,Tenebrax & Khton
13325,Leklerk
13326,Master Planned Music
13327,Society of Mind
13328,The B.O.X. Players
13329,Manu Bennett
13330,Henotik
13331,Kavinsky
13332,New Rome
13333,Kyle James
13334,Virgo Four
13335,Manual & Jess Kahr
13336,Dean Sutton
13337,Zeds Dead & Dirtyphonics
13338,Gallo
13339,Run Rabbit Productions
13340,Beatamines
13341,Colin McNeil
13342,David Body
13343,Necro noise
13344,The Innernettes
13345,Night Tempo/1986オメガトライブ
13346,8dz Dram@x
13347,L I M
13348,RightStar
13349,DFK & Varx (Italy)
13350,Albzzy
13351,Deca
13352,Christian Fischer
13353,Dibu-Z
13354,Victor Vera
13355,J+J+J
13356,Radicall & Lesio
13357,Papfay & Cafe De Anatolia
13358,The Track Addicts
13359,T3NZU
13360,Navagio & Joel Coopa
13361,iamyank
13362,Vyxus
13363,Rauf Khalilov
13364,NOMAS
13365,Night Tempo
13366,Bluesleep
13367,Monyaka & Timmy Regisford
13368,Waveshaper
13369,Forhill
13370,Robert Armani
13371,Vincent Floyd
13372,Rosewood Drive
13373,Lindbergh Palace
13374,Luca Giacco
13375,Aleksandar Grum
13376,Xenturion Prime
13377,"Steve ""Silk"" Hurley"
13378,morch kovalski
13379,Top Cat
13380,Sunset Vapours
13381,Horizonte de Sucesos
13382,1104 Millions
13383,His Name Is Alive
13384,Morpheground
13385,Miki Craven
13386,Brazorobot
13387,Made-Up
13388,dj poolboi & Fog Lake
13389,DJ Deeon
13390,The House Master Boyz & The Rude Boy of House
13391,Parris Mitchell Project
13392,am psych
13393,Christian Belt
13394,Jaqomo
13395,Gabardine
13396,OFF TOPIC
13397,StadiumX
13398,Makeup and Vanity Set
13399,Beverley
13400,El Tercer Error
13401,Zieko
13402,Billy Byship
13403,Mabaan Soul
13404,RUMTUM
13405,Victor Love
13406,Cal in Red
13407,"Besomorph, Wasiu & braev"
13408,Gemini Drive
13409,ALRT
13410,StoneOcean
13411,Neon Capital
13412,Alex H
13413,Ken Martina
13414,Marley Carroll
13415,Zefear
13416,8 Bit Bandit
13417,Hvitling & Kapoor
13418,StarLink
13419,Andrew Bassi
13420,Marcus Schossow
13421,Stupid Fresh aka Armand Van Helden
13422,World Complete
13423,Marwollo
13424,Nine Lives
13425,Cassettes Won't Listen
13426,crash*
13427,Frederik Hendrik
13428,Frankyeffe
13429,Miles Tilmann
13430,Dykehouse
13431,Sefiros
13432,Night World Drones & Iron Cthulhu Apocalypse
13433,moonbooter
13434,CRX
13435,Tarmo
13436,Tumbao
13437,jonatan leandoer96 & 1985
13438,Georgia
13439,DANIELKON
13440,Tellaro
13441,R. Armando Morabito
13442,Lecomte De Brégeot & Elle Valenci
13443,Necio Vazkez Beatz
13444,Adrian Sood
13445,Tycho Brahe
13446,Argy
13447,Wrong Man on the Moon
13448,Marcus Schossow & 1985
13449,Cosmonaut! Cosmonaut!
13450,"Afrika Bambaataa, Zulu Nation & Cosmic Force"
13451,Clairity
13452,Samo & Co
13453,Home
13454,FTBN
13455,Forrest James
13456,Lippi Lippi
13457,Thedawn
13458,BlackLight
13459,Eraser
13460,Hiraeth
13461,Afrika Bambaataa & James Brown
13462,Cabaret Voltaire
13463,Kyabusa
13464,The Chiptune Chunk
13465,Kiile
13466,The Proximity Assembly
13467,Dem Suite
13468,DivisionByZero
13469,Robert James Cross
13470,Waiting for the Stars to Collide
13471,ULTRA
13472,Sylvain Gourlay
13473,Rite De Passage
13474,Tim August
13475,Конструктив
13476,Midnight Generation
13477,We Are The Called
13478,David J Gledhill
13479,Professeur Music
13480,Pluhm
13481,Leftboi
13482,Spectre
13483,Dr. Onionskin
13484,The Invisible College
13485,Artois
13486,Silverhawk
13487,Candy Says & Marc Canham
13488,Orange Cake Mix
13489,Manuold
13490,CCCP
13491,Sonny Wern
13492,豊平区民Toyohirakumin
13493,Rhian Sheehan
13494,Icex
13495,Loke Rahbek & Frederik Valentin
13496,Arrested Youth
13497,Mord Fustang
13498,Russ Liquid
13499,LFZ
13500,Kumarion
13501,Saffari
13502,Hydelic
13503,Tenderlonious
13504,Sixth June
13505,DJ Goozo
13506,Attention®
13507,Sound Remedy
13508,Le Rubrique & Dan Bay
13509,Felix Laband
13510,Mr. Garfield
13511,Teknian
13512,Rolo Green
13513,The Last Concorde & Oblique
13514,ReOrder
13515,Tobias Bernstrup
13516,Day Division
13517,Selerac
13518,Miami Nights 1984
13519,Code Rising
13520,Mooij
13521,"Technical Itch, Voyage & Brakken"
13522,Lucas Fernandez
13523,Gerard Requena
13524,Barrett Hemmings
13525,Zamilska
13526,Archetribe
13527,Dero Goi
13528,Backlash
13529,Roswell Brothers
13530,Mykah
13531,Robosonic
13532,Inadust
13533,Caustic
13534,My Heart Is Electric
13535,Electric Runner
13536,Stoner
13537,Saliva Commandos
13538,Pyrroline
13539,Sono
13540,Vexcore
13541,Oopart
13542,Danniel Selfmade & Charlie Demir
13543,Sabrina Pena Young
13544,Alucard
13545,Legna
13546,Raindancer
13547,Telefunka
13548,Frank Schröter
13549,Lunaz Chill
13550,RNG
13551,A Million Stars
13552,Sergio Sánchez
13553,Santo Gato
13554,Labium
13555,City Soul Project
13556,Boox Kid
13557,Disc Infiltrator
13558,BillyonAir
13559,Ufa
13560,MINDAMIC
13561,RUBY
13562,Werner Karloff
13563,Kappa Collective
13564,Richard La
13565,Tony Phorse
13566,Rising Galaxy
13567,CODE 89
13568,Moonchill
13569,Rafau Etamski
13570,Stark & Sahin
13571,Monokrome
13572,L'Ultimo Arcano
13573,Beagles
13574,High Temper
13575,Wolf
13576,Monsieur Van Pratt
13577,Roze (FR)
13578,Trainspotting
13579,Sonia Douglas
13580,Gmorozov
13581,Tokyo Soundscape
13582,South Soul
13583,Vaughty
13584,Corp 86
13585,Ostblockschlampen
13586,Extatics
13587,get in line
13588,deepstate.
13589,Sinoia Caves
13590,Bar9
13591,Ben Elson
13592,Paolo Mojo
13593,Televisor
13594,The Last Concorde
13595,Adana Twins
13596,Sasse
13597,Oliver Holmes
13598,36
13599,Nathan Fake
13600,"FM-84, Timecop1983 & Josh Dally"
13601,MikTek
13602,Fidem Beats
13603,lysscen
13604,Peter Guja
13605,Artificial Arm
13606,This Is Not America
13607,ShellicusMax
13608,Zhou Jun
13609,Rukasu
13610,Makossa
13611,We Decide Our Fate
13612,Midknight2983
13613,yatchi
13614,Plus One
13615,synthfreq
13616,Duncan Gray
13617,Mondkalb
13618,Roman Andrén
13619,HoodMadeProphet
13620,Sundrop
13621,Punx Soundcheck
13622,Beath
13623,Beach
13624,The Fauve
13625,Isaac Helsen
13626,The Russian White
13627,Pleq
13628,Germany Germany
13629,David C. Hëvvitt
13630,Merdan Taplak
13631,Jaydan
13632,Edgar Froese
13633,TOKUMORI
13634,Little Cecil
13635,Vimala
13636,Ill-Boy Phil & Mehrklang
13637,Nayio Bitz
13638,Sightings
13639,Tom Snare
13640,Virtual Boy
13641,Sebastien Tex
13642,Muscle Hawk
13643,Heritage
13644,Family Event
13645,Theatre Of Delays
13646,Neon Cult
13647,Francis Bebey
13648,Ben Keegan
13649,Freudenthal & Jake The Rapper
13650,John Clark & Djhoserposer
13651,SMART & Gliwre
13652,The Kollective & Napoli Underground
13653,Maniac Mansion
13654,Kool Rock Ski
13655,krudela
13656,Analog Kitchen
13657,Kirlian Camera
13658,SEA OF SIGNS
13659,The Joubert Singers
13660,yoyodisco
13661,Grizzly Beatz
13662,Kutay Yavuz
13663,Ed Ed
13664,Doctor for the Dead
13665,John Clark
13666,Oxygenstar
13667,Jong
13668,Tourdeforce
13669,Angel Of Murder Suicide
13670,BD1982
13671,Circuits and Brains
13672,Arcade Ninja
13673,Kevowah
13674,Sagittaire
13675,Deville
13676,Yura African
13677,SUPERCAT64 ビンクス猫 & Jansport George
13678,The Iron Curtain
13679,Stereo Memories
13680,Billy Marchiafava
13681,Rngd
13682,Boys Town Gang
13683,Emerald Web
13684,Chasing8
13685,Jose Del Pozo
13686,Gotye & Joy Orbison
13687,Shirley Adamson
13688,Edmar Silva
13689,STONE
13690,Tracey Thorn
13691,NEONKNIGHT
13692,No.oN
13693,Sox
13694,Laps
13695,The Swedish Railway Orchestra
13696,Jack5on
13697,beans vii
13698,Rebel Sole
13699,Profile25
13700,1982 (diecinueve ochenta y dos)
13701,Torii Wolf & FWD The Man
13702,Vena
13703,Exodus (1982)
13704,Carmody
13705,Roderick Karv
13706,Bitley
13707,Apostrophe
13708,Conrad Schnitzler & Dompteur Mooner
13709,Severed Heads
13710,"Horizons 1982, Tyconic & Sleepless-Nights"
13711,Sandor Gavin & Horizons 1982
13712,LVCRFT
13713,Moev
13714,Modern Art
13715,Horizons 1982
13716,John Bergin
13717,Derun & Ldrdo
13718,Henry Saiz
13719,TrialCore
13720,Simina Grigoriu
13721,Silvio Soul
13722,DuoScience
13723,Tony Mayoral
13724,Dazzo
13725,Kaiser Souzai
13726,Juan M
13727,Dero
13728,Rory Phillips
13729,Mogadishu Night Club
13730,Mathias Kaden
13731,XIV Louis
13732,Brian Hensley
13733,Nimoy
13734,Under Break
13735,Melodiqa
13736,DDV
13737,Pepo Galan
13738,A1bert
13739,Rafael Osmo
13740,Modular Project
13741,Ansuz Groove
13742,Taylhardat
13743,Dark Helmet
13744,"MELON, RobxDan & Dance Fruits Music"
13745,Mario Góngora
13746,Side Car NY
13747,Alex Spadoni
13748,P.run
13749,Neel V
13750,Lune & Metric System 1981
13751,Will Sparks & Joel Fletcher
13752,Lantz Robinson
13753,Katapult
13754,Trisomie 21
13755,Cristian Marconi
13756,Tomix
13757,Korablove
13758,Galun
13759,Jindřich Parma
13760,Zzyzx
13761,Acid Youth
13762,Slamo
13763,Berserk In A Hayfield
13764,Cluster
13765,Chris & Cosey
13766,David Howell
13767,Decibel Jezebel
13768,The Neon Judgement
13769,Purple Disco Machine & Stars On 45
13770,Jet Hammer
13771,Ryo Nakamura + Avant-Futura
13772,Manuel Chico
13773,Blue Lemon
13774,Electric Gang
13775,Don Dellpiero
13776,Esplendor Geometrico
13777,Shygirl
13778,TLooP
13779,Der Blaue Reiter
13780,"Brian Eno, Dieter Moebius & Hans-Joachim Roedelius"
13781,Boris Dzaneck
13782,Shere Fraser & Metric System 1981
13783,Edoardo Gastaldi & Metric System 1981
13784,Suicide Dada
13785,Benge
13786,Spike Galarraga
13787,Deep Space Divers
13788,Dom Beck
13789,James Bacon
13790,Edjan
13791,Onpa Tokyo
13792,Ryan T. James
13793,リアムMAZE1981
13794,Jane
13795,The Monochrome Set
13796,Casino Gold
13797,Bill Laswell
13798,Fantastic Something
13799,Utopia Production
13800,White Mango
13801,Katie Melua
13802,Little Feat
13803,Blue Cheer
13804,Bob Weir
13805,Los Campesinos!
13806,The Features
13807,Bile
13808,James Cotton
13809,The Teskey Brothers
13810,Fenton Robinson
13811,Fatblock & Stefano Cristiano
13812,Alex Joseph Grayson & Parade Cast
13813,"Duke Dumont, Abel Balder & ANOTR"
13814,Still Corners
13815,Dylan Taganas
13816,Canned Heat
13817,LE SSERAFIM
13818,Blues club
13819,Blue Wednesday
13820,Painè
13821,NOBODY
13822,"Proxy, Shaun Ross & Duke Dumont"
13823,Glare
13824,Rayzd
13825,Marc Molina
13826,Goal Horns
13827,Marcus King
13828,Zdzisława Sośnicka
13829,Kissamilé
13830,deja blue
13831,David Guetta & Benny Benassi
13832,"Heimanu, Hex Cougar & Benny Benassi"
13833,Shizuko Kasagi
13834,"Patrice Roberts, Problem Child & Super Blue"
13835,Lead Belly
13836,The Maine
13837,"The Biz, Benny Benassi & Teriyaki Boyz"
13838,flumpool
13839,The Viagrass
13840,Blue Foundation
13841,The Good-Bye
13842,Randall King
13843,The Biz & Benny Benassi
13844,Yang Da Il
13845,Robert Horwitz
13846,Holly Cole
13847,Elias Hulk
13848,Brown Coconut
13849,Big Mama Thornton
13850,Joe Strummer & Joe Strummer & The Mescaleros
13851,The Outlaws
13852,Blind Lemon Jefferson
13853,Kung Fu Masters
13854,Kokomo Arnold
13855,Hanoi Rocks
13856,"Trinidad Cardona, Davido & AISHA"
13857,Charles Hörnemann
13858,Blue Wednesday & juniorodeo
13859,800 Cherries
13860,Evan Alonzo
13861,Soccer Mommy
13862,Buddy Guy
13863,Senri Oe
13864,Rufus Thomas
13865,The Blue Stones
13866,"Madoc, Aditya A, Dikshant, Deepak Rathore Project, Mitraz, OAFF, Savera, Anumita Nadesan, Deepanshu Raj, Pina Colada Blues, Ronit Vinta & KASYAP"
13867,Gold
13868,Carl Perkins
13869,Joe Bonamassa
13870,HYOLYN & CHANGMO
13871,TAEYEON
13872,Spectrum & Indelible Murtceps
13873,Ripoff Raskolnikov
13874,Johnnie Taylor
13875,Lo-Fang
13876,Junior Parker & His Blue Flames
13877,BTOB
13878,Howlin' Wolf
13879,The Prisonaires
13880,Left Lane Cruiser
13881,Colby James
13882,"David Guetta, The Biz & Benny Benassi"
13883,"J Balvin, Skrillex, The Biz & Benny Benassi"
13884,Hans Ehrlinger
13885,The Sunlight Shakers
13886,Art of Dysfunction
13887,T-Bone Walker
13888,R.L. Burnside
13889,Kaz Hawkins
13890,Brigitte Engerer
13891,Shaun Ross & Duke Dumont
13892,Guilherme Carvalho
13893,Dave Alvin & Phil Alvin & Phil Alvin
13894,"Billy ""The Kid"" Emerson"
13895,DRAIN
13896,Mat McHugh
13897,Doctor Ross
13898,Benny Benassi & Chasner
13899,Kasablanca
13900,Mark Knopfler
13901,Son House
13902,Jhené Aiko
13903,SZA
13904,The Weeknd & Gesaffelstein
13905,St. Vincent & Bon Iver
13906,BLACK CATS
13907,Shaye Cohn & Norbert Susemihl
13908,Sleepy John Estes
13909,The Bled
13910,Oxlade
13911,Snoh Aalegra
13912,Miley Cyrus & Billy Ray Cyrus
13913,Hazel Dickens & Alice Gerrard
13914,Kut Klose
13915,Majid Jordan & Drake
13916,Cynthia Erivo
13917,Geeshie Wiley and Elvie Thomas
13918,Dustin Lynch
13919,Walker Hayes
13920,Donna Summer
13921,"Bad Bunny, Prince Royce & J Balvin"
13922,Pip Millett & Mariah the Scientist
13923,Larry Coryell
13924,Morgan Wallen
13925,Elizabeth Nichols
13926,Forrest Frank
13927,Manu Carré Electric 5
13928,Scott Foster
13929,"Lunay, Ozuna & Anuel AA"
13930,Zoe Wees
13931,"Dalex, Lenny Tavárez & Chencho Corleone"
13932,Amanda Fish
13933,Manuel Turizo & Anuel AA
13934,"Dímelo Flow, Nicky Jam & Sech"
13935,Queen Naija
13936,Mahalia
13937,X Ambassadors
13938,Sadie Jean
13939,MAJOR.
13940,John Prine
13941,Al Stewart
13942,Ariel Camacho Y Los Plebes del Rancho
13943,Tom Walker
13944,Barclay James Harvest
13945,Dr John & Sonny Landreth
13946,Alex Rose
13947,Victor Thompson
13948,Ella Langley
13949,Dr John & Erja Lyytinen
13950,The Slow Death
13951,Nivel
13952,Rauw Alejandro & Nicky Jam
13953,"Darkiel, Eladio Carrión, Brray, Myke Towers & Yann'C"
13954,Summer Walker
13955,Hank Williams
13956,William Michael Morgan
13957,"Katie Ladner, Alice Lee, Jessica Keenan Wynn, Barrett Wilbert Weed & Elle McLemore"
13958,Toby Keith
13959,101 Strings Orchestra & Nelson Riddle
13960,Marianas Trench
13961,Kim Simmonds & Savoy Brown
13962,Chris Mazuera & Blue Wednesday
13963,Blue Wednesday & Shopan
13964,Joe Russo's Almost Dead
13965,Rikard From
13966,Tedeschi Trucks Band
13967,Charlie Patton's War
13968,Lyn
13969,The Dave Clark Five
13970,OnlyOneWaun
13971,The Human Project
13972,Reverend Tall Tree
13973,Super Blue
13974,Lee Sun Hee
13975,Faye Wong
13976,Afterschool
13977,The California Honeydrops
13978,Superstarb
13979,Amanda Lee
13980,Andrew Tan
13981,SEKAI NO OWARI
13982,ASMR BlueKatie
13983,Viaje a 800
13984,Chico Buarque & João Bosco
13985,Taken By Trees
13986,Chico Buarque
13987,Be Bop Deluxe
13988,Nazareth
13989,Kirinji
13990,The Texas Horns
13991,ROSÉ
13992,Southern All Stars
13993,Eladio Carrión & Sech
13994,Slick Rick & Doug E. Fresh
13995,Maverick City Music & Song House
13996,Vern Gosdin
13997,Elvis Presley & Kane Brown
13998,Billy Strings
13999,Green Blues Group
14000,Jacob Banks
14001,Bruce King
14002,Ten Years After
14003,Jesse & Joy
14004,Keith Emerson
14005,The Gifted Losers
14006,Doxx
14007,Ingrid Michaelson
14008,Illinois Jacquet
14009,Yoshifumi Ushima
14010,Chip Albright
14011,FATDADDY
14012,Keb' Mo'
14013,Art van Damme
14014,Chris Jagger's Atcha!
14015,Break the Tango Band
14016,The Reverend Shawn Amos & The Brotherhood
14017,J. Blackfoot
14018,"Jeter Jones, Sir Charles Jones & RnB Pooh"
14019,Belier
14020,Joe Cocker
14021,Bath Spa Relaxing Music Zone
14022,Atcha Acoustic
14023,"Ashnikko, Arcane & League of Legends Music"
14024,"Roi ""Chip"" Anthony"
14025,Shake Music TV
14026,Johan Paxom
14027,Brent Faiyaz
14028,Julia Michaels
14029,Coco Jones & Justin Timberlake
14030,Perdidos De Sinaloa
14031,Maddie Zahm
14032,Faouzia
14033,Otis Redding
14034,Nate Smith
14035,Lil' Nathan & The Zydeco Big Timers
14036,Vera Lynn
14037,Tyla
14038,KeyWii
14039,Sturgill Simpson
14040,Nao
14041,Orgy
14042,The Raconteurs
14043,Bo Diddley
14044,Sons of Legion
14045,Zach Top
14046,Beverly Kenney
14047,Manchester Orchestra
14048,Bert Jansch
14049,Paul McCartney & Stevie Wonder
14050,Los Diablos
14051,Hot Tuna
14052,City Lies
14053,김두수
14054,Bossanova Kyoudai
14055,Sanguine Hum
14056,Tedeschi Trucks Band & Leon Russell
14057,Double Trouble
14058,Stevie Wonder & Paul Shaffer and the Hall of Fame Orchestra
14059,Orchestra John Fiddy & John Fiddy
14060,Sponge & Blue Ventures
14061,The Jon Spencer Blues Explosion
14062,Machi No Ongakudan Dt Band
14063,"Zac Brown, Tom Morello, Jason Ricci & Paul Shaffer and the Hall of Fame Orchestra"
14064,Guadalupe Plata
14065,Ilan Bluestone
14066,Little Barrie
14067,Christon Gray
14068,Charlie Sayles
14069,Benny Benassi & Chris Nasty
14070,Stokoe
14071,The Jones
14072,Mikaela Stenmo
14073,ATFC & C+C Music Factory
14074,Blue Safety
14075,Honey Island Swamp Band & Jam In the Van
14076,Sonny Boy Williamson II & The Yardbirds
14077,Charlie Byrd
14078,Full Of Harmony
14079,The Duke's Men Of Yale
14080,Bad Company
14081,Blue Devils International Marching Corps
14082,Fatty Jones
14083,Top Secret Drum Corps & Blue Devils Drum Line
14084,"Andrew Duhon, Cathe Steele, Seth Walker & Will Kimbrough"
14085,Cimorelli
14086,Yes Fitness Music
14087,Iceage
14088,Amanda Blue
14089,Bill Swing
14090,Trocadero
14091,Keter Betts & Charlie Byrd
14092,Licana
14093,Ginny Byrd & Charlie Byrd
14094,Danny Gardner & Erin Mackey
14095,BUCK-TICK
14096,Kenny Burrell
14097,Lexington Lab Band
14098,"Chris Simmonds, Robert Glasper Experiment & Erykah Badu"
14099,Lloyd Paul
14100,Colin Langenus
14101,Daniel Caesar
14102,Jack Teagarden
14103,Ready for the World
14104,K CAMP & Jacquees
14105,Ronald Isley & The Isley Brothers
14106,Raheem DeVaughn
14107,Jimmy Dawkins
14108,Sam Most
14109,Ciara & Tyga
14110,Natural Child
14111,Marilyn Moore
14112,Deelee Dube
14113,Ralph Burns and His Ensemble
14114,Lightnin' Hopkins
14115,9
14116,JayDon
14117,Tamar Braxton
14118,Bud Freeman
14119,Tom Harrell
14120,Max Bennett Quintet
14121,Yamagami
14122,Bakerloo
14123,Fridayy & Chris Brown
14124,Maren Morris
14125,Lauren Crosby
14126,B.B. King
14127,"Warren Haynes, Gregg Allman, Derek Trucks, Susan Tedeschi, Devon Allman, Robert Randolph, Jimmy Hall, Sam Moore, Keb' Mo', Brantley Gilbert, Dr John, Pat Monahan, John Hiatt, Taj Mahal, Widespread Panic, Trace Adkins, Vince Gill, Martina McBride, Eric Church, Jackson Browne, Zac Brown & The Allman Brothers Band"
14128,Charlie Mariano
14129,Red Mitchell
14130,Pete Brown Sextet
14131,Prod.Krysis
14132,Traviezoz de la Zierra
14133,Betty Roché
14134,Tony Ortega
14135,"Gary Clark Jr., Booker T. Jones & John Mayer"
14136,Seaman Dan
14137,The Groundhogs
14138,The Australian All Stars
14139,Amos Milburn
14140,"Joe Bonamassa, Billy F Gibbons, Dusty Hill & Derek Trucks"
14141,Archie Roach
14142,Eric Johnson
14143,Vandal
14144,Benk
14145,Vice Neil
14146,Shawn James
14147,Ella Fitzgerald & Louis Jordan
14148,John Lee Hooker
14149,Jimmy McCracklin
14150,The Magic Band
14151,Miranda Vandor
14152,Sub Zero
14153,The Davis Sisters
14154,Datura Blues
14155,The Law
14156,Freddie King
14157,Dee Dee Ford
14158,Josh Blackburn
14159,Victoria Spivey
14160,Rev. J.M. Gates
14161,ЛихоЛесье
14162,Sevyn Streeter
14163,Collapsing Stars
14164,Tir Na Nog
14165,Justin Quiles
14166,Stretch
14167,Mary J. Blige & Lauryn Hill
14168,Junior
14169,Leon Laudenbach
14170,Red Bandana
14171,"The West Story Orchestra & Chorus, conducted by Johnny Green"
14172,Los Gemelos De Sinaloa
14173,Louisiana Red
14174,Pastor Mike Jr.
14175,Na Hoon-A
14176,The Be Good Tanyas
14177,Boo Hewerdine
14178,California King
14179,Kelly Rowland
14180,Trevor Daniel & Selena Gomez
14181,Johnny Trouble
14182,Fortran 5
14183,Keith John Felice
14184,Charley Patton
14185,NICO Touches the Walls
14186,SOJA
14187,Joel Grey
14188,Matt McAndrew
14189,Khalil Fong
14190,Kan Sano
14191,Pine Leaf Boys
14192,Sundance Head
14193,Kang Seung Mo
14194,Gaither & Dailey & Vincent
14195,Django's Castle
14196,Pere Soto
14197,Nat King Thomas mit den Boogaloo Bandits
14198,Syd Barrett
14199,The Hobo Nephews Of Uncle Frank
14200,Vegedream
14201,The Money Lady
14202,Danny Gilley
14203,Bobby Stonewall
14204,Nino Scarico
14205,Badfinger
14206,Next
14207,Daniel Powter
14208,Camila
14209,George Strait
14210,The Blues Brothers
14211,Blue Sky
14212,Oliver Anthony Music
14213,The Move
14214,"Del McCoury, Mac Wiseman, Tim O'Brien, Gillian Welch & David Rawlings"
14215,Keyshia Cole
14216,Brandy featuring Kanye West
14217,Big & Rich
14218,Cheri Dennis
14219,Cleo Sol
14220,Blue October
14221,Vaughan Mason & Crew
14222,The Bones of J.R. Jones
14223,White Zombie
14224,Ján Litecký-Šveda & Víťazný traktor
14225,Browning Bryant
14226,Yarbrough & Peoples
14227,Joe Public
14228,Lara & Reyes
14229,The Soaked Lamb
14230,Alexis Korner's Blues Incorporated
14231,Janet Jackson & Nelly
14232,Café Tacvba
14233,Russel Batiste & Friends
14234,Beyoncé & Stevie Wonder
14235,John Mayall & The Bluesbreakers
14236,Koichi Domoto
14237,Sir Richard Rodney Bennett
14238,Josh Weathers Band
14239,Silence
14240,Gregor Hilden
14241,Peter Green
14242,Teddy Swims & GIVĒON
14243,Ben Folds Five
14244,Joy Crookes
14245,Shinichi Mori
14246,Ray Charles & Norah Jones
14247,The Saints
14248,Alexandru Andries
14249,Sophie Breton
14250,Christian Knight
14251,加部正義
14252,Margot & The Nuclear So and So's
14253,Sevendust
14254,Quinn Sullivan
14255,Gomez
14256,Woods of Ypres
14257,Jeff Healey
14258,Virgin Prunes
14259,Thorbjørn Risager
14260,The Ratchets
14261,Diddy
14262,Blue
14263,Suburbian
14264,BUMP OF CHICKEN
14265,Kevn Kinney
14266,Flickerstick
14267,Wu Bai & China Blue
14268,"CAB, SLANDER, blackbear & Bring Me The Horizon"
14269,Frank Marino
14270,Soledad Brothers
14271,The Guess Who
14272,Nara Lisbôa
14273,Emmavie
14274,Donna Summer & Barbra Streisand
14275,RED WARRIORS
14276,Edgar Winter
14277,Helen Shapiro
14278,Taj Mahal
14279,Jackson Taylor Band
14280,Mike Clark Jr
14281,Woosly
14282,Terry Reid
14283,Arthur Young
14284,Stoney B Blues & Grampa Elliott
14285,Jason Petty & 'Hank Williams: Lost Highway' 2003 Cast
14286,almost real.
14287,Greg Brown
14288,Blue Ventures (feat. Sanell Dempster)
14289,David Sylvian
14290,Seán Keane
14291,Too Slim & The Taildraggers
14292,Filip Jers
14293,Presuntos Implicados
14294,Nolan Leite
14295,Peter & Gordon
14296,The Original Brothers
14297,Ernie K-Doe
14298,Jake Elwood Blues Band & Jake Elwood
14299,Nitty Gritty Dirt Band
14300,Beyoncé & Bilal
14301,Lothar Kosse
14302,Mike Sunderland
14303,Blue Mash
14304,Kevin Over
14305,Jacob Holm Trio
14306,Tough Stuff
14307,Yung Lean & FKA twigs
14308,The Blue Ventures
14309,Les Brown & Les Brown & His Band of Renown
14310,"Al Kooper, Mike Bloomfield & Stephen Stills"
14311,The Frogs
14312,Audy
14313,Theodis Ealey
14314,swan•seas
14315,Ash Grunwald
14316,John Butler Trio
14317,Princeton Roaring 20
14318,Kim Hopper
14319,Benny Spellman
14320,Blue Ventures Feat. Sanell Dampster
14321,Bill & Gloria Gaither
14322,Doc Watson
14323,The Soloists of the NDR Big Band
14324,Babbie Mason
14325,Sherman Andrus
14326,Mark Lanegan
14327,Jessy Dixon
14328,Killwhitneydead
14329,Sue Dodge
14330,Delaney & Bonnie
14331,Jake Hess
14332,The Booth Brothers
14333,Joy Gardner
14334,Woody Wright
14335,System F
14336,Karen Peck & New River
14337,Paul Lamb & The King Snakes
14338,Foghorn String Band
14339,Alicia Williamson
14340,Anees
14341,The Martins
14342,The Isaacs
14343,Fritz Munzer Sound Express
14344,Janet Paschal
14345,Deadbeat
14346,Mario Pelchat
14347,The Florida Boys
14348,Memphis Jug Band
14349,Chris Bell & 100% Blues
14350,Jackson C. Frank
14351,Filip Jers & Svante Sjöblom
14352,"Joerg Widmoser, Hajo Hoffmann"
14353,Sunshine Anderson
14354,Joerg Widmoser & Hajo Hoffmann
14355,Jaheim
14356,The Wailers
14357,Merle Haggard & The Strangers
14358,Pink Cloud
14359,DEAN
14360,Island of Love
14361,David Palau
14362,Reverend Tor Band
14363,Sonny Robertson
14364,Benny Benassi & The Biz
14365,Tanya Stephens
14366,The Kooks
14367,Califone
14368,Kenyon Dixon
14369,Di Anne Price and Her Boyfriends
14370,Greg Hines
14371,Grinderman
14372,"John Goodman, Dan Aykroyd & The Blues Brothers"
14373,Westernhagen
14374,Defeater
14375,"The Blues Brothers, John Goodman, Paul Shaffer, Dan Aykroyd, Erykah Badu & Joe Morton"
14376,The Blues Brothers & Louisiana Gator Boys
14377,"Eddie Floyd, Wilson Pickett, Jonny Lang & The Blues Brothers"
14378,The Blues Brothers & Aretha Franklin
14379,"Sharon Riley, The Faith Chorale, Taj Mahal, Sam Moore & Joe Morton"
14380,"Joe Morton, The Blues Brothers, John Goodman, Dan Aykroyd & J. Evan Bonifant"
14381,Ikimonogakari
14382,Louisiana Gator Boys
14383,The Blue Van
14384,"The Blues Brothers, Junior Wells, Dan Aykroyd & Lonnie Brooks"
14385,The Blues Brothers & Dr John
14386,"Matt ""Guitar"" Murphy"
14387,The Drones
14388,Big Bad Voodoo Daddy
14389,John Popper
14390,The Carl Lafong Trio
14391,"Young Jonn, Asake & Focalistic"
14392,Eric Paslay
14393,Shorty Yuan & Daikyu Wu
14394,Moto Boy
14395,Wu Bai
14396,Point of Grace
14397,Mojo Blues Band
14398,Blue Bird Flying Fish
14399,Ottmar Liebert
14400,Randy Woodman
14401,Passengers
14402,Violent Blue
14403,Chuck Roberson
14404,Canibus
14405,Death Before Dishonor
14406,Victor Internet
14407,John Hiatt
14408,Russell Dickerson
14409,Brother Yusef
14410,Hi-Five
14411,Love Sculpture
14412,Cora Mae Bryant
14413,Leon Thomas & Halle
14414,Joshua Edelman & Antonio Serrano
14415,Matthew Kalyani
14416,Hasil Adkins
14417,Sebastián Yatra & Ricky Martin
14418,Tom Rush
14419,The Drifters
14420,Ricky Martin & Christian Nodal
14421,1999 WRITE THE FUTURE & Dumbfoundead
14422,Craig David
14423,David Gilmour
14424,Temu
14425,Xscape
14426,Case & Joe
14427,Nat Gonella
14428,ARCHIMEDE
14429,Shania Twain & BRELAND
14430,Indigenous
14431,"Taj Mahal, Elvin Bishop & Boz Scaggs"
14432,Braxton Cook
14433,B.W. Stevenson
14434,The Staple Singers
14435,Screamin' Jay Hawkins
14436,American Devil Sound
14437,Martin Zellar
14438,Nic Dean
14439,Allure
14440,Jarek Smietana
14441,Odetta
14442,Ronnie Lane
14443,Latimore
14444,Gov't Mule
14445,Doc Watson & David Grisman
14446,Tampa Red
14447,ManmadeScience
14448,Mark Silver
14449,Ike & Tina Turner
14450,Manta Ray
14451,Jim Stephens
14452,LeeHi
14453,Bassholes
14454,Мама не узнает
14455,Scarecrows Bones
14456,Merle Haggard
14457,Mion Kyree
14458,Reverend Gary Davis
14459,Sonny Boy Williamson I
14460,Acid Bath
14461,Molly Hatchet
14462,Dave Alvin & The Guilty Men
14463,Ricky Nelson
14464,Aleksey Kuznetsov
14465,Deep Blue Something
14466,Jack Mack & The Heart Attack
14467,Adina Howard
14468,Groove Theory
14469,Ram Jam
14470,Intro
14471,Dinah Shore & Red Norvo's Nine
14472,Radio Birdman
14473,The John Barry Seven and Orchestra
14474,Stan Kenton & Frank Rosolino
14475,Jefferson Starship
14476,Eric Lindell
14477,Delta Cross Band
14478,vunes
14479,Tambo
14480,Skip James
14481,WT Newton
14482,"B.B. King & Bobby ""Blue"" Bland"
14483,B.B. King & The Crusaders
14484,The Crusaders & B.B. King
14485,Memphis La Blusera
14486,Kid Dee
14487,Zé Renato & João Carlos Assis Brasil
14488,Cyril Neville
14489,Mountain
14490,Count Basie and His Orchestra & Joe Williams
14491,The Daphne Blue
14492,Kali Uchis & Mariah the Scientist
14493,Queen Naija & Mariah the Scientist
14494,Vivian Green
14495,The Odd Cases
14496,Coleman Hawkins & Tony Scott and the All Stars
14497,Martin Cilia
14498,DRAMA
14499,Beth Hart and the Ocean of Souls
14500,BEGIN
14501,THE TREES
14502,Mr. Sipp
14503,Los Pechichones
14504,Diomedes Díaz & Gonzalo Arturo Molina
14505,Miguel Herrera & Manuel Villa
14506,"Poncho Zuleta, Diomedes Díaz & Juancho Rois"
14507,Alberto Gutíerrez & Oscar Bonilla
14508,Los Hermanos Zuleta
14509,Otto Serge & Rafael Ricardo
14510,Robben Ford & The Blue Line
14511,Los Muchachos
14512,Roger Allam & Jeanette Ranger
14513,BAHO
14514,Mel Blue
14515,Carlos Malo & Cocha Molina
14516,Yaya Onka
14517,stream_error
14518,"Bobby ""Blue"" Bland"
14519,Today
14520,DubbalifE
14521,The Sensational Guitars of Dan and Dale & Sun Ra & The Blues Project
14522,Albert Collins
14523,Bruce Springsteen & Axl Rose
14524,Indigo Girls
14525,Diomedes Díaz & Juancho Rois
14526,The Moody Blues & Colorado Symphony Orchestra
14527,"Mamie Duncan-Gibbs, Stephanie Pope & Allison Williams"
14528,Gregory Hines & Tonya Pinkins
14529,Camus
14530,Bebetto & Gustavo Osorio
14531,Miguel Montalban
14532,The Moody Blues & Colorado Symphony
14533,SHOW-YA
14534,Isaac Hayes & David Porter
14535,Tavern Tan
14536,Masayuki Suzuki
14537,Ryan Ramadhan
14538,"Johnny Cash, Roy Orbison, Jerry Lee Lewis & Carl Perkins"
14539,Buddy Guy & Junior Wells
14540,Karaoké Playback Français
14541,Normani
14542,SWV & Babyface
14543,Tracy Byrd
14544,Jonny Lang
14545,R. Kelly & Public Announcement
14546,H-Town
14547,For Real
14548,Billy Ray Cyrus
14549,L.A. Guns
14550,"Mick Fleetwood, B.B. King & Stevie Nicks"
14551,Herbert Greene & The Russians
14552,The Supremes
14553,Michael Damian
14554,The Blue Book Project
14555,J.J. Cale
14556,"James Naughton, Jim Pugh, City of Angels Orchestra & Gordon Lowry Harrell"
14557,Lurrie Bell
14558,Eddy Clearwater
14559,Guy
14560,Keith Whitley
14561,"Stéphane Grappelli, Yehudi Menuhin, John Etheridge, Jan Blok & Pierre Michelot"
14562,Rick James
14563,Moby featuring Patti LaBelle
14564,Red Dog Guitars
14565,Eric Clapton & Steve Winwood
14566,Pokey Bear
14567,El DeBarge
14568,Bette Midler
14569,Orchestra Eleni Karaindrou
14570,Brunning Sunflower Blues Band
14571,Earley Boy William
14572,GhostChords Music
14573,Niels Foss' Shortwave Band
14574,Richard Groulx
14575,Philip Bailey & Phil Collins
14576,The System
14577,Peder Af Ugglas
14578,Jerry Garcia Acoustic Band
14579,Jessie J
14580,Joe Kafka
14581,"Albert Collins, Elisabeth Shue, Maia Brewton, Keith Coogan & Anthony Rapp"
14582,Robert Cray
14583,Johnny Winter
14584,Bob Dylan & Grateful Dead
14585,Johnny Copeland
14586,Long John Baldry
14587,John Fahey
14588,Gerard & Omega Band
14589,Bill Medley & Jennifer Warnes
14590,Clifton Chenier
14591,U.K. Subs
14592,Shione Yukawa
14593,John Trudell & Jesse Ed Davis
14594,Billy Soul Bonds
14595,Chlöe & Chris Brown
14596,"Juls, Tay Iwar & p-rallel"
14597,Isley Jasper Isley
14598,Mel McDaniel
14599,Otis Spann
14600,The Power Station
14601,Buster Benton
14602,"Vague Detail, Kaleem Taylor & The Code"
14603,Blood on the Saddle
14604,"""Weird Al"" Yankovic"
14605,jonatan leandoer96
14606,AcquiredTaste
14607,Fairy Tale Show
14608,Ian Moore
14609,Reggae Melody
14610,Mandy Patinkin
14611,"Nicolas ""Colacho"" Mendoza & Silvio Brito"
14612,Black Sabbath & Ozzy Osbourne
14613,A.C. Reed & Maurice John Vaughn
14614,Rory Gallagher
14615,Byther Smith & Larry Davis
14616,"Raul ""Chiche"" Martinez & Miguel Herrera"
14617,Soler
14618,Marcos Diaz & Jesualdo Bolaños
14619,Rick Danko & Richard Manuel
14620,Flipper
14621,Red Soul Fever
14622,"Clarence ""Gatemouth"" Brown"
14623,Follies Ensemble (1985) & Arthur Rubin
14624,Pete Townshend
14625,"Florence Quivar, James Levine, The Metropolitan Opera Orchestra & The Metropolitan Opera Chorus"
14626,Anderson Matthews & Henry Stram
14627,Ian Noe
14628,The Fontaines
14629,Gladys Knight & The Pips
14630,Komodor
14631,Z.Z. Hill
14632,Geoff Castellucci
14633,BLACK JACK RAVEN
14634,The Neville Brothers
14635,Donald Harrison Jr.
14636,Mia Z
14637,Baya$
14638,Val Hill
14639,Danny Johnson Band
14640,Carol Sloman
14641,Diomedes Díaz & Colacho Mendoza
14642,Marché Noir
14643,Reuben Wilson
14644,Katie Thompson
14645,Césped
14646,"John ""Mad Dog"" Watkins"
14647,"Holly Near, Arlo Guthrie, Ronnie Gilbert & Pete Seeger"
14648,Clutch
14649,Austin Lounge Lizards
14650,Elvis Costello
14651,Pig Destroyer
14652,Sachet Tandon & Parampara Tandon
14653,Gregg Allman Band
14654,Junior Wells & Buddy Guy
14655,Henry Gray
14656,Junior Parker
14657,Flat Duo Jets
14658,Los Betos
14659,Michael Longo
14660,J.B. Hutto
14661,Louis Armstrong & Bob Haggart
14662,Bob Haggart & Louis Armstrong
14663,Freedom Haze
14664,Albert Collins & The Icebreakers
14665,Alex Arcocha
14666,Eric Steckel
14667,Red Allen featuring Frank Wakefield
14668,The Animals
14669,Lone Justice
14670,Piero Umiliani
14671,Bob Peace
14672,The Gregg Allman Band
14673,La Guardia
14674,Vertigo Blue TM
14675,John Hammond
14676,Dorothy Norwood
14677,Strangejuice
14678,Randy California
14679,Rocky Zharp
14680,Cub Koda
14681,Tina Moore
14682,Day in the Life
14683,Benny Carter
14684,The Balfa Family
14685,David Bromberg Quartet
14686,The Robert Cray Band
14687,Climax Blues Band
14688,The J. Geils Band
14689,Eddie Rabbitt
14690,A LONE WOLF ELEGY CLUB
14691,Muddy Waters & The Rolling Stones
14692,"Joe Bonamassa, Michael McDonald, Susan Tedeschi & Derek Trucks"
14693,The Marshall Tucker Band
14694,Lee Clayton
14695,Jerry Garcia & Bob Weir
14696,The Great Unwashed
14697,Ernest Tubb & His Texas Troubadours
14698,David Grisman
14699,Trettioåriga Kriget
14700,The Nomads
14701,Linda Martell
14702,The Gun Club
14703,Redd Kross
14704,Blues Saraceno
14705,The Firebirds
14706,Country Joe McDonald
14707,Elvin Jones Jazz Machine
14708,Gene Ludwig & Hargus Robbins
14709,Mrblitz
14710,Art Pepper
14711,The John Renbourn Group
14712,Fall of Saigon
14713,the NoBS
14714,Ian Munsick
14715,Brett Eldredge
14716,Warren Zeiders & Sueco
14717,Drew Parker
14718,Warren Zeiders & Travis Barker
14719,Jessie James Decker & Billy Currington
14720,Michael Ray
14721,Tyler Braden
14722,Avery Anna
14723,Chase Matthew
14724,Trea Landon
14725,Chris Janson
14726,"Ashley McBryde, Caylee Hammack, Brandy Clark & Pillbox Patti"
14727,"Ashley McBryde, Caylee Hammack & Pillbox Patti"
14728,Tucker Beathard
14729,Robyn Ottolini
14730,Brittney Spencer
14731,Patrick Murphy
14732,Warren Zeiders
14733,Sam Barber
14734,Tanner Usrey
14735,Madeline Edwards
14736,Ashley McBryde
14737,Jordyn Shellhart
14738,Terri Gibbs
14739,Pecos & The Rooftops
14740,Marie Osmond
14741,Tyler Rich
14742,Nahko And Medicine For The People
14743,Lauren Alaina
14744,Riley Green
14745,Justin Moore & Priscilla Block
14746,Jackson Dean
14747,Conner Smith
14748,Rain Parade
14749,Justin Moore
14750,Midland & Jon Pardi
14751,Kidd G
14752,Eli Young Band
14753,Danielle Bradbery
14754,Lily Rose
14755,Shane Profitt
14756,Carly Pearce
14757,Crowder
14758,Jessie James Decker
14759,Redferrin
14760,Callista Clark
14761,49 Winchester
14762,Kylie Morgan
14763,Shy Carter
14764,Gary LeVox
14765,Mackenzie Carpenter
14766,Eli Young Band & Jimmy Buffett
14767,Tiera Kennedy
14768,Justin Moore & Riley Green
14769,Bartel Union
14770,Ian Munsick & Cody Johnson
14771,Jon Pardi
14772,Jordan Davis
14773,Carly Pearce & Lee Brice
14774,Brian Kelley
14775,Carly Pearce & Ashley McBryde
14776,Maddie & Tae
14777,Brothers Osborne
14778,Travis Denning
14779,Mickey Guyton
14780,James Barker Band
14781,HARDY & Lainey Wilson
14782,Lainey Wilson
14783,Tyler Hubbard
14784,Sierra Ferrell
14785,Frankie Ballard
14786,Danielle Bradbery & Thomas Rhett
14787,CreatiVets
14788,Noah Schnacky & Jimmie Allen
14789,Tim McGraw & Tyler Hubbard
14790,The Cadillac Three
14791,Jack Ingram
14792,Zac Brown Band & Blake Shelton
14793,Jeannie C. Riley
14794,Joe Ely
14795,Little Big Town
14796,Billy Currington
14797,Mo Pitney
14798,Scotty McCreery
14799,LANCO
14800,Rascal Flatts
14801,Carrie Underwood & Jason Aldean
14802,Jameson Rodgers
14803,"Diplo, Jessie Murph & Polo G"
14804,Matt Stell
14805,Waylon Jennings & Willie Nelson
14806,Anne Wilson
14807,Beyoncé & Miley Cyrus
14808,Morgan Wallen & ERNEST
14809,Craig Morgan
14810,Zach Williams
14811,Morgan Wallen & Eric Church
14812,Mitch Rossell
14813,Upchurch
14814,Payton Smith
14815,Tee Grizzley
14816,Morgan Wade
14817,"Diplo, Thomas Rhett & Young Thug"
14818,Colter Wall
14819,Dylan Scott
14820,Whiskey Country Band
14821,Texas Country Group
14822,Logan Crosby
14823,Tyler Farr
14824,Joe Nichols
14825,"Artists Of Then, Now & Forever"
14826,Jaron and the Long Road to Love
14827,"Marília Mendonça, Diego & Victor Hugo & Hugo & Guilherme"
14828,Josh Thompson
14829,Chase Bryant
14830,Acoustic Country Band
14831,Devin Dawson
14832,ERNEST
14833,LOCASH
14834,Jana Kramer
14835,Sara Evans
14836,Kelly Clarkson & Brett Eldredge
14837,Jackie Lee
14838,Racoma
14839,Brandi Carlile
14840,Mitchell Tenpenny
14841,Tim McGraw & Faith Hill
14842,Tracy Lawrence
14843,Zach Williams & Dolly Parton
14844,RaeLynn
14845,Randy Newman
14846,Chris Hawkey
14847,David Lee Murphy
14848,Rodney Atkins
14849,Country Hot 100
14850,Keith Urban & Miranda Lambert
14851,Randy Houser
14852,Blake Henderson
14853,Brooke Ligertwood & Brandon Lake
14854,Paul McCartney & Linda McCartney
14855,Hunter Hayes
14856,Jo Dee Messina
14857,Gretchen Wilson
14858,Chuck Wagon & The Wheels
14859,Runaway June
14860,Parmalee
14861,Gary Allan
14862,The Swon Brothers
14863,Steven Lee Olsen
14864,The JaneDear Girls
14865,Edens Edge
14866,Charlie Worsham
14867,Granger Smith
14868,Jason Eady
14869,Glen Campbell
14870,Avatar
14871,Muscadine Bloodline
14872,Dan + Shay & Justin Bieber
14873,Dallas Smith
14874,Gord Bamford
14875,Ashton Shepherd
14876,Trixie Mattel
14877,David Nail
14878,Julie Roberts
14879,Jamey Johnson
14880,Chris Cagle
14881,HIXTAPE & HARDY
14882,Kelly Clarkson & Reba McEntire
14883,Heartland
14884,Steve Holy
14885,Dylan Marlowe & Dylan Scott
14886,Kim Carnes
14887,Whiskey Myers
14888,Neal McCoy
14889,Parmalee & Blanco Brown
14890,Keith Urban & P!nk
14891,John Michael Montgomery
14892,Elmo & Patsy
14893,Nelly & Tim McGraw
14894,Pat Green
14895,The Albion Band
14896,Alison Krauss & Union Station
14897,Elevation Worship
14898,Buck Twenty
14899,Ryan Hurd
14900,Hillary Scott & The Scott Family
14901,Dasha
14902,Aaron Tippin
14903,Heidi Newfield
14904,City Of Enoch
14905,Jessica Andrews
14906,Alison Krauss
14907,Keith Anderson
14908,Mac McAnally & Kenny Chesney
14909,Lee Ann Womack
14910,Chad Brock
14911,Terri Clark
14912,Gloriana
14913,Chuck Wicks
14914,Steel Magnolia
14915,The Soggy Bottom Boys
14916,Bucky Covington
14917,Brad Paisley & Keith Urban
14918,Love and Theft
14919,Phil Vassar
14920,"Keith Jarrett, Jan Garbarek, Palle Danielsson & Jon Christensen"
14921,Cyndi Thomson
14922,SHeDAISY
14923,Tyler Hilton & Bethany Joy Lenz
14924,Ray LaMontagne
14925,Mark Wills
14926,Emerson Drive
14927,The Wilkinsons
14928,Will King
14929,Good Morning
14930,Porches
14931,Josh Holland Band
14932,Steen Rasmussen
14933,Senora May
14934,Clint Black & Lisa Hartman Black
14935,Dean Blunt
14936,Pete Yorn
14937,Samia
14938,Olan Mill
14939,Koshun Nakao
14940,Kelsea Ballerini & LANY
14941,Sawyer Brown
14942,Ronnie Milsap
14943,Tucker Wetmore
14944,Arna Georgia
14945,Alex Tulp
14946,Charley Crockett
14947,Little Texas
14948,Enrique Iglesias & Miranda Lambert
14949,Brewer & Shipley
14950,Hank Marvin
14951,Knightsbrige
14952,Aidan Canfield
14953,Tommy Sherman
14954,"Dolly Parton, Linda Ronstadt & Emmylou Harris"
14955,Linda Davis
14956,Vicki Lawrence
14957,BFM Hits
14958,Steve Wariner
14959,Apple Jack
14960,Pam Tillis
14961,David Lee Murphy & Kenny Chesney
14962,Michael Peterson
14963,Vince Gill
14964,The Oak Ridge Boys
14965,The Creekers
14966,Johnny Lee
14967,Bob Dylan & Johnny Cash
14968,Josh Gracin
14969,Turnpike Troubadours
14970,"HIXTAPE, David Lee Murphy & ERNEST"
14971,The Osborne Brothers
14972,Kathy Mattea
14973,Darryl Worley
14974,John Conlee
14975,Kris Kristofferson
14976,Tonic
14977,Clint Black
14978,Ricochet
14979,Mindy McCready
14980,Kim Janssen
14981,Ty Herndon
14982,for KING & COUNTRY & Dolly Parton
14983,"for KING & COUNTRY, Tori Kelly & Kirk Franklin"
14984,Sheryl Crow
14985,Sufjan Stevens
14986,for KING & COUNTRY & Echosmith
14987,Roger Miller
14988,Sugarplum Fairies
14989,Rhett Akins
14990,Kenny Rogers with Wynonna Judd
14991,James Bonamy
14992,Tyler Nance
14993,Rascal Flatts & Backstreet Boys
14994,Travis Mobley
14995,JD Darling
14996,Wade Hayes
14997,Cody Jinks
14998,Dylan Gossett
14999,Jeff Carson
15000,Lorrie Morgan
15001,Robert Earl Keen
15002,Shaboozey & Stephen Wilson Jr.
15003,Shenandoah
15004,Ashley Ryan
15005,Stephen Wilson Jr.
15006,Kip Moore
15007,Neftali Aguilar
15008,LeAnn Rimes & Reba McEntire
15009,John Morgan
15010,"Mark Chesnutt, Joe Diffie, T. Graham Brown, George Jones, Vince Gill, Patty Loveless, Garth Brooks, Clint Black, Alan Jackson, Travis Tritt & Pam Tillis"
15011,HIXTAPE & Joe Diffie
15012,Cowboys Undercover
15013,Mtm RARA
15014,Chuck Briseno
15015,George Birge
15016,Country Music Ensemble
15017,Kent Blazy & Garth Brooks
15018,Cracker
15019,Wyatt Flores
15020,Don Williams
15021,Gavin Adcock
15022,Kameron Marlowe
15023,Emmylou Harris & Don Williams
15024,Charles Brown & Bonnie Raitt
15025,"Joe Diffie, HIXTAPE, Morgan Wallen & HARDY"
15026,Carlene Carter
15027,Wynonna
15028,Vince Vance And The Valiants
15029,George Jones & Merle Haggard
15030,Tim McGraw & Tracy Lawrence
15031,Charlie Rich
15032,Gaither Vocal Band
15033,Briley King & The Marcus King Band
15034,The Shires
15035,Alex Hall
15036,Jennifer Hart
15037,Justin Hiltner
15038,The Creston Line
15039,Doug Boyd
15040,Lion or Gazelle
15041,Western Electric
15042,John Fogerty
15043,Ween
15044,Keven Landry
15045,Billy Joe Shaver
15046,Pure Prairie League
15047,Mac Powell
15048,Diamond Rio
15049,Michelle Moonshine
15050,Hal Ketchum
15051,Blind Faith
15052,Robbie Cavanagh
15053,Joseph David-Jones
15054,Global Stage Orchestra
15055,Blake & Yeekeng
15056,Moe Bandy
15057,Charlie Daniels
15058,Kinchafoonee Cowboys
15059,Toots & The Maytals
15060,Alabama
15061,Chris LeDoux & Garth Brooks
15062,Kevin Sharp
15063,Keith Whitley & Earl Thomas Conley
15064,Marty Stuart
15065,Chely Wright
15066,Restless Heart
15067,BlackHawk
15068,Pirates of the Mississippi
15069,Tony McKee
15070,Danny Ellison & West by East
15071,Restless Road
15072,Dolly Parton & Jimmy Fallon
15073,Dave Wilson
15074,Christian Kane
15075,Howie Askay
15076,Piti Fernández
15077,Michael Allen Walker
15078,Loner Deer
15079,Zane Ezra
15080,Lisa Gain & the Rusty Silos
15081,Kelsey Waldon
15082,Rich Brewer
15083,Sarah Tenant-Flowers & Harlow Chorus
15084,United States Marine Band
15085,Nanci Griffith
15086,Albert Lee & Vince Gill
15087,Tobacco Brown
15088,Jeanne Lamon & Tafelmusik
15089,Tennessee Ernie Ford
15090,Geroge Mcanthony
15091,Magdalen College Choir & John Harper
15092,"Clare College Singers, Clare College Orchestra, Cambridge, Jeremy Blandford & John Rutter"
15093,Jim Reeves
15094,Robert Haydon Clark & Consort Of London
15095,London Classical Players & Sir Roger Norrington
15096,Shane Thompson
15097,"Clare College Singers, Jeremy Blandford, Clare College Orchestra, Cambridge & John Rutter"
15098,Lucinda Williams
15099,"Simon Vaughan, Clare College Orchestra, Cambridge, Clare College Singers, Jeremy Blandford & John Rutter"
15100,Lambsbread
15101,"Clare College Singers, Clare College Orchestra, Cambridge & Jeremy Blandford"
15102,George McAnthony
15103,"Clare College Singers and Orchestra, Jeremy Blandford & John Rutter"
15104,The Good Luck Thrift Store Outfit
15105,Luke Hendrickson
15106,Jason W. Evans & Luke Hendrickson
15107,Matías Cena & Los Fictions
15108,Iron Horse
15109,Caleb and Kelsey
15110,99 West
15111,The Highwaymen
15112,Matt Howard
15113,Syn Johnson
15114,Music Travel Love
15115,Daniel Donato
15116,Brent Bowers
15117,Shane and the Open Field
15118,David Fanning
15119,George Fox
15120,"George Dvorsky, Louise Edeiken & New York Choral Artists"
15121,Hank Thompson
15122,"for KING & COUNTRY, Hillary Scott & Michael W. Smith"
15123,Webb Pierce
15124,Gib Guilbeau
15125,John Williamson
15126,Highwaymen
15127,Chuck Wimer
15128,Luke Olson
15129,Isaac Barrager
15130,The Forester Sisters
15131,The Judds
15132,The Effort
15133,Janie Fricke
15134,Charly McClain
15135,Conway Twitty
15136,Bellamy Brothers
15137,Waylon Wyatt
15138,Shane Smith & the Saints
15139,COUNTRY YARD
15140,The Statler Brothers
15141,Casey Donahew
15142,Rascal Flatts & Kelly Clarkson
15143,Willie Nelson & Norah Jones
15144,Elmore James
15145,Charlie Robison
15146,Thomas Mac
15147,Willie Dunn
15148,Lil Man J & That Mexican OT
15149,The Steel Woods
15150,Vince Gill & Dolly Parton
15151,Roxy Music
15152,David Crowder Band
15153,Lathan Warlick
15154,KAYKO
15155,Wade Bowen
15156,Sarah Jarosz
15157,Buck Owens
15158,Lyle Lovett
15159,Dom Ellis
15160,Cross Canadian Ragweed
15161,Cover Me Up Sessions
15162,Waylon Jennings
15163,Stoney LaRue
15164,for KING & COUNTRY & Michael W. Smith
15165,Lee Greenwood & Drew Jacobs
15166,Molotov Conspiracy
15167,Magnolia
15168,Home Free
15169,The Lees
15170,Dead Horses
15171,United States Navy Band's Country Current & Ralph Gambone
15172,The Union City All Stars
15173,Mekons
15174,MAYCE
15175,Chase McDaniel
15176,The Hellfire Club
15177,The Flutter and Wow
15178,The Arcadian Wild
15179,joel goldstein
15180,Ian Ballard
15181,Willow Avalon
15182,Cold Hart
15183,Bill Anderson
15184,A Thousand Horses
15185,Kalie Shorr
15186,Cameron Whitcomb
15187,Dan Gury
15188,Tom Russell
15189,Wyatt Flores & Jake Kohn
15190,The Great Outdoors
15191,Bob Kamler
15192,Ramblin' Boots
15193,Aaron Burch
15194,The Fifth Wheel
15195,Becca McCann & the Essies
15196,Russell and Hop
15197,Slow Autumn
15198,Chris King
15199,Billy Bragg
15200,Brandon Saller
15201,Rod(Lucky)Duckworth
15202,The Johnson Mountain Boys
15203,Randy Steele
15204,Big Country
15205,Archie Brown
15206,Hank29
15207,Superboy Deathskull
15208,Johnny Paycheck
15209,Jason and The Scorchers
15210,Jaclyn Bradley
15211,Memphis Rockabilly Band
15212,Charlie McCoy
15213,Devon Dahlin
15214,Clint Giesbrecht
15215,Aidan Beck
15216,Cody Winkler
15217,Jeff Kiehne
15218,Keith Schrenk
15219,wayne phillips
15220,Jeff Dold
15221,Janey Kirk
15222,Hans On The Bass
15223,Exile
15224,La Cross Country
15225,Hot-B
15226,Red Knuckles & The Trailblazers
15227,The Wiyos
15228,Jon Robert Quinn
15229,Roman Matovsky
15230,Bob Wallace
15231,Steelers
15232,Götz Alsmann
15233,Don Fardon
15234,Carrie Smith
15235,Ava Barber
15236,Gary Matthews
15237,The March Violets
15238,Warumpi Band
15239,The Farmers Boys
15240,Juice Newton
15241,England World Cup Squad 1982
15242,Jesse Stratton Band
15243,Josh Watts
15244,Great Plains
15245,Barnes Bar-B-Q
15246,Jerry Clower
15247,David DeBoy
15248,Clark Bentley
15249,Neil Ray
15250,Rod Hart
15251,Del Reeves
15252,Patti Page
15253,Harlow Wilcox & The Oakies
15254,C. Company
15255,The Flatlanders
15256,David Wilkins
15257,Marty Robbins & Marty Stuart
15258,Sleepy LaBeef
15259,Marcie Dickerson
15260,Steve Young
15261,Barbara Eden
15262,Johnny Credit
15263,Rusty Adams
15264,"Rex Allen, Jr."
15265,Wall Matthews
15266,Gordon Terry & The Tennessee Guitars
15267,Robbie Harden
15268,Jimmy C. Newman
15269,Dee Mullins
15270,Colonel Tex Herring
15271,Captain Beefheart
15272,Rita Remington
15273,Ray Pillow
15274,Sandy Cooper
15275,Hank Locklin
15276,Lois Ann Struck
15277,Leroy Van Dyke
15278,John Wesley Ryles
15279,Westmoreland
15280,Moon Martin
15281,Ben Davidson-Hewitt
15282,James O'Gwynn
15283,Charlie Walker
15284,Rufus Thibodeaux & The Cajun Brass
15285,Murry Kellum
15286,Bobby Hood
15287,Pancadão Reggae Music
15288,Sammy Johnson & Fiji
15289,Sammy Johnson & Tree
15290,Sammy Johnson
15291,Fiji & Collie Buddz
15292,Kes
15293,Skinny Fabulous
15294,The Movement & Collie Buddz
15295,Jhazzy Wolf
15296,Remi & SANANDREAS77
15297,Jeggezdon
15298,"1 Point, Kyro Matic & SHOTBYSAKU"
15299,"J Boog, The Green & Collie Buddz"
15300,Skinny Fabulous & Nailah Blackman
15301,Cuba Net
15302,Patrice Roberts & Machel Montano
15303,Amari
15304,"Kes, Tano & KES the Band"
15305,Loyal Doblef
15306,Mihali & Collie Buddz
15307,"Tempa, Patrice Roberts & XplicitMevon"
15308,Sammy Johnson & Melaniie
15309,Little Stranger & Collie Buddz
15310,Mical Teja
15311,Busy Signal & Collie Buddz
15312,Farmer Nappy & Christopher Martin
15313,Dexta Daps
15314,Machel Montano
15315,DJ Private Ryan & Nessa Preppy
15316,Claire Wright & Collie Buddz
15317,Machel Montano & Destra
15318,Hey Choppi
15319,DJ Private Ryan & Sekon Sta
15320,"Kes, Patrice Roberts & Jonny Blaze"
15321,Gondwana & Collie Buddz
15322,Fay-Ann Lyons
15323,"Voice, LIL NATTY & THUNDA"
15324,Khalia & Collie Buddz
15325,"Ravi B, Tempa & Travis World"
15326,"Eli-Mac, Inna Vision & Collie Buddz"
15327,Preedy
15328,Mical Teja & Freetown Collective
15329,Mike Love & Collie Buddz
15330,SOJA & Collie Buddz
15331,Johnny Yen Bang!
15332,Teddyson John
15333,Kranium
15334,"Iya Terra, Dub Inc & Collie Buddz"
15335,DJ CHEEM
15336,"Lyrikal, LIL NATTY & THUNDA"
15337,"Machel Montano, Voice & Agent Sasco (Assassin)"
15338,Dispatch & Collie Buddz
15339,Kernal Roberts
15340,The Expendables & Collie Buddz
15341,Esron Y. Spielberg
15342,Cydeways & Collie Buddz
15343,"Hugh Masekela, Machel Montano & Siparia Deltones"
15344,Irie Souljah & Collie Buddz
15345,"Demarco, Nadia Batson & Stadic & Jonny Blaze"
15346,Lyrikal
15347,"Jus Jay King, Problem Child & Nelieux"
15348,Hector Roots Lewis & Collie Buddz
15349,Sara Lugo & Collie Buddz
15350,Chaka Demus & Pliers
15351,Jackie Beatz
15352,Quevedo & Myke Towers
15353,Anthony B & Collie Buddz
15354,Luciano & Collie Buddz
15355,Dj Spider & Gbmnutron
15356,"J Perry, Michaël Brun & Kes"
15357,Anitta
15358,DJ Puffy
15359,Jimmy October
15360,MOVA Records & Ponaflex
15361,Londra
15362,"JHAYCO, J Balvin & Bad Bunny"
15363,Sean
15364,Vibez Productionz & Ezra D’ FunMachine
15365,Tano & Kes
15366,Salt
15367,MOVA Records & Jadel
15368,Olatunji
15369,Rome
15370,"Sekon Sta, A7, King Bubba FM & Peter Ram"
15371,Grateful Co & Saddis
15372,Farmer Nappy
15373,Maria Becerra
15374,Patrice Roberts
15375,Bob Marley
15376,Sugarshack Sessions & Algorhythm
15377,Hypasounds
15378,Problem Child
15379,Dan Evens & Hypasounds
15380,Freetown Collective & Mical Teja
15381,"MOVA Records, Abdiel & Jza King"
15382,Alison Hinds & Patrice Roberts
15383,Barrington Levy & Irie Ites
15384,Yannick Hooper
15385,Adam O & Salty
15386,Machel Montano & Kes
15387,Lenny Tavárez
15388,Kennie Montana & Viking Ding Dong
15389,MOVA Records & Soca Dre
15390,Coopa Dan
15391,Dj Spider & Scrilla
15392,LIL RICK & Skinny Fabulous
15393,Shemmy J
15394,Ponaflex & Nadia Batson
15395,Skinny Fabulous & Bunji Garlin
15396,Nailah Blackman
15397,Holla H'c
15398,Voice & Alison Hinds
15399,Shal Marshall & Problem Child
15400,Mr. Vegas
15401,Ricky T
15402,Timaya
15403,MOVA Records & Big Vybe
15404,Sugarshack Sessions & Mihali
15405,Imani Ray & Patrice Roberts
15406,Voice
15407,Sugarshack Sessions & Artikal Sound System
15408,TEMPA
15409,"Ragga Ross, Mikey Mercer, Green Shanti Productions & Red the Artist"
15410,"Rhea Layne, Ragga Ross, Green Shanti Productions & Faith Callender"
15411,"NIKITA, Grateful Co, Shaquille Gfg, Ragga Ross & Green Shanti Productions"
15412,Gbmnutron
15413,V'ghn
15414,"Leadpipe, Saddis, Ragga Ross & Green Shanti Productions"
15415,"Skinny Fabulous, Asa Bantan & Mr Killa"
15416,King Bubba FM
15417,DJ HBK RoseGold
15418,Marlo Benn
15419,Sk
15420,Nadia Batson & Romain Virgo
15421,Suhrawh & Problem Child
15422,Quan de Artist
15423,Problem Child & Sekon Sta
15424,Terra D Governor & Jab King
15425,Placebo
15426,"Lyrikal, LIL NATTY & Thunda"
15427,UBevents246
15428,Kelly J
15429,Sugarshack Sessions & F.Y.A.H.
15430,Sig Ragga
15431,Brandan Duke
15432,Mical Teja & V'ghn
15433,Ezra D'FunMachine
15434,Sugarshack Sessions & Dry Reef
15435,Byron Messia & Burna Boy
15436,YG Marley
15437,KAROL G & Anuel AA
15438,Skillibeng
15439,Stick Figure
15440,Império do Som de Teresina
15441,Valiant
15442,Spice
15443,"Daddy Yankee, Lil Jon, Noriega & Pitbull"
15444,"El Alfa, Farruko & Myke Towers"
15445,Las Ketchup
15446,Rick Astley
15447,Sean Paul & Beres Hammond
15448,Chyno Miranda
15449,"Pitbull, Daddy Yankee & NATTI NATASHA"
15450,Chronic Law
15451,The Marley Brothers
15452,"Pinto ""Wahin"" & DJ Ricky Luna"
15453,IAmChino
15454,Kerwin Du Bois
15455,Sublime With Rome
15456,Chocolate Mc
15457,Culture
15458,El Taiger & El Happy
15459,KES & Patrice Roberts
15460,Chocolate Mc & Lenier
15461,Alkaline
15462,Gente de Zona & Maffio
15463,Fadda Fox
15464,DMP & Konshens
15465,"El Taiger, Dj Conds & El brujo music"
15466,Vybz Kartel & Birchill
15467,Black Uhuru
15468,El Chulo
15469,Gente de Zona
15470,Jacob Forever
15471,Mical Teja & Nailah Blackman
15472,El Taiger & Dj Conds
15473,Bad Bunny & Omega
15474,"El Chulo, El Kamel & EL Bacoco"
15475,Machel Montano & Problem Child
15476,Dj Conds & El Taiger
15477,Shane E
15478,Wildey & Yomil y El Dany
15479,Anuel AA & KAROL G
15480,Kerwin Du Bois & Precision Productions
15481,pereiranboy & The Mastersound
15482,"Travis World, Dan Evens & Patrice Roberts"
15483,Marcia Griffiths
15484,"Lyrikal, Millbeatz & Patrice Roberts"
15485,KES & Nailah Blackman
15486,"El Kimiko y Yordy, Michel Boutic & EL YORDY DK"
15487,Blaxx & Linky First
15488,BNXN & Pheelz
15489,Boyzie
15490,Vybz Kartel & Popcaan
15491,Vybz Kartel & Gaza Slim
15492,Yomil y El Dany
15493,Wayne Smith
15494,Lyrikal & Nadia Batson
15495,Nadia Batson
15496,"Nation Boss, Troublemekka & Chronic Law"
15497,Gbmnutron & Jaiga
15498,DJ Private Ryan & Erphaan Alves
15499,Jadel
15500,"El Taiger, Dj Conds & El Brujo"
15501,Edson Gomes
15502,Kapena
15503,Viking Ding Dong
15504,Los 4
15505,"El Kimiko y Yordy, Divan & EL YORDY DK"
15506,DEV & Precision Productions
15507,Kranium & Chronic Law
15508,Sackie & System32
15509,Desmond Dekker & The Aces
15510,FISHER & Bob Sinclar
15511,Frankie Paul
15512,Salty & Travis World
15513,Mohombi
15514,DJ Private Ryan & Terri Lyons
15515,Bounty Killer
15516,Umpa
15517,Talison Ruan
15518,Jey One
15519,Weyreyfearson
15520,I Wayne
15521,Notch
15522,Mavado
15523,RDX
15524,Ding Dong
15525,Cham
15526,Adam O
15527,T.O.K
15528,Konshens & Collie Buddz
15529,Jaiga TC
15530,Javrell
15531,Wetty Beatz
15532,Cryave & V'ghn
15533,"Kabaka Pyramid, Collie Buddz & MediSun"
15534,Don Iko & Nadia Batson
15535,Vana Liya & Collie Buddz
15536,Angel y Khriz
15537,Don Iko & Lyrikal
15538,King Bubba FM & Problem Child
15539,MistaRoots & Ricardo Drue
15540,Milko
15541,Fia & Collie Buddz
15542,Swappi
15543,Iration & Collie Buddz
15544,Berettoni Sound
15545,Aaron Duncan
15546,Dil E Nadan & Raymond Ramnarine
15547,"Rvssian, Skillibeng & Nigy Boy"
15548,Nailah Blackman & Sammy Jo
15549,Kolohe Kai & Collie Buddz
15550,Through the Roots & Collie Buddz
15551,"XplicitMevon, Preedy & The KVG"
15552,"Don Iko, Farmer Nappy & Machel Montano"
15553,Nessa Preppy
15554,Demarco & Collie Buddz
15555,Artikal Sound System & Collie Buddz
15556,Surfer Girl & Collie Buddz
15557,I Nkujah
15558,KBong & Collie Buddz
15559,Afrobeat Dancehall & Afrobeats
15560,Shaneil Muir & Shab Don
15561,Groundation & Collie Buddz
15562,El Taiger & Gente de Zona
15563,"Bunji Garlin, XplicitMevon & N.M.G Music"
15564,Ballyhoo! & Collie Buddz
15565,"Kes, Tano & Full Blown"
15566,"El Taiger, Harryson & DJ Unic"
15567,Alborosie & Collie Buddz
15568,DJ Private Ryan & Preedy
15569,Passafire & Collie Buddz
15570,"Kes, Etienne Charles & Laventille Riddim Section"
15571,DJ Private Ryan & Kes
15572,DMP & Collie Buddz
15573,Osmani Garcia
15574,Icee Dan
15575,"Teddy Rhymez, The KVG & XplicitMevon"
15576,Stephen Marley
15577,Laa Lee
15578,Naâman & Collie Buddz
15579,Freetown Collective & DJ Private Ryan
15580,Cas Haley & Collie Buddz
15581,Turbulence & Collie Buddz
15582,"Seppe & Gama, Itzza Primera, Dejota2021 & Ryan Roy"
15583,New Kingston & Collie Buddz
15584,The Cat Empire
15585,Etana
15586,Eddy Kenzo
15587,Héctor & Tito
15588,Ñejo
15589,Kawika Boro
15590,Rebelution & Kabaka Pyramid
15591,Busy Signal
15592,Project Vibe
15593,CNCO
15594,KES
15595,Passion & Kristian Stanfill
15596,Burna Boy & Byron Messia
15597,Precision Productions & Preedy
15598,Collie Buddz & Common Kings
15599,Jac Saavige & TroyBoss
15600,CHOZEN LEE
15601,Kardinal Offishall
15602,"Machel Montano, Skinny Fabulous & Bunji Garlin"
15603,ZihKing
15604,Compass
15605,Sevana
15606,Motto
15607,Nailah Blackman & Travis World
15608,Machel Montano & Precision Productions
15609,Stonebwoy
15610,Nadia Batson & Team Foxx
15611,Preedy & Precision Productions
15612,Shal Marshall
15613,Collie Buddz & The Elovaters
15614,Ozric Tentacles
15615,Agent Sasco (Assassin)
15616,Original Koffee
15617,"Patrice Roberts, Nessa Preppy, Travis World & Dan Evens"
15618,Runi Jay
15619,"Skinny Fabulous, Machel Montano & Bunji Garlin"
15620,Jus-Jay King & Lead Pipe
15621,Voice & Kes
15622,"Kerwin Du Bois, Mical Teja & CoolBlaze"
15623,The Abyssinians
15624,Collie Buddz & Iya Terra
15625,Chacal
15626,Master KG
15627,Collie Buddz & Jesse Royal
15628,El Uniko
15629,"Skinny Fabulous, Machel Montano & Iwer George"
15630,"Machel Montano, Salty & Travis World"
15631,Soul Criminal
15632,Iwer George & Viking Ding Dong
15633,Imark
15634,Chilando
15635,Sech
15636,Precision Productions & Voice
15637,Santigold
15638,Patrice Roberts & Precision Productions
15639,Aaron Smith
15640,"Travis World, Nessa Preppy, Machel Montano & Tina (Hoodcelebrityy)"
15641,Mr Killa
15642,YoungWildapachie
15643,Ding Dong & Machel Montano
15644,Bobo
15645,Blaxx
15646,"Kerwin Du Bois, Lyrikal, Teddyson John & Voice"
15647,Erphaan Alves
15648,Ashanti & Machel Montano
15649,Mandella Linkz
15650,"Skinny Fabulous, Travis World & Julius Czar"
15651,Farmer Nappy & Machel Montano
15652,Destra Garcia & Mr. Legz
15653,Ivan Gough & Feenixpawl
15654,Blackboy & Titan VCD
15655,Swappi & Ultimate Rejects
15656,Santigold vs. Switch and FreQ Nasty
15657,Salty
15658,"Vybz Kartel, Gaza Slim & Popcaan"
15659,Voice & Precision Productions
15660,Lyrikal & Travis World
15661,Kings of Regueton
15662,"Michael ''El Prospecto'', Nicky Jam & Sak Luke"
15663,Iwer George
15664,Belly Badge
15665,Kerwin Du Bois & Travis World
15666,Problem Child & Precision Productions
15667,Kimba Sorzano & Precision Productions
15668,Nessa Preppy & Travis World
15669,Jamesy P
15670,Turner
15671,5Star Akil & Precision Productions
15672,"JVO the Writer, Franco ""El Gorilla"" & J Alvarez"
15673,Michael ''El Prospecto'' & Farruko
15674,"Nessa Preppy, R. City & Precision Productions"
15675,"Sak Luke, Henry Mendez & Jose De Rico"
15676,LFS Music & Precision Productions
15677,Beres Hammond
15678,RP N'Trapaneur
15679,Lenny Simpson
15680,Freezy
15681,Marzville
15682,Marge Blackman & Voice
15683,Nailah Blackman & Shenseea
15684,Lil Kerry
15685,Kyron
15686,Lavaman
15687,Skinny Banton
15688,Destra Garcia & Nadia Batson
15689,Statement
15690,Scrilla
15691,"LIL NATTY, Thunda & Machel Montano"
15692,Koffee
15693,Erphaan Alves & Precision Productions
15694,Shal Marshall & Precision Productions
15695,Destra
15696,M1 aka Menace
15697,Travis World & Preedy
15698,The Aquabats!
15699,Freetown Collective
15700,Travis World & Pternsky
15701,Bad Royale
15702,Abdiel
15703,Dloxx
15704,Alison Hinds
15705,Jahmiel
15706,Bad Royale & Da Nation
15707,Shumba & Da Nation
15708,Samantha J. & Precision Productions
15709,M1 aka Menace & Travis World
15710,"Turner, Machel Montano & Flavour"
15711,LFS Music
15712,Romain Virgo
15713,Precision Productions
15714,Kemar Highcon
15715,Sean Paul & David Guetta
15716,Positive Reggae Vibrations
15717,Lyrikal & Precision Productions
15718,Shenseea
15719,Dovey Magnum
15720,"Ashwin Seegobin, Jelani Shaw, Kitwana Israel, kasey Phillips & Precision Productions"
15721,Rikki Jai & Ravi B
15722,Claudette Peters
15723,Culan
15724,Twiddle
15725,Trinidad Ghost
15726,Boy Junior
15727,Leftside
15728,Sanctuary
15729,Tony Prescott
15730,Gorg
15731,Tizzy
15732,Orlando Octave
15733,Popcaan
15734,Jimmy Cliff
15735,King Bubba
15736,Ricardo Drue
15737,Ultimate Rejects
15738,Destra Garcia & Farmer Nappy
15739,SHORTPREE
15740,Marvay
15741,Peter Ram
15742,Uncle Ellis
15743,El Alfa
15744,Destra Garcia
15745,Srta. Dayana
15746,Rupee & Ricardo Drue
15747,Collie Buddz & Stick Figure
15748,Gryner
15749,Voice & BadJohn Republic
15750,Kerwin Du Bois & Voice
15751,R. City & Precision Productions
15752,Omardath Maharaj
15753,Kerwin Du Bois & BadJohn Republic
15754,LIL RICK
15755,"KES the Band, Precision Productions & BadJohn Republic"
15756,Fyahbwoy
15757,Kreesha Turner & Precision Productions
15758,Mr. Dale
15759,Di Quality
15760,Chronixx
15761,Dre Island & Popcaan
15762,Alkaline & Mavado
15763,Lucky Dube
15764,Vershon
15765,Sekon Sta
15766,Savage
15767,Teetimus & Tanto Blacks
15768,Ding Dong & Dexta Daps
15769,Queen Ifrica
15770,El Alfa & Quimico Ultra Mega
15771,K-Rich & Precision Productions
15772,Marvay & BadJohn Republic
15773,Jah9
15774,"Don Omar featuring Fat Joe, N.O.R.E. & LDA"
15775,Alex Duvall
15776,Rikki Jai
15777,Alaine
15778,"Preedy, Precision Productions & BadJohn Republic"
15779,GIGANTE DO REGGAE
15780,The Movement
15781,Charly Black
15782,"Skrillex & Damian ""Jr. Gong"" Marley"
15783,Smash Mouth
15784,Cloud 5
15785,DJ Nelson
15786,"El Alfa, El Cherry Scom & CJ"
15787,J Boog
15788,Jacob Forever & Cosculluela
15789,Pternsky
15790,El mayor clasico
15791,"El Alfa, Busta Rhymes & Anitta"
15792,CNCO & Little Mix
15793,Apache Indian
15794,Slightly Stoopid
15795,El Super Nuevo
15796,Nailah Blackman & Skinny Fabulous
15797,Lila Iké
15798,Drew Deezy
15799,Terri Lyons
15800,Jahmoun
15801,Jey One & La Insuperable
15802,Kash'd Out
15803,Denise Belfon
15804,Machel Montano & Ashanti
15805,Sedale
15806,Rominal
15807,Jo Mersa
15808,No Maddz
15809,Mr. Williamz
15810,Protoje
15811,Alborosie
15812,Kabaka Pyramid
15813,Wayne Marshall
15814,Iba Mahr
15815,Tydal Kamau
15816,Green Lion Crew & Cut Stone
15817,Keznamdi
15818,Jesse Royal
15819,Micah Shemaiah
15820,Sara Lugo & Protoje
15821,Shaggy & Silly Walks Discotheque
15822,Ras Demo & Silly Walks Discotheque
15823,Black-Am-I
15824,Chronixx & Silly Walks Discotheque
15825,Samory I
15826,Junior Reid
15827,Randy Valentine
15828,Patoranking
15829,Benjai
15830,KES the Band & Precision Productions
15831,Murda & Porgie
15832,Sister Nancy
15833,Lead Pipe & Saddis
15834,Maoli
15835,Islandboy Rick J
15836,Dread Mar I
15837,Angela Hunte
15838,King Bubba FM & Kerwin Du Bois
15839,Tommy Lee Sparta
15840,Flipo
15841,Patrice Roberts & Kes
15842,"Dan Evens, Travis World & Patrice Roberts"
15843,Charlie P & O.B.F
15844,"Pichi y Yowa, El Negrito & El Kokito"
15845,Fay-Ann Lyon
15846,Lead Pipe
15847,Yulien Oviedo
15848,Crazy
15849,Gonaboy
15850,Michael Franti & Spearhead
15851,UB40
15852,Shontelle
15853,Musical Youth
15854,Johnny Nash
15855,Rebelution
15856,Iration
15857,The Expendables
15858,Common Kings
15859,"Nas & Damian ""Jr. Gong"" Marley"
15860,Konshens
15861,Beéle
15862,Tanto Metro & Devonte
15863,Goldfinger
15864,Fia
15865,The Green
15866,Dirty Heads
15867,Justin Wellington
15868,Tribal Seeds
15869,Mad Cobra
15870,Pepper
15871,The Interrupters
15872,Steel Pulse
15873,STAR SEEED & 甘露寺レン
15874,STAR SEEED & ZIONZ
15875,Intence & Jah Cure
15876,Kolohe Kai
15877,Blu Cantrell
15878,"Denise ""Saucy Wow"" Belfon"
15879,Kess
15880,Konshens & Darrio
15881,Barrington Levy
15882,Full Blown & Yung Bredda
15883,El Chuape
15884,Freeman HKD
15885,Devonte & Tanto Metro
15886,KES the Band
15887,Vibronics & Professa Natti
15888,Tribal Theory
15889,Chris Martin
15890,Jimmy Reid
15891,Potential Kidd
15892,Lil Rick
15893,Stylo G
15894,Monkey Black
15895,El Shick
15896,Beres Hammond & Buju Banton
15897,Juggla
15898,Adonis Mc & El Coman2
15899,Lady Saw
15900,"Omega, Gocho & Jowell"
15901,Benjai & Precision Productions
15902,Marujah
15903,The Elovaters
15904,Destra & Precision Productions
15905,Kes & Precision Productions
15906,Tian Winter & Precision Productions
15907,Big Youth
15908,Di Genius
15909,Big Youth & Irie Ites
15910,"Osmani Garcia, Jacob Forever, Insurrecto, Yulien Oviedo, Chocolate Mc, El magnifico, Blad MC, Principe, Macry, Eric White & Praty White"
15911,El Micha
15912,Insurrecto
15913,"Osmani Garcia, El Micha, Chacal, José El Pillo, Kola Loka & Entre Dos"
15914,I-Octane
15915,Rawayana & Jambene
15916,Alison Hinds & Ziggy Ranks
15917,Kola Loka
15918,William el Magnifico
15919,Pound Game Baybeh
15920,Teejay & Tommy Lee Sparta
15921,Machel Montana
15922,"Chocolate Mc, El Uniko & Los 4"
15923,Dennis Brown & John Holt
15924,Anil Bheem
15925,Los Confidenciales P.S.
15926,Kes & DJ Private Ryan
15927,"DJ Private Ryan, Sekon Sta & Salty"
15928,"Osmani Garcia, Damian de Los 4, Los Generales, Jacob Forever, El Chacal & Jose El Pillo"
15929,"Baby Lores, Candyman & El Bicho"
15930,Edwin Yearwood & Patrice Roberts
15931,Bunji Garlin & Problem Child
15932,Stevie Face
15933,Tiempo Extra
15934,Merital Family & Vybz Kartel
15935,"Skeng, Tommy Lee Sparta & 1stClass"
15936,Rick Ramoutar
15937,Gente de Zona & Marvin Freddy
15938,Chan Dizzy
15939,T'Nez
15940,"D. D., Chacal, William el Magnifico & Chocolate Mc"
15941,Tony Dize
15942,J Balvin & Jowell & Randy
15943,DJ Private Ryan & Teddyson John
15944,Alpha Blondy & The Wailers
15945,Cherine Anderson & Michael Franti & Spearhead
15946,Elephant Man
15947,Junior Kelly
15948,juan karlos
15949,Ding Dong & Serani
15950,Demarco
15951,Super Cat
15952,Sammy Johnson & Tenelle
15953,Ding Dong Feat. Chevaughn Clayton
15954,Timmy Trumpet & Gabry Ponte
15955,Los Confidenciales
15956,Tessanne Chin & Shaggy
15957,Moonraisers
15958,Zoelah
15959,"The Hip Abduction, Trevor Hall & Johnny Cosmic"
15960,Trevor Hall
15961,Aidonia
15962,Kenneth Salick
15963,Black Ryno
15964,Cutty Ranks
15965,Laden
15966,"Kes, Ravi B & Hunter"
15967,HIRIE
15968,Brick & Lace
15969,Aidonia & Govana
15970,Sting & Shaggy
15971,Gappy Ranks
15972,Jah Vinci
15973,Roy Cape (feat. Blaxx)
15974,Ricky Blaze
15975,Bunji Garlin (feat. Hunter)
15976,Fay-Ann Lyons Alvarez
15977,Kerwin Du Bois & Shal Marshall
15978,Duane Stephenson
15979,Bugle
15980,"Stephen Marley & Damian ""Jr. Gong"" Marley"
15981,Morgan Heritage & Busy Signal
15982,Edwin Yearwood
15983,Surface (feat. Tony Prescott)
15984,Sean Caruth
15985,Don Trent
15986,Jamelody
15987,El-A-Kru
15988,Mykal Rose
15989,"Andy ""Blood"" Armstrong"
15990,Gondwana
15991,Jadine
15992,Terry Linen
15993,Irie Love
15994,Ziggi
15995,Queen Ifrica and Junior Kelly
15996,Mykal Rose & Busy Signal
15997,Admiral Tibet
15998,Chezidek
15999,Luciano
16000,Firelinks & Tony Matterhorn
16001,Melanie Hall (aka Syren)
16002,Anthony B
16003,illScarlett
16004,Gizachew Teshome
16005,Pascal The Artist & Xtreme Band
16006,Fat Freddy's Drop
16007,Brain Failure
16008,Chuckle Berry
16009,Ganda Fadiga
16010,"YT, Million Stylez, Mr. Williamz, Blackout JA, Iverse & Jah Knight"
16011,Lenya Wilks
16012,Perfect
16013,Suga Roy & Conrod Crystal
16014,Contractor
16015,Blues Buster
16016,Tongai Moyo & Utakataka Express
16017,Sekouba Traoré
16018,Amigos De Obama
16019,Macka B & Kofi
16020,Hakase-Sun
16021,Axelo
16022,Jah Mason
16023,Oniel Peart
16024,Chino Mcgregor
16025,Singer J
16026,Fantan Mojah
16027,"Capleton, Bubu Zaro & Contractor"
16028,Shema McGregor
16029,The Alchemystics
16030,Mad Professor
16031,Griswold High School Calypso Reggae Steel Drum Band
16032,Afaz Natural
16033,Mims
16034,timberlee / ward 21
16035,Tony Matterhorn
16036,Qq
16037,Tessanne
16038,Héctor El Father & Wisin & Yandel
16039,Ward 21
16040,Tito El Bambino & Randy
16041,Julio Voltio
16042,"Tony Touch, Nina Sky, B-Real & Cypress Hill"
16043,Serani & Mavado
16044,Yomo
16045,Erup
16046,Nasio Fontaine
16047,Mr. Slaughter
16048,Horance Peterkin
16049,"Sky Rompiendo, Sebastián Yatra & Zion & Lennox"
16050,Mr Easy & Tony Matterhorn
16051,L.O.C.
16052,Jomar & Zion & Lennox
16053,Marlon Asher
16054,Macka Diamond
16055,Chino & Delly Ranks
16056,Voicemail
16057,Delly Ranx
16058,Da'Ville
16059,"Yaksta, Strictly the Best & Marlon Easy"
16060,Desmond Dekker
16061,Sublime Reggae Kings
16062,Saha
16063,The Vitals 808
16064,Mini Priest
16065,"Travis World, Dan Evens & Machel Montano"
16066,Destra & Machel Montano
16067,Angela Hunte & Machel Montano
16068,Siaosi
16069,"Tina (Hoodcelebrityy), Nessa Preppy, Travis World & Machel Montano"
16070,Scrunter
16071,Machel Montano & Afro B
16072,Rancid
16073,CNN (Capone-N-Noreaga)
16074,Sasha
16075,"Wayne Marshall, Bounty Killer & Vybz Kartel"
16076,Natty King
16077,Bunji Garlin & Lil' Bits
16078,Burning Flames Feat. Oungko
16079,Onika & Bunji Garlin
16080,Tanto Metro
16081,H2O Phlo
16082,Maximus Dan
16083,Reggaetones
16084,Sergio Dalma
16085,Tony Touch
16086,"Bogle, Delly Ranks, Ding Dong & Voicemail"
16087,Cham & Jimmy Cheeztrix
16088,Krosfyah Feat. Edwin Yearwood
16089,Blazer
16090,Mahi
16091,"Bogle, Delly Ranks & Voicemail"
16092,Bling Dawg
16093,Jam-Band
16094,Sanjin & Youthman
16095,Dawg E. Slaughter
16096,Richie Feelings & Tony Matterhorn
16097,Adesh Samaroo
16098,Jamaican Reggae Cuts & Pinky Dread
16099,Ñejo Y Dálmata
16100,Teejay
16101,Anuhea
16102,"Spragga Benz, Bounty Killer, Madd Cobra & Assassin"
16103,Denise Belfon & Ghetto Flex
16104,"Devonte, Tanto Metro & Tanto Metro & Devonte"
16105,"3Suns (feat. Bunji, Benjai, Ninja & Scareface)"
16106,Rupee
16107,Square One Feat. Andy Anderson
16108,Kiprich & Predator
16109,Burning Flames
16110,Kali
16111,Invasion(feat. Fay-ann Lyons)
16112,The Ziggens
16113,Bunji Garlin & Shammi
16114,Visage
16115,Flo P.G.
16116,Roots of Creation
16117,KMC
16118,Marty Dread
16119,Vintage Reggae Soundsystem
16120,Ruth Collymore & Christal Austin
16121,Beenie Man & Robyn
16122,Tigest Fantahun & Abeba desalegn
16123,"Tito El Bambino, Beenie Man & Ines"
16124,Orlikethis
16125,JMP
16126,La Matancera Sound
16127,Beenie Man & Silver Cat
16128,Dalmata
16129,"Bounty Killer & Angel Doolas, Bounty Killer & Angel Doolas"
16130,"Tanto Metro & Devonte, Devonte & Tanto Metro"
16131,Invasion Band Feat. Naya George
16132,Lexxus & Mr. Vegas
16133,"Don Omar, Héctor El Father & Zion"
16134,Warrior King
16135,Peter Tosh With Gwen Guthrie
16136,Magnate & Valentino
16137,Eddie Lovette
16138,Kolohe Kai & The Green
16139,Kamuter
16140,Super P
16141,Da Bhann
16142,Alison Hinds Feat. Peter Ram
16143,Mister G
16144,Lady Saw & Marsha
16145,Beenie Man & Mýa
16146,Ce'Cile
16147,Frisco Kid
16148,Spragga Benz
16149,Nigell & Marvin Lewis
16150,Kevin Lyttle & Adrian Bailey
16151,Heavy Hitting Hughes
16152,Nadine Sutherland & Buju Banton
16153,Lexxus
16154,Mr. Vegas & Sean Paul
16155,Tallpree
16156,Traffik
16157,Miss TC
16158,Shabba Ranks & Mikey Spice
16159,Square One (feat. Andy Armstrong)
16160,Big Pokey
16161,Traffik (feat. Sean Caruth)
16162,Surface
16163,George Nooks
16164,Delly Ranks & Rik Rock
16165,Richie Stephens
16166,Inferno Band
16167,Johnny Rebel
16168,Alan Garvey
16169,Stefano Blefari
16170,Benjamin Zephaniah
16171,black midi
16172,Lahaina Grown
16173,Michael Rose
16174,Everton Blender
16175,Sugar Minott
16176,Alpheus
16177,Three Plus
16178,Timberlee
16179,"Aston ""Family Man"" Barrett"
16180,Bloke & Bird
16181,Cultura Profética
16182,PUSHIM
16183,Red Rat
16184,Raspigaous
16185,Nigel Lewis
16186,Terror Fabulous
16187,Twiggy
16188,Ramese Brown
16189,Krosfyah
16190,Mega Banton
16191,Square One
16192,Blue Ventures
16193,Daddy Screw
16194,Atlantik
16195,"Héctor & Tito, Daddy Yankee & Nicky Jam"
16196,Lady Saw & T.O.K
16197,Maxi Priest & Terror Fabulous
16198,Red Rings
16199,Garnett Silk
16200,Anthony Bailey
16201,Kurt Allen
16202,Rorystonelove
16203,SL2
16204,Reggae Mix USA
16205,Devanand Gattoo
16206,John King
16207,Rupie
16208,Jason Jeffries and the Talltrees
16209,The BM Company
16210,Natiruts
16211,Peter Chemist
16212,Ronnie McIntosh
16213,House of the Sun
16214,Donae'o
16215,Jah Cure & Reggae Gold
16216,"DJ Mac, Ding Dong & CrashDummy"
16217,"DJ Mac, Armanii & CrashDummy"
16218,Zebra
16219,Damian Marley
16220,Fiona & Brian Gold
16221,Jersey Club
16222,Chicos Sonideros
16223,Scientist
16224,Chris Garcia
16225,Desmond Dekker & The Four Aces
16226,Sambagunça
16227,Harry Toddler
16228,Vegas
16229,Beenie Man & Sanchez
16230,Bud
16231,Technic Band
16232,Allison Hinds
16233,Onyan
16234,Chinese Laundry
16235,Poser
16236,Little Kirk
16237,Osha
16238,Alley Cat
16239,Barrington Levy & Beenie Man
16240,Johnny King
16241,Chico
16242,Hawkeye
16243,Nu'u
16244,Burro Banton & Massive B
16245,The Taxi Gang
16246,Midnite Ride
16247,Rasika Dindial
16248,Mr. Easy
16249,Chronicle & Massive B
16250,Bounty Killa
16251,Bounty Killer & Massive B
16252,Big Smoak
16253,Cobra
16254,Banda Dkcinco
16255,Jimmi Stone
16256,Miki Dozan
16257,Chico & Tanto Metro
16258,Zig Zag Band
16259,The Toasters
16260,Braa Conspiracy
16261,Turbo Belly & Massive B
16262,Devon Clarke & Massive B
16263,Duckman & Massive B
16264,Yankee B & Massive B
16265,Cutty Ranks & Massive B
16266,Prakash Jaglalsingh
16267,Chezedek & Massive B
16268,Missah & Weedo
16269,El Pacho
16270,The Speakers
16271,P.O.W. & Massive B
16272,"Chronicle, Burro Banton, Chilla Rinch aka Chezedek & Massive B"
16273,Phoolmatee Ramjattan
16274,Asha Kamachee
16275,Duckyman & Massive B
16276,"Devon Clarke, Yankee B & Massive B"
16277,Jigsy King & Massive B
16278,"Jigsy King, Devon Clarke & Massive B"
16279,Shabba Ranks & Massive B
16280,Beenie Man & Massive B
16281,Junior Reid & Massive B
16282,"Meeky Melody, Little Hero & Massive B"
16283,T. Palmer & Massive B
16284,Heeralal Rampertap
16285,Merciless & Massive B
16286,Jah Sun
16287,Patra
16288,Scare Dem Crew
16289,Yami Bolo
16290,"Christiane Noll, Emily Skinner, Frank Wildhorn, John Treacy Egan, Leslie Bricusse, Linda Eder & Robert Cuccioli"
16291,Goofy
16292,Jigsy King
16293,Fortunate Youth & Mellow Mood
16294,Ninjaman
16295,Captain Barkey
16296,Mike Love
16297,Ronnie Thwaites
16298,Super Beagle
16299,Leilani Wolfgramm
16300,Adeaze
16301,Ska-P
16302,Benjy Myaz
16303,Jamaican Reggae Cuts
16304,General Levy
16305,The Step Beats
16306,Nardo Ranks
16307,DJ RossChild
16308,Lady Saw & Beenie Man
16309,Nadine Sutherland
16310,Louie Culture
16311,Bad Brains
16312,The Supervillains
16313,Sarah Menescal
16314,General Soundbwoy
16315,Cocoa Tea
16316,Skalariak
16317,Ekolu
16318,Voqa Ni Delaidokidoki
16319,Gregory Isaacs & Lady Saw
16320,DJ DAN Bleacher
16321,Day Drinker
16322,Mikey Spice
16323,Wayne Wonder & Cham
16324,Maxi Priest & Shaggy
16325,The Island Caribbean Steel Drum Band
16326,Lord Echo
16327,Coutain & Dwala
16328,El Chalis
16329,Junior Tucker
16330,Gramps Morgan
16331,Skull & HaHa
16332,Pam Hall
16333,Pliers
16334,'Imisi
16335,Supertones
16336,Conroy Smith & Massive B
16337,The John Dank Show
16338,Rickie-G
16339,Louie Ranks & Massive B
16340,Maxi Priest
16341,DMP
16342,Conkarah
16343,JR. Demus & Massive B
16344,The Hitsingers
16345,Johnny Osbourne & Massive B
16346,Tommy Lee Sparta & Codelank
16347,Pliers & Chakademus
16348,Dudó
16349,John Brown's Body
16350,Bad Manners
16351,Shounanno Kaze
16352,Israel Vibration
16353,Tiken Jah Fakoly
16354,King Kong & Massive B
16355,Jingo & Lizette
16356,The Black Seeds
16357,"Baja Jedd, Sweet Tea & Massive B"
16358,Ken Boothe
16359,O.C. Supertones
16360,Sweet Tea & Massive B
16361,Jacob Miller
16362,Junior Murvin
16363,Daddy Screw & Donovan Steele
16364,Mad Lion
16365,Neway Debebe
16366,Rayvon
16367,Fiji
16368,"Snow (Featuring Nadine Sutherland), Nadine Sutherland & Terror Fabulous & Snow"
16369,Macka B
16370,Bounty Killer & Marcia Griffiths
16371,Ambelique
16372,Mahkess
16373,Augustus Pablo
16374,The Skatalites
16375,Dillinger
16376,Freedom Dub & Luca Giacco
16377,Max Romeo & The Upsetters
16378,"Lee ""Scratch"" Perry"
16379,Delroy Wilson
16380,Iwaata & Strictly the Best
16381,Ozomatli
16382,Buju Banton & Tenor Saw
16383,Vico C
16384,Ranking Smo
16385,Los Pericos
16386,Fortunate Youth
16387,Tessanne Chin
16388,Leone Mix Ofic
16389,Sarah Niau
16390,DENM & Landon McNamara
16391,Christafari
16392,Pato Banton & The Reggae Revolution
16393,Natalia Lafourcade
16394,The Hip Abduction
16395,"Walshy Fire, Jason Julian & Alta Ouses"
16396,Groove da Praia & Sublime Reggae Kings
16397,Pepperseed Jam
16398,Pinky Dread
16399,Passafire & Pepper
16400,Freddie McKay
16401,Héctor & Tito & Victor Manuelle
16402,DJ Frank
16403,Holiday Favorites
16404,Emily Brimlow & The Elovaters
16405,Monsta
16406,Swiss
16407,Edyam Riviere
16408,Playing for Change
16409,Damian SyjonFam
16410,Baby Wayne
16411,Tomy Roots & Magadog
16412,Rudiments
16413,Rootz Underground
16414,Sub Dub
16415,Chi-Lites feat. Marshall Thompson
16416,Bounty Killa & Bounty Killer
16417,Colin Roach
16418,Nitty Gritty
16419,Charlie Chaplin & Brigadier Jerry
16420,Super Black
16421,Anthony Malvo & Collin Roach
16422,Pad Anthony
16423,Little John
16424,Anthony Malvo
16425,Johnny Osbourne
16426,THRILLER U
16427,Michael Buckley
16428,Major Mackerel
16429,Earl Sixteen
16430,General Pecos
16431,Conkarah & Loud City
16432,Country Man
16433,Kulcha Knox
16434,Gen Tamura
16435,Tony Curtis & Jigsy King
16436,Jack Radics
16437,Pinchers
16438,Clark & the Superslicks
16439,Terry Ganzie
16440,Captain Barkey & Wickerman
16441,Wailing Souls
16442,Wayne Wade
16443,Buju Banton & Nadine Sutherland
16444,The Suicide Machines
16445,Jvntg
16446,GRUPO IMPACTO CINCO
16447,Tiger
16448,CMH World
16449,TJ O'Neill
16450,Os Paralamas do Sucesso
16451,Freddie McGregor
16452,Junior Delgado
16453,Cornel Campbell
16454,Papa San
16455,The Selecter
16456,Wackad
16457,Dennis Brown & Gregory Isaacs
16458,Collie Herb
16459,Prince Junior
16460,Dub Syndicate
16461,J.C. Lodge
16462,Nicodemus & Massive B
16463,Lucky Mensah
16464,Risto Benji & Massive B
16465,Ini Kamoze & Massive B
16466,Deborahe Glasgow
16467,Chilla Rinch aka Chezidek & Massive B
16468,Little John & Massive B
16469,Al Campbell
16470,Deborahe & Shabba
16471,The Red Fox & Massive B
16472,King Jammy
16473,Half Pint
16474,Prisoner Of War & Massive B
16475,Buccaneer & Massive B
16476,Tinga Stewart
16477,Mighty Diamonds
16478,Angelo & Veronica
16479,Vallanzaska
16480,Jesus the serf
16481,Walter Elf
16482,Horace Andy
16483,Dr. I - Bolit & Ras Orchestra
16484,Prof. Grizly & Massive B
16485,Half Pint & Massive B
16486,Duchie Gold & Massive B
16487,Clay Tallstories
16488,Tapón
16489,Frisco Kid & Massive B
16490,"Gwendolyn, The Red Fox & Massive B"
16491,Satta
16492,Steel Drum Island
16493,Stiff Little Fingers
16494,Louchie Lou
16495,Kaliffa
16496,Lady G
16497,Soca Boys
16498,Technotronic & Ya Kid K
16499,Bill Monroe and His Bluegrass Boys
16500,Three Houses Down
16501,The Melodians
16502,Admiral Bailey
16503,King Kong
16504,Chaka Demus
16505,Admiral Bailey & Chaka Demus
16506,Karamelo Santo
16507,Natty Bong
16508,Chuck Turner
16509,Karamelo Santo & Goma Pacheco
16510,Conroy Smith
16511,Leroy Smart
16512,Leroy Gibbon
16513,Tonto Irie
16514,Echo Minott
16515,John Holt
16516,Dion Da Butcha
16517,Eccleton Jarrett
16518,Robert Lee
16519,The Parties
16520,Nicodemus
16521,Anthony Johnson
16522,Banana Man
16523,Mighty Rudo
16524,Robert Lee & Bunny General
16525,Tullo T
16526,Home T
16527,Prince Jammy
16528,Red Dragon
16529,Leslie Thunder
16530,Tony Tuff
16531,Errol O. Johnson
16532,Carl Meeks
16533,Dub Syndicate & Bim Sherman
16534,Redman
16535,Dub Syndicate & Shara Nelson
16536,Bluekilla
16537,Dub Syndicate & Prince Far I
16538,Sephyr Patriq
16539,Dub Syndicate & Akabu
16540,Da Da Waps
16541,Lenky Marsden
16542,Wayne Palmer
16543,Dub Syndicate & Michael Franti
16544,Lexon
16545,Biga*Ranx
16546,Adrian Homer Miller
16547,Tenor Saw
16548,Ranking Roger
16549,All Mighty Senators
16550,Trevor Sparks
16551,Noel Ellis
16552,Bobby Gaynair
16553,Ranking
16554,"Trevor Sparks, Administrators, Tenor Saw, General Doggie, Frankie Paul, Chuck Turner, Leroy Gibbons, Little Kirk, Crucial Robbie, Offbeat Posse, L.J.M., Juliette Parkings, Intense, Earl 16 & Trevor Dixon"
16555,The Pressure Boys
16556,"Earth, Roots & Water"
16557,Willi Williams
16558,Unique Madoo
16559,Jerry Brown
16560,Audrey Hall
16561,Leroy Gibbons
16562,Summer All Star
16563,Danny Rank
16564,Zion Initation
16565,Barry Heptone
16566,Josey Wales
16567,Freddy And Butty
16568,I Tones
16569,Healin' of the Nations
16570,Owen Gray
16571,Administrators
16572,Danny Tucker
16573,Strangeways
16574,Errol Strength
16575,Crucial Robbie
16576,E.Goud
16577,Althentic Hits
16578,Juliette Parkings
16579,L.J.M.
16580,Chantells
16581,Trevor Levy
16582,Bead N' Bone
16583,Peter Tosh & Gwen Guthrie
16584,Marcia Griffiths & Bob Andy
16585,Hal Anthony
16586,No Reaction
16587,Smiley Culture
16588,Tefera Negash
16589,Sandra Cross
16590,Jo Jo Zep and The Falcons
16591,Sztywny Pal Azji
16592,Prince Jammys
16593,The Nights In Shining
16594,Tyrone Taylor
16595,Lifesavers
16596,Lazzo Matumbi
16597,Wide Boy Youth
16598,Time Lords Inc.
16599,Janie Conway
16600,Delaney Venn
16601,Agents
16602,Will Tupou
16603,Chicken Chest
16604,The Uptones
16605,CHOZEN LEE and THE BANG ATTACK
16606,Radio Revuelta
16607,Plate O' Shrimp
16608,Frankie Wilmott
16609,King Everal
16610,Leroy Brown
16611,Wayne Smith & John Splang
16612,Kremlowskie Kuranty
16613,Larrick Ebanks
16614,The Funaddicts
16615,Criogenia Musical
16616,Feelfleiva
16617,kikirap1986
16618,Musical Savana Show
16619,Dj Dz Nuevo Norte
16620,M.A.W.A. Inc.
16621,Mehanizovani Jazz Band Majora Gašpara
16622,Sly & Robbie
16623,Lasai
16624,John Wayne
16625,Tappa Zukie
16626,Miki Hirayama
16627,Sly & The Revolutionaires
16628,Black Crucial
16629,Barry Brown
16630,Earl Zero
16631,Aston Barrett & Sly & Robbie
16632,The Revolutionaries
16633,The Jays
16634,Prince Alla
16635,Hugh Mundell
16636,Lacksley Castell
16637,Sly & Robbie & The Kings of Dub
16638,Natural Vibes
16639,Linval Thompson & The Revolutionaries
16640,Singie Singie
16641,The Fantails
16642,Noel Phillips
16643,U Black
16644,Papa Faith
16645,Cocoa T
16646,The Travellers
16647,Frankie Jones
16648,Woodie Noble
16649,Sylvia Tella
16650,Fil Callendar & The In Crowd
16651,Cimarons
16652,"Barrington Levy, Dennis Brown, Barry Biggs, Sandra Cross, Gregory Isaacs, John Holt, Keith Douglas, Sugar Minott, Sylvia Tella & Winston Reedy"
16653,Papa Rosko
16654,Sam Goharbin
16655,Ronny Trettmann
16656,The Imperial Walkers
16657,Pinky Dread & Lila Frascara
16658,Peter Spence
16659,Ranking Trevor & Wailing Souls
16660,Annette B
16661,Daddy Sandy
16662,Pato Banton
16663,Lesley Lyrics
16664,Tannoi
16665,Port Royal
16666,Bootleg
16667,Tippa Irie
16668,Daddy Rusty
16669,Prince Far I
16670,Daddy Colonel & Tippa Irie
16671,Daddy Colonel
16672,Anthony B & Natural Bond Entertainment
16673,Sparky Dean
16674,Anthony Chambers
16675,Ricky Tamlin
16676,Pato Banton & Tippa Irie
16677,Dennis Gregory & One Destiny
16678,Mama Patxanga
16679,Badbob Band
16680,Eldib
16681,Sauveur Mallia
16682,Azana
16683,Sugar Merchant
16684,The Funky Crashers
16685,The Chequers
16686,KIDS BOSSA
16687,VibeSeeker
16688,69 Band
16689,Papa I-ya Bonz
16690,Mojo Naya
16691,High Times Players
16692,Hopeton Crawford
16693,Leftee
16694,KNAS & Benni Chris
16695,The Piglets
16696,Short Man
16697,Whitmore
16698,Soul Syndicate
16699,Al Kenlock
16700,Studio Theemotion
16701,Underbeat Steppers
16702,Michael White
16703,Clive Hylton
16704,Hot Rocks
16705,Cool Runnings
16706,Project Pop & Saykoji
16707,Rising Sun
16708,Nishida & Natty Studio Crew
16709,The Bakesys
16710,High Times All Stars
16711,Intence & Tarrus Riley
16712,Intence & Bad Boy Timz
16713,Intence
16714,Intence & Tabeta Cshae
16715,DJ651 & Fiji
16716,Eddy Grant
16717,Natural Vibrations
16718,Nguru
16719,Yuu07
16720,Free Nationals & Chronixx
16721,K'Nova
16722,Linval Thompson
16723,Terrorists
16724,zHustlers
16725,"Aston ""Family Man"" Barrett & The Wailers Band"
16726,Glen Adams
16727,The Gaylettes
16728,Bob Andy
16729,Lloyd Charmers & Ken Boothe
16730,Lord Laro
16731,Pluto Shervington
16732,Boris Gardiner
16733,Dave Barker
16734,B.B. Seaton
16735,Lloydie Crucial
16736,Ken Lazarus
16737,Hopeton Lewis
16738,B.B. Seaton & Ken Boothe
16739,Derrick Harriott
16740,Junior Byron
16741,Cedric Brooks
16742,Lloyd Charmers
16743,The Tartans
16744,Richard Ace
16745,Willie Lindo
16746,Ernie Smith
16747,The Now Generation
16748,The Music Specialists
16749,Thunderbirds
16750,The Granville Williams Orchestra
16751,The Paragons
16752,Inokashira Rangers
16753,Lord Creator
16754,Aziel
16755,Hortense Ellis
16756,The Maytals
16757,Roots Convention
16758,Lynn Taitt & The Jets
16759,Phillip Frazer
16760,Wai La
16761,Rod Taylor
16762,The Techniques
16763,Funky Brown
16764,HÖGHES
16765,Berris Simpson
16766,Jo Tongo
16767,Reggae Play
16768,Claye
16769,Claye & Toledo
16770,Pasteur Lappe
16771,Mr. Freak Ska
16772,Martin Campbell
16773,ARTransforma
16774,Grandpa Culture
16775,Rafter
16776,King Tubby
16777,The Royals
16778,Ranking Trevor & The Revolutionaries
16779,Bobby Ellis & The Revolutionaries
16780,Culture & Jah Thomas
16781,The Gizmos
16782,Grandpa Culture & The Revolutionaries
16783,Archie & Lyn
16784,Carl & Gibby
16785,Papa Ritchie & The Supersonics
16786,Errol Scorcher & The Revolutionaries
16787,Jah Thomas & The Revolutionaries
16788,Charlie Chaplin
16789,Bobby Ellis & Ranking Joe
16790,Errol Scorcher & Posse
16791,Ansel Collins & The Revolutionaries
16792,Tony Tuff & The Roots Radics
16793,Ranchie McLean & The Revolutionaries
16794,Michael Palmer & The Revolutionaries
16795,Charles Chaplin
16796,Jah Thomas & The We The People Band
16797,Jah Stone & The Supersonics
16798,Ernest Wilson & The Revolutionaries
16799,The Enchanters & The Roots Radics
16800,Gladstone Anderson & The Star Band
16801,Sonya Spence & The Internationals
16802,Lorna Bennett & The Revolutionaries
16803,B00ST & DÆvo
16804,Lee van Cleef & The Revolutionaries
16805,Marcia Griffits & The Roots Radics
16806,Jah Thomas & Alton Ellis
16807,Delroy Wilson & The Unity All Stars
16808,Zara & The Revolutionaries
16809,Ranking Joe & The Gladiators Band
16810,Tunde Nightingale (Earnest Olatunde Thomas)
16811,Faye Webster
16812,GN Music
16813,Donovan
16814,Olgay Neke & Arşivplak
16815,Frank Reyes
16816,George Winston
16817,J.Folk
16818,Mari Boine
16819,Sashka Vaseva & Yuliyan Asenov
16820,Radostina Nikolova
16821,Mipso
16822,IU
16823,Garmarna
16824,Gregory Ackerman
16825,The Allen Brand
16826,José González
16827,Anirudh Ravichander
16828,Drew Holcomb & The Neighbors
16829,Ben Howard
16830,Courtney Barnett
16831,Hunter Metts
16832,Ane Brun & Dustin O'Halloran
16833,The O'Jays
16834,The Macarons Project
16835,Teodora Slavova
16836,The Dreggs
16837,Willowbay
16838,Phillipa Soo & Andrew Burnap
16839,Noelle Rose
16840,Sean McConnell
16841,Josiah and the Bonnevilles
16842,Megan Davies
16843,Alan Braxe & Fred Falke
16844,In Vivo
16845,Ane Brun
16846,Valentina Vaneva
16847,Nikol Ivanova
16848,Hristiana Miladinova
16849,Atanasiya Kiose
16850,Shawn James & The Shapeshifters
16851,Crni Cerak
16852,Ben Jackson Walker
16853,Margret Roadknight
16854,The Longest Johns
16855,Ani DiFranco
16856,Bryce Thomaschefsky
16857,Sounds of Isha
16858,Kath Bloom
16859,Andanças de Ciganos
16860,Christian Larsson
16861,Yanitsa Petkova
16862,Mihaela Boyadzhiyska
16863,Denislav Nizamski
16864,Kristina Petrova
16865,Petrana Marinova
16866,Kristin Valerieva
16867,Viktoriya Hadzhieva
16868,Kristina Petrova & Georgi Bardarev
16869,Galya Asenova
16870,Nadezhda Slavova & Zdravko Petrov
16871,Mira Zaharieva
16872,Vanya Trifonova
16873,MFG Godlevski Velikden
16874,Kevin Atwater
16875,Star Academy & Helena
16876,Tom Lehrer
16877,Lily Fitts
16878,Mason Via
16879,Jesse Colin Young
16880,Dzej
16881,The Halfway Kid
16882,Osman Kara
16883,TFDI
16884,The Native Howl
16885,Eddie from Ohio
16886,Alivan Blu
16887,Kim Chang Wan
16888,Loreena McKennitt
16889,Wayne Toups
16890,Finn Brodie
16891,Jessie Reid & Easymess
16892,Brook St
16893,Saari Haran
16894,Dermot Kennedy
16895,Whitney
16896,Vendredi sur Mer
16897,William Wild
16898,The Paper Kites
16899,Los Tigres del Norte
16900,Vancouver Sleep Clinic
16901,Adrianne Lenker
16902,Ethno Catalonia
16903,Damien Rice
16904,The Oh Hellos
16905,Jade Bird
16906,Angel Olsen
16907,Jess and Gabriel
16908,Anirudh Ravichander & Inno Genga
16909,Julien Baker
16910,Black M
16911,Tradition'Îles
16912,Vanessa Paradis & -M-
16913,Aya Nakamura
16914,Peter Bradley Adams
16915,Sons Of The East
16916,John Fox
16917,Alexander Biggs
16918,Madhu Priya & Ramky
16919,Stu Larsen
16920,Anirudh Ravichander & Dhanush
16921,Charulatha Mani
16922,Therapie TAXI
16923,Jubin Nautiyal & Sameera Bharadwaj
16924,Anirudh Ravichander & Shakthisree Gopalan
16925,Hiphop Tamizha & Nikhita Gandhi
16926,Donovan Woods
16927,Colm R. McGuinness
16928,Santhosh Narayanan & Vijaynarain
16929,Hemachandra
16930,Rome in Silver
16931,Hurray for the Riff Raff
16932,Lilium
16933,Vijay Deverakonda
16934,Juliette Armanet
16935,Aravind Srinivas & Renuka
16936,Daniel Martin Moore
16937,"A.R. Rahman, Sid Sriram & Sunitha Sarathy"
16938,Kendji Girac
16939,Fionn Regan
16940,Hiphop Tamizha & Arvind Swamy
16941,William Fitzsimmons
16942,Amber Coffman
16943,Paté de Fuá
16944,Sid Sriram & Jonita Gandhi
16945,Vianney
16946,Brigitte
16947,"Harris Jayaraj, Dhanush, Marana Gana Viji & Naveen Madhav"
16948,Youssoupha
16949,D. Imman & Luksimi Sivaneswaralingam
16950,"Sid Sriram, Neha S. Nair & Jakes Bejoy"
16951,Jérémy Frerot
16952,Go_A
16953,Anirudh Ravichander & Anthony Daasan
16954,The Weather Station
16955,link3
16956,Ridsa
16957,Vineeth Sreenivasan
16958,Zhang Wei Wei & Xiao He
16959,2NE1
16960,Alice on the roof
16961,Andreas Gabalier
16962,Boulevard des Airs
16963,Jessy Matador
16964,Marissa Nadler
16965,Magic System
16966,Guillaume Grand
16967,Pinecastle Records & Jonah Horton
16968,DakhaBrakha
16969,Léa Paci
16970,"Penny Tai, The Landlord's Cats, Phoenix Legend, Good Meimei, Leon, 马条, Shui Mu Nian Hua, Wan Xiaoli, Zhong Li-Feng & Zhou Yunpeng"
16971,Gopi Sundar & Dulquer Salmaan
16972,Pilo Tejeda
16973,Jean-Louis Aubert
16974,Renjith Govind & Alaap Raju
16975,Ender Balkır
16976,Heather Evans
16977,Rae Xie
16978,"Jakes Bejoy, Ajaey Shravan, Neha S. Nair & Saint T.F.C."
16979,Daniel Darc
16980,Daniel Norgren
16981,Indila
16982,"Claire Pérot, Maeva Méline, Melissa Mars, Merwan Rim, Mikelangelo Loconte & Solal"
16983,Mart'nália
16984,M. Pokora
16985,Rareș
16986,Babeta Shahini
16987,The Turtles
16988,Barbara Pravi
16989,Paula Prieto
16990,Ndoc Fusha & Gjelosh Kola
16991,The 502s
16992,Anbuu & Blue Wednesday
16993,Mama Aiuto
16994,Foxwood
16995,Sleepy Fish & Philanthrope
16996,The Shins
16997,Ian Ewing
16998,Montell Fish
16999,"Smile High, Teddy Roxpin & Cloudchord"
17000,Didi B & Zinoleesky
17001,Psalm Trees
17002,Misha & Evil Needle
17003,Kreatev
17004,Nymano & Suuna
17005,Afroham & ØDYSSEE
17006,Noah Cyrus
17007,Gregg Oakley
17008,Sofasound
17009,Makzo
17010,Cap Kendricks
17011,C Y G N
17012,Aves & Snoophkeen
17013,Masked Man
17014,Ward Wills
17015,weird inside
17016,Liphe
17017,Enzalla
17018,Stan Forebee
17019,Vili Ray
17020,Animales Raros
17021,Bear's Den
17022,fantompower
17023,Anabel & Darina Damyanovi
17024,Camden West
17025,Deeb
17026,"WEI, jacuzzi jefferson & Luke Otwell"
17027,Kendall Miles
17028,Vasko Lazarov
17029,Nikolina Georgieva
17030,COVE
17031,Aso
17032,Lepa Brena
17033,Oger Adwar
17034,Matt Monro
17035,Zetod
17036,Aleksandar Aleksandrov
17037,Petya Paneva
17038,Thomas Lefort & Pierre-Yves Hodique
17039,First Aid Kit
17040,Duet ZhuTe
17041,Anyma & Janus Rasmussen
17042,Pasteur Joël Kabwe
17043,Chiemi Eri
17044,Audiozone
17045,ID & Sultan + Shepard
17046,George Mansur
17047,Lord Huron & August Ponthier
17048,Jon and Roy
17049,Leaving Laurel
17050,Mina Ignatova
17051,Vasil Vulkanov
17052,Svetlin Milanov
17053,Yordanka Veleva
17054,Parvenu
17055,Thiaguinho & Péricles
17056,Lexington
17057,Canitrot
17058,MRVN Music
17059,See Me River
17060,Katie Van Sleen
17061,Poni
17062,Chris Liebing
17063,Abney Park
17064,Jeremy Olander
17065,LEGATO
17066,Parallel Voices
17067,Sexion d'Assaut
17068,Helsloot & Quibus
17069,Grigoré
17070,Matt Lange
17071,Mindchatter & Ben Böhmer
17072,Far Distance
17073,Clannad
17074,James Harcourt
17075,Didirri
17076,Sultan + Shepard & Röyksopp
17077,Natascha Polké
17078,Fur Coat
17079,Áine Minogue
17080,Paraleven
17081,Jaloliddin Ahmadaliyev
17082,Mirror Machines
17083,Greensky Bluegrass
17084,Ocie Elliott
17085,Flemming Bassedow
17086,Che-Yung
17087,Dani
17088,Ed Sheeran & Travis Scott
17089,CARDELLINO
17090,Madaila
17091,Anthony Arya
17092,joysad
17093,Markus
17094,Elena Setien
17095,The Avett Brothers
17096,Sophie Thatcher
17097,The Phantom Hours
17098,Dr Joe Shirimani
17099,Saracha
17100,Talons'
17101,Alex Russo
17102,Relajao
17103,Craig Cardiff
17104,Robert Lighthouse
17105,AJJ
17106,Jordyn Rayne
17107,Katherine C. McDonald & Nilla Watkins
17108,Kim Jin Ho
17109,Steven Heighton
17110,Bitterroot Mountain Troubadour
17111,Gabriela Ivanova
17112,Martin Sexton
17113,Landon Spell
17114,Matt Harke
17115,Jae Mannion
17116,Dhyo Haw
17117,Jonathan Mann
17118,The Dead South
17119,Eliza Gilkyson
17120,Eliyahu Sheetrit
17121,Planxty
17122,Bobby Alu
17123,Styles Dangerfield
17124,Yusuf
17125,Olivier Duperval
17126,Jason Dove
17127,Canyon City
17128,Tinker
17129,Aboriginal Native Music
17130,Lifestyle Music Universe
17131,Shamanic Drumming World
17132,African Sound Therapy Masters
17133,D. Rep
17134,Slow Life Movement
17135,Way of Life Music Academy
17136,El San Juan
17137,Ella Jenkins
17138,Joy Williams
17139,Tryo
17140,Gopi Sundar
17141,Soprano
17142,Shabareesh Varma
17143,Greenslade
17144,New Radicals
17145,Peter Bjorn and John
17146,Trio Bulgarina
17147,Flitz&Suppe
17148,Birocratic
17149,Belle of the Fall
17150,Slashpile
17151,Delayde
17152,Kupla
17153,Plusma
17154,"mommy, Sleepy Fish & Philanthrope"
17155,Toonorth
17156,Nymano & j'san
17157,sadtoi & L’indécis
17158,TANE
17159,B'Side
17160,Illiterate
17161,Taro & Middle School
17162,Matt Quentin
17163,Sara Bareilles & Original Television Cast of Jesus Christ Superstar Live in Concert
17164,Bright World
17165,Chris Mazuera
17166,invention_
17167,Through & Through
17168,Amonos
17169,Ajmw
17170,"Thaman S., STR, Raja Kumari & Deepak Blue"
17171,KACEY
17172,M. Ward
17173,Thaman S. & Harsha Darivemula
17174,Lepa Brena & Grand Production
17175,Ber
17176,"Saša Matić, Aleksandra Prijović & Grand Production"
17177,Meiko
17178,Jacob Wylde
17179,Mike Sim
17180,Western Texas Folk Band
17181,Jeff Daniels & Ben Daniels Band
17182,Ken Pomeroy
17183,Ana Bekuta
17184,Benjamin Torrens
17185,Šaban Šaulić
17186,Rachel Laing
17187,Holly Near
17188,Gillian Welch
17189,Nepathya
17190,Manmohan Waris
17191,Oktoberfest Band
17192,Jeffrey Lewis
17193,Arijit Ghoshal
17194,Steven Skybell
17195,Shinnosuke Sugata
17196,Tony Gabriel
17197,Uma Gaye & Guided Meditation
17198,heats
17199,Indian Vibes Corp & Indian Summer
17200,Marimba Sonal Kokonob'
17201,Almklausi & Specktakel
17202,Sweden Laundry
17203,SingSing
17204,Sohn Jiyoun
17205,"Lucian Ban, John Surman & Mat Maneri"
17206,Bollywood Buddha Indian Music Café
17207,Caitlin Agnew
17208,Katarina Grujic & Grand Production
17209,Papadosio
17210,Jacob Tovar
17211,Mary Hopkin
17212,Stanislava Bobeva & Kostadin Dzhigoshev
17213,Iva & Velislava Kostadinovi
17214,German Error Message
17215,Priscilla Ahn
17216,The Civil Wars
17217,Jarlath Henderson
17218,Amar Gile
17219,Svetla Dukateva
17220,Serif Konjević
17221,Aleksandra Prijović
17222,Ivana Grigorova
17223,Katarina Grujic
17224,Shovels & Rope
17225,Aleksandra Mladenovic
17226,Duet Balgarki
17227,Aleksandra Grebenarova
17228,Nikoleta Dimitrova
17229,Mish
17230,Mirza Selimovic
17231,Radostina Kehayova
17232,Donko Markov
17233,Adelina Karagyozova
17234,Petya Karamfilkova
17235,Yana Hristova
17236,Dafina Dimitrova & Petko Zahariev
17237,Iva Davidova
17238,Bilyana & Hristo Kosashki
17239,Bane Mojicevic
17240,Aleksandra Bursac
17241,Pentangle
17242,Olatunji & Precision Productions
17243,Skinny Fabulous & Precision Productions
17244,Kieran Rhodes
17245,Kate & Anna McGarrigle
17246,Uroš Živković & Olja Bajrami
17247,Bass aka Trilo-G
17248,Milica Todorovic
17249,Šako Polumenta
17250,Savi Sav & BadJohn Republic
17251,Kitamura Hitomi
17252,Ricardo Drue & Precision Productions
17253,Jaiga & Precision Productions
17254,Pternsky & Precision Productions
17255,Uroš Živković
17256,Danielle Veira & BadJohn Republic
17257,Adnan Zenunovic
17258,Jiro
17259,Daniela Georgieva
17260,Presiyana Hristova
17261,Sofiya Asenova
17262,Viktoriya Todorova
17263,Melek Eren
17264,Ivona Georgieva
17265,Beatris Vladimirova
17266,Vasilia Petrova
17267,Ivaylo Gerasimov
17268,Duet Pirin
17269,Todorka Yakovlevska
17270,Malin Domozetski
17271,Kameliya Vancheva
17272,Blagoja Grujovski
17273,Vindsvept
17274,Mirza Sut
17275,Zeljko Juric
17276,Adnan Ado
17277,The Gloaming
17278,Indy
17279,Mia Borisavljevic
17280,Biljana Markovic
17281,Haris Berkovic
17282,Nerina Pallot
17283,Beko
17284,lily of the valley
17285,Winston Dunlap
17286,Adnan Nezirov
17287,Philmont 2017 Staff
17288,Maggie Rogers & Del Water Gap
17289,Frank Watkinson
17290,Beans On Toast
17291,Mark Gorman
17292,Ben Farahi
17293,Cooper Albert
17294,Gardener
17295,Darko Lazic
17296,Ben Sollee
17297,480billion
17298,Nymano
17299,Nismal Ditch
17300,The Band of Heathens
17301,Moe Kabaha
17302,Dennis Kruissen
17303,Garrett Dale
17304,Philanthrope
17305,Bonus Points
17306,The Bridge City Sinners
17307,The Cancel
17308,Manset
17309,FloFilz
17310,Carbon Leaf
17311,Guggenz
17312,The Theorist
17313,Khüdósoul
17314,GlobulDub
17315,Floppy Circus
17316,Mecca:83
17317,Tantu
17318,Mirza Selimovic & Grand Production
17319,A D M B
17320,Aleksandra Prijović & Grand Production
17321,Maaya Sakamoto
17322,Nora En Pure
17323,Julie Miller
17324,Hafsol
17325,Ruben Jai
17326,Otava Yo
17327,Andreana Cekic
17328,Shradah & Precision Productions
17329,Francis Henson
17330,Lavaman & Mr. Legz HT
17331,Down West
17332,Ljuba Alicic
17333,Rada Manojlović
17334,Semir Jahic
17335,Téléphone
17336,Serena Ryder
17337,MC Yankoo
17338,Iwer George & Precision Productions
17339,Pedja Medenica
17340,Flipo & Precision Productions
17341,Precision Productions & Destra
17342,Bayberry Drive
17343,Psycho Bob & Tallpree
17344,Руслан Украинский
17345,John Moreland
17346,Friðrik Dór
17347,Kubat
17348,Andreana Cekic & Sloba Vasic
17349,NIKITA
17350,Davor Badrov
17351,Mate Bulić
17352,Ricardo Cepeda
17353,Lil' Bitts
17354,The Many
17355,Kahblis & Precision Productions
17356,"Manmohan Waris, Kamal Heer & Sangtar"
17357,Nevaljale
17358,Nadia Batson & Precision Productions
17359,Tina Ivanovic
17360,Kamal Heer
17361,Lil' Bitts & Precision Productions
17362,Me & My Toothbrush
17363,The First Fifteen Choir
17364,Ranjit Bawa
17365,P. Jayachandran
17366,Luni Spark & Electrify
17367,Tanja Savic
17368,"Lil' Bitts, Precision Productions & AdvoKit Productions"
17369,Redeemer Presbyterian Church
17370,Edin Beganovic
17371,Marina Stankic
17372,Biggie Irie
17373,Verseewild
17374,Amfree & DDei&Estate
17375,Ensemble
17376,Anup Rubens
17377,June Carter Cash & Johnny Cash
17378,"Mary Chapin Carpenter, Rosanne Cash & Shawn Colvin"
17379,Roger McGuinn
17380,Lou Reed
17381,Ron Wood
17382,Richie Havens
17383,The Clancy Brothers & Robbie O'Connell
17384,Gena
17385,Broken Darling
17386,Melanie
17387,Aiden Falls
17388,Kolinda
17389,"Mr Killa, Precision Productions & Kes"
17390,Vanja Mijatovic
17391,Aphiwe & Sobancane
17392,Neda Ukraden & Učiteljice
17393,Chris Farren
17394,Arlindo Cruz
17395,Swappi & Precision Productions
17396,Isaac Blackman & Precision Productions
17397,"Gbmnutron, Jaiga & Precision Productions"
17398,Sir Felix
17399,Spelmanslaget Kafferast
17400,Motherwise
17401,"Parks, Squares and Alleys"
17402,Good For Grapes
17403,Parker Millsap
17404,"Nadia Batson, Lyrikal & Precision Productions"
17405,Soca
17406,Milos Bojanic
17407,Youth Honor Choir & Dan Davison
17408,Michael Chapman
17409,Aidonia & Precision Productions
17410,Blaxx & Precision Productions
17411,Florida High School Honors Orchestra & Mark Thielen
17412,Eddie Charles
17413,Devon Matthews & Precision Productions
17414,Tom Skinner
17415,Rachel Murphy
17416,Wink Burcham
17417,Jelena Vuckovic
17418,mama nous
17419,Paul Benjaman
17420,Zach Hinson
17421,Fireball
17422,Ivana Pavković
17423,Dzidza
17424,Stevan Anđelković & Tanja Savic
17425,Xhela Abazi
17426,Dustin Pittsley
17427,Flachlandtiroler
17428,Jana
17429,The Brothers Comatose & Jam In the Van
17430,"Pennsylvania All-State Concert Band & Andrew Boysen, Jr."
17431,DFRNT
17432,Bigfxlk
17433,Passenger 10
17434,Rafid Sawa
17435,Saša Matić & Grand Production
17436,Aco Pejović & Grand Production
17437,RREVANGE
17438,Milica Pavlović
17439,Birds of Chicago
17440,Feist
17441,GOBE
17442,Steam Powered Giraffe
17443,Dejan Matic & Grand Production
17444,Mahmut Tuncer
17445,Mitar Miric
17446,Hallur Joensen
17447,Djani
17448,Flower Mound High School Chamber Orchestra & Kerri Harris-Keller
17449,Milan Mitrovic
17450,Schmidt
17451,Ane Brun & José González
17452,Shimshai
17453,Stephen Stills
17454,Amar Gile Jasarspahic
17455,McCracken Middle School Symphonic Band & Chip De Stefano
17456,Dzenan Jahic
17457,Runrig
17458,Cvija
17459,Mile Kitic
17460,Eythor Ingi
17461,Kaysha
17462,Lorenz
17463,Buffalo Springfield
17464,Jam In the Van & Smooth Hound Smith
17465,Leïla Chicot
17466,Pedja Medenica & Grand Production
17467,Sanja Djordjevic
17468,The Pogues
17469,Creekside Middle School Wind Symphony & Wendy Higdon
17470,Pip Fluteman
17471,Austestad
17472,Slađana Mandić
17473,Denial Ahmetovic
17474,Slobodan Vasic & Grand Production
17475,Basiani Ensemble & Basiani
17476,Biljana Secivanovic
17477,Mirjana Aleksic & Milos Radovanovic
17478,Crywank
17479,Katarina Živković & Grand Production
17480,Slobodan Djurkovic
17481,Nadica Ademov
17482,Lionel Bart
17483,Fear + Whiskey
17484,Siggno
17485,Ash Reiter
17486,The Whiskey Boys
17487,วงอิสญา
17488,Stan Rogers
17489,Justin Serrao
17490,The Polka Dots
17491,Tim McIlrath
17492,Bunji Garlin & Precision Productions
17493,Yoon Jong Shin
17494,Esencias
17495,Aco Pejović
17496,Tengger Cavalry
17497,This Frontier Needs Heroes
17498,"Erphaan Alves, Machel Montano & Precision Productions"
17499,Dan Andriano in the Emergency Room
17500,Jahmoun & Precision Productions
17501,Gabrielle Alfonso & Precision Productions
17502,Nocturne Spark
17503,Captive Kin
17504,Fouad Abdulwahed
17505,Rebecca Florence
17506,Precision Productions & SuperJigga TC
17507,JustFolk
17508,Tagore
17509,K.S. Chithra
17510,Orlando Octave & Precision Productions
17511,Jack Ferry
17512,Hayley Oliver-Smith & Darío Calequi
17513,Andy Irvine
17514,Milica Pavlović & Grand Production
17515,Alternative Quartet & Precision Productions
17516,"Gagi Bend, Dzej & Grand Production"
17517,Magna Carta
17518,Gran Banda Instrumental Mi Perú de Puno
17519,Tim Barry
17520,Petar Mitic
17521,Suzanne Vega
17522,Petar Mitic & Grand Production
17523,Ana Alcaide
17524,Joe Ginsberg
17525,The Wheel
17526,Lenny Lashley
17527,Chuck Ragan
17528,Jelena Kostov
17529,Craig Finn
17530,Rocky Votolato
17531,Billy + Joe
17532,Kentucky All-State Commonwealth String Orchestra & Brenda Brenner
17533,Jon Gaunt
17534,Dave Hause
17535,Olja Karleusa
17536,Northcote
17537,Billy the Kid
17538,Slobodan Vasic
17539,Corey Howe
17540,Topalko
17541,"Patrice Roberts, Swappi & Precision Productions"
17542,The Parkington Sisters
17543,Anthony da Costa
17544,Water Tower
17545,Jay Maliknowski & The Deadcoast
17546,Joshua Black Wilkens
17547,Cory Branan
17548,Reilly & Maloney
17549,Emily Barker & The Red Clay Halo
17550,Sanseverino
17551,Brian McGee
17552,Kayleigh Goldsworthy
17553,Bon Ami
17554,"Crosby, Stills & Nash"
17555,sig.
17556,Prince Royce
17557,Bobby Pulido
17558,Ben E. King
17559,"Tanishk Bagchi, Jubin Nautiyal & Asees Kaur"
17560,"Amaal Mallik, Arijit Singh & Tulsi Kumar"
17561,Karan Aujla & Ikky
17562,"Diljit Dosanjh, Sia & Greg Kurstin"
17563,Badshah & Aastha
17564,이토록 평범한 존재
17565,Dhvani Bhanushali & Nikhil D'Souza
17566,Vishal Mishra & Armaan Malik
17567,Bo Garza
17568,"Rahat Fateh Ali Khan, Shreya Ghoshal & Pritam"
17569,Anirudh Ravichander & Jonita Gandhi
17570,Murgrind
17571,cl4w & cursfd
17572,Anthony Santos
17573,"A.R. Rahman, Sid Sriram, Aaryan Dinesh Kanagaratnam & Aparna Narayanan"
17574,Seka Aleksić
17575,"A.R. Rahman, Sid Sriram & Shweta Mohan"
17576,"Anirudh Ravichander, Malaysia Vasudevan, Deepthi Suresh & Yugendran Vasudevan"
17577,Panda Bear
17578,Chris Staples
17579,The Milk Carton Kids
17580,Peter Hollens
17581,Maya Berovic
17582,Ruth Moody
17583,Betsy Phillips
17584,Lance Allen
17585,"Carter Stanley, Ralph Stanley & The Stanley Brothers"
17586,Hunter Root
17587,Robbie Fulks
17588,Josie Edwards
17589,Madison Hughes
17590,Ylli Baka
17591,!VY
17592,The Judies
17593,Clas
17594,Niño Cohete
17595,Johnny Hallyday
17596,Makassy
17597,Vineeth Sreenivasan & Kavya Ajit
17598,Samprazer
17599,Rzee & Sithara Krishnakumar
17600,Shaan Rahman & Vineeth Sreenivasan
17601,Neuromonakh Feofan
17602,Alexandre Pires
17603,Shabareesh Varma & Rajesh Murugesan
17604,Belo
17605,Maria Arnal
17606,"Sathyajith, Neethu Naduvathettu & Shaan Rahman"
17607,Benjamin Biolay
17608,Malgudi Shubha
17609,Nazriya Nazim
17610,Arlindo Neto
17611,William Crighton
17612,Canardo
17613,GAME CENTER
17614,Molejo
17615,Péricles
17616,Niranj Suresh
17617,Vineeth Sreenivasan & Liya Susan Verghese
17618,Mumuzinho
17619,Grup Abdal
17620,Raghu Dixit
17621,Aöme
17622,Sushin Shyam
17623,Suzane
17624,Anirudh Ravichander & Haricharan
17625,Kwiat Jabłoni
17626,Benny Dayal & Raghu Dixit
17627,Omer Netzer
17628,Thomas Anders
17629,Sushin Shyam & Neha.S.Nair
17630,Roch Voisine
17631,Divya S Menon
17632,Kbelinho do Cavaco
17633,Jul
17634,"Shaan Rehman, Gouri Lekshmi, Shaan Rahman & Hari Narayanan B K"
17635,Anne Amie
17636,Manel
17637,Pixote
17638,Fourtwnty
17639,Leci Brandão
17640,Christophe Willem
17641,Diogo Nogueira
17642,Shaan Rahman
17643,Sarah Klang
17644,Marit Larsen
17645,"Vijay Yesudas, Sithara Krishnakumar, Gopi Sundar & Rafeeq Ahammed"
17646,Nikola Rokvic
17647,Kunto Aji
17648,The Fretless
17649,Teresa Cristina
17650,Os Travessos
17651,Erika Salazar
17652,Yang Hee Eun & BK
17653,Hüsnü Arkan
17654,Raça Negra
17655,Najim Arshad
17656,Gretta Ray
17657,Imaginasamba
17658,Harmonia do Samba
17659,Romeo Santos & El Chaval de la Bachata
17660,La Maquinaria Norteña
17661,Ivan Dyakov
17662,Tsvetelina Yaneva
17663,Shae Gill & Ali Sethi
17664,Imran Khan
17665,Avvy Sra & Karan Aujla
17666,"Yashita Sharma, Manish Kumar Tipu, Farhan Akhtar, Shankar Mahadevan & Sukhwinder Singh"
17667,"Vishal & Shekhar, Shilpa Rao, Caralisa Monteiro, Vishal Dadlani & Shekhar Ravjiani"
17668,Bat for Lashes
17669,Color Math
17670,"Pritam, Arijit Singh & Amitabh Bhattacharya"
17671,Andrew Judah
17672,Steeleye Span
17673,Ivelina Koleva
17674,Neil Lawrence
17675,Poli Paskova
17676,Elison Jackson
17677,Skhosana Buhlungu
17678,Claude Dubois
17679,Daniel Balavoine & Nanette Workman
17680,Daphne Tse
17681,Zoooomawi
17682,Fabienne Thibeault
17683,Pepi Hristozova
17684,France Gall
17685,Hristo Kosashki
17686,girl genius
17687,Alexander Hanson & Catherine Zeta-Jones
17688,Diane Dufresne
17689,Espoir 2000
17690,Maurane
17691,Bobbie Gentry
17692,Martine St-Clair & Norman Groulx
17693,Indira Radic
17694,Roadside Graves
17695,Banda Los Centinela
17696,Ana Kokic
17697,National Park Radio
17698,Zoe Muth and the Lost High Rollers
17699,John Mark McMillan
17700,Syabry & Анатоль Ярмоленко
17701,Don White
17702,Juan Cirerol
17703,Seasick Steve
17704,Frank Turner
17705,Phatteman
17706,Росица Пейчева
17707,kyoto shooting range
17708,RoseAZ
17709,Pepa
17710,Beto Zabaleta & Goyo Oviedo
17711,Yuri Krumov
17712,Янко Неделчев
17713,Ivelina Ivanova
17714,Felipe Peláez & Luis Guillermo Zabaleta
17715,Rumina
17716,Sestri Filatovi
17717,Slavena
17718,Denia Pencheva
17719,Sofia Ilieva
17720,Ivena
17721,Zdravko Mandadzhiev
17722,Véronique Sanson
17723,Ritam Srca
17724,Jacob Collier
17725,Haris Džinović
17726,Mira Skoric
17727,Ana-Maria
17728,Lili Tzvetkova
17729,The Rankin Family
17730,Graham Nash
17731,Natasa Djordjevic
17732,Nirvana Hope
17733,Jina Stoeva
17734,Cohart
17735,Jasmine Elyse
17736,Šaban Šaulić & Verica Šerifović
17737,Šaban Šaulić & Milena Plavšić
17738,Elastic No-No Band
17739,Elastic No-No Band & Chris Andersen
17740,Hugo Bär
17741,Ailie Robertson
17742,Philippe Katerine
17743,Malalma
17744,Danijela Vranic & Aca Lukas
17745,Koquimba
17746,Mina Kostic
17747,Haris Džinović & Hari Mata Hari
17748,Željko Šašić
17749,Spirit of Scotland Pipe Band
17750,Dajana Penezic
17751,Hansi Schenk & FC Heroes München
17752,Scottish Power Pipe Band
17753,Suzana Gavazova
17754,Stephen's Green
17755,Monchy & Alexandra
17756,Prince Royce & Shakira
17757,Dzhena
17758,Carlos Vives
17759,Bachata Heightz
17760,Boris Dali
17761,"Shankar Ehsaan Loy, Shankar Mahadevan, Sadhana Sargam, Sujata Bhattacharya, Udit Narayan & Sonu Nigam"
17762,"Tanishk Bagchi, Faheem Abdullah, Arslan Nizami & Irshad Kamil"
17763,Gente de Zona & Silvestre Dangond
17764,Райна
17765,Anuv Jain & AP Dhillon
17766,Yanitsa
17767,Tatyana
17768,Francis Cabrel & Mercedes Sosa
17769,Emanuela
17770,Yana Dobreva
17771,Silviya
17772,Bilyana
17773,Tony Parker
17774,Dara Bubamara
17775,Danny Bhoy
17776,The Lollies
17777,Dear Nora & Casiotone for the Painfully Alone
17778,Boryana
17779,Nikolay Slaveev
17780,Toby Love
17781,Iliyan
17782,The Tallest Man On Earth
17783,Poli Paskova & Boris Dali
17784,Noah Schmitt
17785,Perman
17786,Petko Zahariev
17787,Sonu Nigam & Mahalakshmi Iyer
17788,Christy Moore
17789,Bob Dylan & The Band
17790,Jared Benjamin & Diana
17791,Slaid Cleaves
17792,Judy Collins
17793,YVIVI
17794,Samuel Price
17795,Salif Keïta
17796,Judah Anton
17797,Rumen Malinov
17798,Bertie Newman
17799,Sara Phillips
17800,Tim Buckley
17801,lipo
17802,La Chicane
17803,Brian Falcon
17804,T Bone Burnett
17805,"Gay Soper & Alisdair Harvey, Daniel Evans & Jenna Russell"
17806,Shane Barnard
17807,A Camp
17808,RAMI ADAM
17809,Cecile Corbel
17810,Radostina Panyova
17811,Monika
17812,Anna
17813,Danail Ivanov
17814,Lotte Kestner
17815,Arlo Guthrie & Hans-Eckardt Wenzel
17816,Wenzel
17817,Galena
17818,Nelina
17819,Valya
17820,John Renbourn
17821,Militsa
17822,Elena
17823,Viki Miljkovic
17824,The Dead Tongues
17825,"Ann Crumb, Michael Ball & Andrew Lloyd Webber"
17826,"Kuldeep Sharma, Dhiraj Sharma & Sanjeev Dixit"
17827,Sharon Shannon
17828,Jovana Pajic
17829,The BossHoss
17830,Phosphorescent
17831,Ethan Regan
17832,"Sharon Shannon, Dessie O'Halloran, Mundy & Damien Dempsey"
17833,The Unthanks
17834,Sharon Shannon & John Prine
17835,Zé Ramalho
17836,Vashti Bunyan
17837,Sharon Shannon & Jackson Browne
17838,Bob Forrest
17839,John Renbourn & Bert Jansch
17840,Amaru
17841,Richard Anthony
17842,Maddy Prior
17843,Copperwoman & The 2005 Esalen Midwives Retreat Choir
17844,John Renbourn & Robin Williamson
17845,ROME
17846,My Silent Wake
17847,Paul Gregory
17848,Jadranka Barjaktarovic
17849,Zvezde Granda
17850,Jovana Tipsin
17851,Chris Howdyshell
17852,Vievska folk grupa
17853,Novi Fosili
17854,Aca Randjelovic
17855,Sasa Jovanovic
17856,sedeek - صِدّيق
17857,Nenad Jovanovic
17858,Jaswinder Bhalla & Bal Mukand Sharma
17859,Преслава
17860,Nemanja Nikolic
17861,Mr. Eyeball
17862,Sharon Shannon & Kirsty MacColl
17863,Jimmy Pol
17864,"Ali Vass, James Graham, Maeve Mackinnon, Darren MacLean, Mike Vass & Anna Massie"
17865,Purdur & Panai
17866,Romeo Santos & Frank Reyes
17867,Harry Belafonte
17868,My Morning Jacket
17869,Rigby Picnic
17870,"Peter, Paul & Mary"
17871,Woody Guthrie
17872,Ninho
17873,"A.R. Rahman, Vijay Prakash, Blaaze & Suzanne D'Mello"
17874,Other People
17875,A.R. Rahman & Sid Sriram
17876,Steve Pulvers
17877,"Sean P Connaughty, Dave Onnen, Katherine Nelson & Margaret Hegg"
17878,The Journeymen
17879,Neal Casal
17880,Florin Chilian
17881,Drew Holcomb
17882,The Fugs
17883,Pete Seeger
17884,Arlo Guthrie & Family
17885,Kate Wolf
17886,Woodland
17887,Jackie Evancho
17888,Tony W.
17889,Jacob Johnson
17890,Emiliya
17891,Elvis Martínez
17892,Kyle Williams
17893,Elvis Martínez & Prince Royce
17894,Željko Samardžić
17895,"Pritam, Sunidhi Chauhan, Shashwat Singh & Amitabh Bhattacharya"
17896,Lucho Panic
17897,Daniel Moncion
17898,КОНСТАНТИН
17899,Shawn Colvin
17900,Keller Williams & The Keels
17901,Stefan Mitrov
17902,Esteban Mariano
17903,Melvin Cesarin
17904,Jasar Ahmedovski
17905,Veronika
17906,Vanya Shushkova
17907,Marinko Rokvic
17908,Dejan Matic
17909,Reni & Era Ojdanic
17910,Vesna Zmijanac
17911,Šeki Turković
17912,Ceca Raznatovic
17913,Carlos Vives & Shakira
17914,Running Sons
17915,Smoke Fairies
17916,Emmylou Harris
17917,Los Invasores de Nuevo León & Conjunto Rio Grande
17918,Decatur Creeks
17919,parker is dead
17920,The Lovin' Spoonful
17921,Oliver Mtukudzi
17922,gavn!
17923,Goldwater the Second
