usuario_id,musica_id
1089,25388
92,44648
1109,14894
1697,38772
173,26413
432,15680
440,49437
1537,35114
694,12388
226,20646
1525,21885
1287,27237
1939,30410
197,43507
377,40301
351,43017
1515,46049
847,38146
415,28181
1723,24225
649,32742
355,16616
1644,7244
760,49162
1738,26808
1995,48315
926,16759
1098,31540
1518,43279
626,7283
1191,22783
300,18797
1429,18913
555,47522
85,25212
1954,29170
631,29489
971,26889
1149,13600
605,7334
951,35948
550,12158
1609,10510
1509,10873
223,41738
1938,39888
577,37872
1124,28
948,43654
1222,20869
490,31786
1538,42298
772,43412
422,9064
1670,33795
731,34559
1042,43165
1038,43422
709,20300
1026,40406
1028,22897
513,30829
1393,18628
1286,34313
35,26025
1913,34652
1352,39584
753,47358
285,23254
993,16535
1990,34154
244,2874
1660,45144
691,31728
613,9176
1156,45224
54,15084
854,49006
1295,17873
1275,10354
1277,39242
1450,35709
1211,33329
550,11092
1,47221
1023,18789
1782,17824
1425,23083
1473,33652
1157,39801
1602,15109
442,36735
1292,796
635,38419
158,16329
582,29852
1839,15193
1510,14368
304,32498
1516,31481
1435,8965
1047,47943
633,40865
583,38637
1955,250
942,15362
1570,16400
748,6180
1452,33674
464,17114
66,27934
61,16989
68,18775
1789,39952
20,28733
491,889
1906,21852
1716,41229
765,24321
110,43893
1475,37148
669,10930
348,10114
1056,49890
363,29615
1258,28314
43,1379
1757,47604
259,2230
988,31544
1118,25952
334,11878
1236,6062
458,46460
957,22112
182,34699
1861,25871
1648,45688
1569,45338
1875,20205
878,41716
920,16627
594,33032
1114,47026
1669,10297
1661,7770
912,23793
1830,15710
1473,3655
1561,30751
732,37391
1025,1405
1801,18799
1193,33969
1326,24524
1124,3657
352,49660
37,48998
1,6458
602,24686
1924,34889
1720,14161
78,24256
528,17925
1328,34985
391,343
1064,32273
744,47520
1041,49786
520,22738
8,41336
1697,37885
80,16928
1837,28002
1486,5626
1941,3431
8,47127
1221,41139
1644,4133
793,45184
28,16062
174,17954
1924,4450
1765,22493
1939,20217
213,8152
1905,6575
1934,28480
1354,44947
819,11856
730,20579
68,35752
318,14270
1362,27280
1544,1210
1910,40548
1051,34238
972,42259
196,15325
1747,13276
818,46434
935,21322
625,7025
1124,14698
1521,18182
278,41847
758,46928
896,8493
56,31717
882,20519
860,43507
818,23931
1167,21306
771,8057
1290,34985
487,29855
812,30361
1166,47066
212,35198
1160,46763
414,17911
1643,9982
574,13360
967,14686
1710,34248
1042,5255
663,49174
808,3107
79,7810
287,16348
1856,5288
506,34702
1484,20468
1336,45619
361,2868
503,37411
1934,35335
1853,32458
1572,12293
151,47932
281,47122
540,15246
594,44930
1158,13829
1247,11331
1307,6086
233,7138
813,27082
1839,17558
1615,17669
1112,33001
828,239
847,34220
626,47188
1755,48836
842,38621
379,12015
549,29101
1076,1340
773,35874
352,26020
1018,23835
989,11455
150,12458
1836,5796
450,9208
575,40909
1681,48989
1916,14817
1424,33810
587,36855
1109,25135
192,17366
912,26991
22,4237
1190,14939
117,38776
1036,41342
804,48769
1185,41723
1552,10730
1616,45353
192,36727
383,46696
910,8591
1659,5809
1238,38425
763,4697
703,47050
398,11871
1737,28014
1729,45842
1523,35687
1101,27145
1472,38559
1624,9233
1247,1832
156,27611
901,2016
1511,16869
1527,37478
404,7962
416,37010
1067,17728
1286,17237
557,27952
585,46732
1302,17726
1992,16305
650,28310
813,10279
1321,15814
1128,33380
786,25760
1887,29778
1110,18238
365,6728
524,42365
851,42511
1385,39498
1457,46620
1643,37680
457,46879
1580,40851
507,41676
64,40171
1874,49875
909,29909
503,46067
66,11672
676,18395
839,38190
1999,18644
1704,5163
214,18804
537,15439
1405,31170
1078,406
1515,3150
1586,31997
1268,5210
1204,6881
1958,36959
1003,37425
517,19883
638,21281
1143,26026
726,7013
1116,36224
914,47883
1524,20742
764,6038
1145,27680
1595,4163
1078,46814
1576,14684
1182,17800
604,4478
178,20298
1813,48191
232,14745
744,20493
1669,41673
1400,41290
1838,41702
1946,18006
242,30531
1261,49022
43,5927
1181,5688
967,17570
982,3314
898,11451
1862,29133
377,45843
541,19609
779,31726
1031,18967
412,20358
1356,22195
600,47432
1185,48506
1584,32197
533,27875
904,13493
753,19124
306,22666
1585,40112
1070,19057
613,5632
1662,14666
1611,987
1787,3283
995,23904
762,22254
1830,25821
883,18703
315,22273
1389,39424
1078,43689
1043,44334
1194,36466
1109,15371
1058,11690
356,13889
1770,21871
1804,32443
1064,15163
53,35898
1603,24883
1649,30872
1806,14879
1170,42417
1126,12446
1081,9112
1094,46943
969,47162
970,25581
127,18217
212,33137
120,31495
947,35462
1048,11538
1697,20205
1246,5140
1954,3797
1358,26377
402,42906
31,21124
1732,21903
1197,30555
1523,24742
1893,26045
1622,17521
1069,31049
1316,39568
1967,19317
1331,23251
1555,884
1502,37487
418,35587
1046,10835
349,40490
948,12293
1100,26879
1666,1104
1996,39979
1098,2386
548,5609
1352,44654
1852,3226
1854,9608
1716,25639
169,7196
1415,5437
1019,22545
498,46814
1423,45594
1113,1580
1942,11298
746,39702
1467,44381
983,17726
693,21935
1709,14415
1782,30242
1788,21802
1293,25100
1218,2650
673,49478
1023,40543
1795,7004
357,34505
512,955
812,5036
582,227
1765,3208
1569,26772
1532,11198
1750,14667
1742,25667
529,31057
1763,49171
1931,3523
1907,29597
1612,18145
1887,27570
701,42984
1247,5755
1111,15721
1293,35968
69,19088
1455,46180
1396,29575
988,32091
1035,42424
74,10484
1116,39896
886,44193
358,16953
694,39874
1781,12651
500,33882
1774,24546
1235,18245
886,3107
1811,25927
1017,11309
1693,31747
981,49761
890,18608
1022,631
1118,24300
595,43952
894,38932
141,25598
867,34706
723,31451
962,34771
1265,32864
1005,20749
382,11923
104,29424
147,20252
902,21915
145,17388
836,16361
1756,27477
546,48788
968,34427
1485,47134
1961,43027
937,30030
1424,4477
1768,46423
759,36056
1825,7943
778,14606
588,25895
1601,46901
1135,28347
1545,26854
1473,23236
3,32077
708,29469
211,31583
1195,32777
1809,4481
757,6232
1585,47962
487,15433
641,34595
1548,19664
700,42147
352,29837
174,1465
1419,30576
321,2389
1470,28760
1307,23975
37,39272
1667,38315
1903,49548
1375,7261
435,19385
242,6722
1454,5062
666,26253
627,17105
492,17191
877,34706
47,8619
148,44275
1307,15597
111,14458
123,29025
869,28251
736,22119
1565,25153
539,44285
1268,15390
1998,21231
125,21142
473,9007
479,23972
35,16341
292,14151
9,23556
1057,14501
1756,15940
179,48071
448,42284
1637,27567
241,43664
990,20486
794,21098
925,3431
125,1752
615,43563
415,7175
719,27709
161,17423
1615,42735
1019,41976
484,24945
1478,45281
728,10450
1323,37752
1175,29094
381,10156
1879,10897
529,8158
643,45512
1149,46625
1622,5661
89,25754
18,8604
449,2174
1794,46505
1544,2113
659,32995
767,35866
616,30717
734,29089
1748,32060
317,45362
689,42157
1113,44705
1201,30454
572,1003
773,35711
163,42635
94,48547
1791,44321
554,3783
1776,3428
992,42407
1031,10346
1503,810
1734,21061
1215,13926
573,21828
1891,192
1594,1478
1559,32917
1802,19485
1964,10485
822,49309
792,13405
1029,13431
543,4869
1115,14593
1025,34082
786,33269
1477,9723
663,37530
1102,15390
1002,30205
406,25377
1048,12322
1428,12244
757,12442
729,30139
1466,329
693,3652
1431,28280
127,1400
1376,41219
1469,7559
196,5206
1610,35826
691,15092
1695,35503
1116,32138
413,19760
1340,10591
463,27228
1901,37651
197,28308
1731,8520
1895,30717
19,15274
1363,12058
963,7780
915,118
776,44954
175,31457
1347,30612
1791,42320
1030,30833
1091,28546
35,47737
581,27413
1658,43874
1874,3740
1376,7123
458,8151
1539,10129
194,24191
1202,4544
757,18962
281,20630
298,35821
1364,15383
301,249
344,20043
1233,27728
1013,27262
1719,18924
423,46148
332,393
1561,11314
1794,46057
1187,29420
226,39696
181,21251
1153,21871
1224,18426
591,11394
1518,3891
109,13059
1292,16155
980,46805
1898,35721
1995,46365
587,29636
998,33327
637,39941
594,8433
1436,41937
326,1980
1004,17944
1122,23922
869,23732
1890,27913
1677,5210
761,33929
115,2903
1441,42484
1472,5984
1659,21853
1,19228
1259,38296
1475,20711
1559,4235
1370,24910
746,11927
1758,13733
1285,17647
2000,7871
1882,47227
1370,42091
1300,45076
1209,35078
611,22597
1057,47574
1222,41711
514,3730
653,10777
146,16911
547,9673
523,21743
72,42948
1697,8600
1784,34441
763,33332
829,18074
634,19542
518,14084
468,40965
484,31002
860,34685
930,33520
489,46215
529,21151
936,29997
1282,16232
867,13349
1784,7881
1768,24912
1230,16403
64,13165
418,50018
1712,37071
938,18339
1595,14460
809,39486
1606,13730
1706,16164
1294,42329
641,3795
441,16758
1698,14856
821,46911
692,8195
1013,49425
628,4522
793,43038
1838,6856
1486,31266
1110,47121
741,12485
660,38498
342,42232
1026,6056
1368,11173
1866,6260
1377,17641
1318,9827
10,12308
1386,37163
656,8409
1949,27575
852,28213
704,486
1610,36509
1771,15435
1923,11107
1108,27896
392,19547
620,18266
1380,37520
469,49283
1753,45180
1034,17813
551,28548
63,33401
920,19243
1281,47585
1766,38496
884,14676
345,17984
579,21127
992,19418
412,19798
1171,23483
86,43420
947,23689
1124,41696
784,32333
1486,6361
1458,45839
1213,41684
1676,28234
873,43813
1038,33950
227,36564
1537,25647
768,24960
342,31502
1775,14029
1716,8236
1679,2684
405,19064
919,41164
37,17994
1955,3293
628,8298
1737,33378
1602,22522
123,42542
752,696
1657,29505
1580,30096
230,11267
868,47184
1602,49442
1664,38871
1573,38004
566,46882
478,902
326,16633
1378,12150
1039,37558
588,44374
723,32613
1236,12544
1915,49307
851,45794
1837,15487
1237,11209
1168,15855
945,22985
1736,1758
1152,2015
230,42215
912,38432
383,46965
1262,10122
1937,25702
1662,19738
527,2222
1962,29355
604,22216
1183,30261
290,43555
748,30429
567,43696
50,18412
695,13254
444,4220
391,15183
1122,42309
940,36058
1343,31365
1365,14970
1224,13865
1939,3031
1334,44332
1308,35879
383,19181
1532,7889
549,13578
1700,29833
946,21347
638,44781
1509,40747
1589,26482
1536,37869
1388,45211
1347,37209
1200,8510
852,26964
11,10443
1904,25977
640,43667
738,1601
1295,28688
1001,4415
790,42820
56,5461
1764,34006
1329,22924
752,40419
676,27366
139,46334
297,31041
1534,2895
1186,30793
1199,43209
638,6959
1350,14330
1429,12575
428,22923
1857,15077
740,17037
56,4717
1669,46012
1330,13193
609,29864
24,12478
278,28590
947,28338
222,26712
1874,39332
1036,816
1678,40129
1077,18750
654,8303
46,35002
1313,47339
906,11181
3,19266
1252,28592
1830,24669
617,28322
1221,5249
14,36638
131,21953
1944,11515
299,26387
703,41388
1098,14920
1339,36168
1897,21523
202,45869
172,36437
1421,10381
1400,34158
630,10296
1821,47526
278,48904
673,21690
1972,49725
1186,39857
37,28701
1925,33938
1752,39863
1005,1349
128,11604
990,47339
1148,34108
176,12823
31,44182
744,4276
1675,22443
1331,27222
828,45392
1023,42772
1653,2951
1950,20248
851,1834
1596,37975
798,21982
434,28767
1337,17126
1424,28677
1347,29484
1001,13867
463,33624
602,29139
1605,33343
506,25185
1288,35641
1411,40968
1885,26896
617,1839
583,23566
724,2446
845,43333
1748,46958
1320,16474
1162,42489
327,31487
744,21424
549,43629
1376,10325
1107,37947
1978,8033
432,38194
1347,5570
1441,5189
741,20565
577,24225
1383,23335
797,7619
1453,25699
94,43004
1581,12780
241,17814
1205,10866
101,49303
1866,6141
1826,45207
880,39009
1853,39211
964,49745
1469,33215
1211,24668
759,19062
1329,41475
1147,14781
49,13055
725,36875
770,34131
1966,18162
1041,26090
1963,48396
1302,29912
1421,36338
1172,32657
386,25588
730,4697
1837,10319
1310,35693
68,45900
1611,29016
1922,28672
1673,20374
443,11019
1851,26761
1498,48623
427,34887
568,49051
21,42740
1805,36561
603,2825
632,17995
319,5726
526,14466
74,26312
510,42245
1306,46722
638,20249
724,31277
383,9796
637,13232
968,36003
1617,42051
1669,12418
26,49902
846,43357
1930,43475
1396,28006
1801,22934
1468,47135
1762,41469
1183,12709
1514,20782
1843,19831
601,47733
1470,41336
1554,3190
802,22727
1125,3017
71,9083
1352,4335
1865,30434
528,35413
727,6632
340,44653
95,29372
1924,41083
727,17690
1344,47793
195,35277
611,17869
1535,26548
1539,39738
70,40028
1338,41054
197,8467
1429,7159
861,38934
983,9542
770,15195
1451,34889
1495,35776
338,29615
1842,1860
1066,19707
673,28083
1642,26536
1899,45667
167,22908
77,35408
1596,12475
1339,10363
743,38074
1216,17009
405,49725
1824,43641
1000,28015
477,26402
1379,9994
1531,50022
439,1462
2,44739
1523,28459
1544,42791
1414,1615
704,4940
1067,17387
469,9495
1677,22141
1472,13580
439,26548
427,31794
241,20726
1494,1610
586,34690
1008,45388
1147,34021
1462,31179
987,7567
697,48509
1973,16146
806,28147
1021,4939
938,25579
1146,16537
1029,32291
544,30382
501,41194
1487,7717
1544,47966
529,20123
415,16049
1423,20438
1685,33863
1617,18695
509,33799
1913,7722
1088,14572
1188,18082
770,22255
45,47902
773,48583
672,40006
1041,19621
1766,48536
1615,1096
178,14321
899,26260
1258,26006
39,48397
1905,38706
1104,41393
213,17498
1187,7948
1153,27035
1210,35616
847,14721
966,45955
908,49649
1898,42729
1669,26448
1611,21394
904,16820
875,23480
1436,25994
324,4255
1561,40557
1518,37840
1492,8353
657,46956
1481,47977
1215,21293
1867,11547
1753,42130
1427,15420
1211,29024
392,18661
38,42095
622,10320
1610,37102
949,40908
1772,11176
736,29900
1259,23442
1720,5081
1980,47351
1210,34866
497,791
1037,32021
1215,39310
1672,18022
1769,38354
1097,39388
1190,42555
117,23603
474,3500
1421,6809
219,41506
562,40634
1944,24884
615,14495
332,87
1702,26706
534,23073
192,26873
778,45338
866,32811
384,36343
1415,24565
1873,3126
663,22541
63,31386
1467,18164
906,35234
1063,30577
239,26534
1928,48583
1816,10681
327,36034
11,21613
575,44161
942,47085
1990,1815
288,43106
566,15149
1369,12832
12,31387
846,12391
153,40930
1392,15600
500,49003
865,18743
799,17629
438,28927
1200,20157
1505,12749
1758,37800
1347,7867
298,9583
1961,6760
1859,22612
1249,11038
1164,25427
188,44653
517,18974
596,25994
1089,47752
159,43077
1001,20233
1951,10762
281,15730
651,16759
1420,12132
1133,32236
1127,12548
1511,4055
953,24488
1448,21030
231,9774
1821,45829
1710,43761
29,14646
1537,16652
531,27380
1027,46519
1184,17856
1235,25507
744,16767
884,29133
528,42126
1663,47288
74,9085
32,23358
1592,5320
513,29437
745,13195
719,48816
477,41005
962,38469
797,22353
377,34713
685,7322
683,12515
423,12248
1723,35377
803,26321
1051,11089
247,32715
1297,10909
631,1736
954,4057
1814,14626
484,31692
512,6783
1887,31021
1966,40381
416,23321
106,27838
1154,1892
14,12822
1400,31587
259,5978
423,29135
731,10310
1117,20722
41,6095
853,24730
1361,8906
1303,37152
270,12105
1887,34945
887,10816
1994,30591
759,33130
202,42993
774,4600
904,10663
651,636
1023,851
1067,8295
1661,7015
222,8561
804,22765
607,20058
371,11016
1900,41926
84,18406
1211,36315
1988,26968
1000,19786
1247,34740
1320,31239
988,27443
941,19306
1365,24166
1095,22686
930,7687
1174,1843
1506,531
678,29536
1160,40501
1120,13856
849,12417
1935,49606
942,37199
793,47412
183,13425
41,3643
94,6926
304,50047
539,16870
493,6049
179,2075
1832,47689
1052,34450
1134,2095
86,26481
1244,41428
1090,19382
1203,6912
916,23794
617,9847
976,10087
280,25645
1261,27863
1269,11045
1500,44643
223,43642
639,49250
905,30418
221,10745
709,2132
345,30508
787,17648
1738,4582
216,29113
703,27500
1072,12494
2,41810
1050,283
1313,49970
1915,31192
1808,28989
1530,29161
43,19901
1483,17955
1086,24698
252,13420
648,38331
326,48563
561,3537
1502,39179
1412,5939
1151,38400
159,10157
1177,32731
1147,17815
703,11283
313,41846
291,37160
1945,718
221,38941
1592,8912
762,15253
1487,612
1676,346
1840,12046
102,42586
1060,27129
611,47318
807,44676
313,12254
516,45060
1509,33298
134,32174
395,15768
1063,46977
972,31234
848,39472
1978,8360
406,31315
374,13410
170,49227
1741,13028
384,33260
1297,24498
349,18113
587,48517
490,26305
1919,14139
924,8541
1153,33680
210,44171
357,49721
238,38683
444,21562
167,28675
274,24315
906,39542
1727,33783
1546,682
1147,17793
314,2038
607,46232
812,34249
1102,23236
850,24086
212,24082
1004,17591
516,35758
1835,26992
1335,21044
1007,26819
63,14121
1753,19917
655,2061
1210,42526
491,34725
56,42432
738,7808
806,31192
1034,36179
414,48844
1285,28165
782,25690
1619,10433
1874,18737
501,28409
157,38915
1565,9790
939,27053
193,13333
766,45222
1733,18583
564,27940
1098,10928
1665,2354
1845,9071
1572,1056
1352,7459
1882,15918
613,33095
462,38577
71,17680
1466,45392
1858,44564
244,43471
705,19060
928,35794
193,49491
1272,10764
614,34004
1521,1442
250,39916
563,31310
1820,34453
494,32440
393,44184
1376,45240
689,41279
1631,13904
1849,20660
761,592
1731,14129
1569,48413
1864,41291
1797,47353
1261,8896
1191,26298
1653,19043
42,26434
439,36848
452,41296
1509,3214
1390,26494
1338,8280
309,38093
667,16783
1760,13618
1438,16992
1796,516
1794,32921
1190,26741
1170,20440
1996,47830
564,39459
663,15410
1884,6308
100,16569
1723,45394
1568,15767
1415,43738
1315,8284
1651,24460
1528,4206
1476,8122
242,21941
52,16833
488,34117
1892,16940
933,26136
1254,46439
158,28200
1375,8375
1281,21076
946,25923
1896,15332
629,9318
1691,33972
1223,797
1798,6992
1797,19882
87,28130
1965,15105
1079,48376
257,28008
1168,33468
510,34684
601,40298
836,7580
1998,12398
1612,38527
838,3632
776,6297
713,2954
1615,3171
1161,28763
535,6473
890,42088
278,38657
1933,12204
867,17618
666,22627
1332,43022
1574,30189
1782,31886
930,27981
933,33939
1377,27546
998,41072
1736,42021
503,5700
1340,28883
351,10376
847,12600
1992,24253
582,17385
139,12408
889,13077
1198,33290
535,33868
1467,42625
234,15293
1699,45396
877,30937
1992,13907
1215,5019
653,38245
1787,4929
266,12192
631,33278
727,48891
780,41856
465,36428
1895,26602
1002,6093
1348,29183
512,38275
743,42908
1116,16176
1820,31859
498,23256
1974,33638
134,38906
857,40849
1359,27394
1283,40831
1226,36758
429,39603
1330,9711
912,1222
593,15943
1248,563
1246,45349
1480,27036
546,14335
1009,18981
26,16049
944,26395
1511,19245
492,11365
576,33325
592,48684
868,41402
1098,13117
1558,19012
866,27802
1405,45888
845,10445
1028,506
410,33277
570,3600
1285,26305
1550,34820
1487,34261
495,15718
916,30951
1894,18443
170,2267
1780,5454
1571,8388
1238,45269
1346,42956
1022,37922
194,47305
847,36976
726,13132
1505,16652
874,30044
206,24268
882,46906
224,26965
1485,8711
1890,23912
1392,31753
1603,40385
1296,34265
894,20884
691,13699
1893,8976
663,49642
1875,422
663,42850
825,34819
956,24016
887,18101
771,9172
847,44374
704,18217
200,11394
518,20856
1884,15718
1541,17351
1360,24489
321,28633
176,24055
1562,31269
878,23168
907,17229
1263,13960
78,33416
918,25297
1484,39771
453,2163
1802,4741
1983,41644
1976,17642
1306,48412
1787,21918
695,12942
1501,27888
843,13137
568,43132
543,29588
377,24509
1744,15866
1264,18864
1454,17731
323,41255
1494,8396
1617,49563
1466,48750
715,44187
300,47783
1401,37251
1550,40013
1794,43980
803,39774
1740,43604
1155,1687
718,29712
1668,39274
431,19382
1845,23887
770,12685
942,18474
217,8359
232,22656
1791,48436
779,18658
445,4652
141,30512
1330,35
327,13114
995,7480
1262,41146
420,15955
1920,46989
36,16255
1012,12470
1143,10415
95,38952
1728,29157
1671,43282
967,13116
286,6457
923,40107
405,23790
684,47758
311,44695
1903,4675
463,32000
154,47769
896,9125
1042,47158
1128,5781
922,15287
624,45622
258,43147
1190,20581
257,29738
1295,20054
1442,45776
1725,41696
391,19233
320,21750
705,11702
1834,6961
1996,18381
928,16220
1523,5180
1757,48838
952,31589
1076,3337
1667,43778
872,2138
1334,42913
1946,3463
857,21893
443,44885
629,15929
450,23384
1032,6541
920,19620
221,6314
1404,10530
1903,27913
549,31328
1201,45685
781,48900
470,26018
1644,25516
1179,25809
1709,10213
1344,39254
1934,37616
410,25940
1257,19998
1369,5539
749,48895
894,36734
1529,35650
518,27915
1465,33995
573,26880
191,2487
1262,26493
278,45282
1567,25118
1566,47342
1540,31129
81,41266
1688,1442
147,49279
1344,27260
453,22045
1125,10260
1167,17581
1894,32162
15,29298
528,24057
421,47412
1815,36842
1071,3450
121,48386
1069,14789
1189,17934
1415,41553
550,30080
35,50017
1699,25790
1623,10282
1839,35998
883,40961
1663,11169
393,39036
1389,17223
648,19910
1682,28318
1414,25746
1632,4660
31,39744
1354,22567
55,16121
1744,19041
1275,49335
1342,23549
230,2572
1302,5204
722,24368
224,1934
615,9216
506,23307
343,2838
17,28806
1196,14864
1170,16965
841,38173
436,6235
1817,43148
1420,8554
625,35786
430,6415
315,11327
155,43437
1015,21381
833,26134
1889,42614
518,14258
1163,12526
1687,46850
784,35360
168,18927
567,40789
1764,1175
1740,21021
1447,4367
1047,48642
92,40706
666,23849
1627,46123
801,40158
1991,33041
1310,41144
363,8933
1998,34331
206,30763
1062,46136
1717,14079
1498,19809
416,40727
738,34787
449,13502
757,26754
59,37753
410,46813
1932,760
1551,2250
1276,6956
1992,28851
978,9914
1233,17019
1185,44074
1635,48560
1327,14354
64,10415
1599,42295
171,7799
1636,40833
691,26999
170,23383
1795,39097
499,25843
796,48748
1639,6326
1563,30996
775,39400
4,42010
676,14518
1391,35582
1400,33804
1115,33265
879,9943
1897,48195
230,14073
1377,26560
1513,297
509,41615
367,40902
1307,49078
1638,13835
98,6653
910,29778
1622,23189
1585,41379
1306,28969
754,10335
1238,37457
1702,27171
1260,9859
628,7197
1418,49719
1343,33544
756,4632
1444,44271
1993,43429
214,43227
783,15926
1119,450
1286,15795
589,29406
1963,34947
1776,9509
471,41569
1567,27634
2000,37463
1519,21833
1289,15518
80,1032
143,34304
1068,13565
591,36732
132,31615
1436,23853
250,35633
1779,21437
1917,30056
1215,26389
624,9076
421,40479
570,13099
1786,47218
1402,20825
707,36280
1841,31096
1024,13554
936,40336
1898,21914
901,1063
1744,19814
1636,34463
1051,44459
704,7293
1904,16943
251,36888
701,26143
654,1121
1496,27337
283,20628
218,24476
40,23371
478,17487
657,49140
1631,43856
887,40838
748,21500
1901,45408
173,40671
1634,46900
757,46197
684,37682
28,49273
1199,7457
1517,45319
1732,30416
396,7910
46,21014
1961,24724
1957,14896
691,24215
982,27893
324,147
1825,22729
1642,39873
812,17407
1184,17288
1618,41369
484,6838
459,47573
1115,14671
197,10501
572,3204
1980,42056
1268,38995
302,48662
478,49945
641,38650
199,2154
569,19057
422,41966
1715,32652
1996,45485
149,20494
1594,47201
322,5001
1377,44022
1991,6983
1517,33540
1870,27281
21,17434
430,18327
1247,13372
601,14736
789,20224
1677,19805
1734,16662
1288,35603
122,20792
29,48303
301,40560
1856,25890
220,47161
508,32080
244,15662
559,43701
308,4281
818,32699
1013,20858
1327,12530
41,8840
1499,10045
1226,3704
75,22086
907,23479
424,36021
1514,39460
949,25933
1279,5166
1130,3625
1302,20618
19,16821
1745,22394
507,46407
734,30301
429,8296
862,7306
1892,21321
422,2278
1454,40047
1517,35454
741,5177
442,13917
1985,25714
1976,27191
49,40747
1036,20829
518,28964
809,23634
1119,45722
64,7896
1093,20324
581,28205
470,638
515,22999
1206,8965
151,17303
1287,12634
161,16370
983,37604
1826,39046
1074,38435
1624,28876
1165,32121
280,44744
1740,30463
497,47227
540,41403
542,41000
1884,10509
1729,43964
442,1748
1849,11285
1294,13696
883,6461
1338,17330
1006,40630
63,15715
1815,37599
1993,42237
374,24420
128,15967
746,39211
1408,12610
1913,11954
831,1343
309,46817
1343,23914
364,9755
1775,45767
1843,40747
432,5146
1672,20494
1556,10758
1380,34126
546,7583
1120,26064
1206,15347
1650,15152
433,661
751,39450
1900,17506
137,26583
995,4747
1535,33672
1211,19298
61,40612
1542,27675
497,24976
957,13231
811,16550
605,21996
25,44702
1011,23847
803,26290
1865,31220
338,1571
861,31894
1431,42700
1124,33797
40,49236
1686,13595
1411,49943
677,29737
942,7320
1613,18157
1436,540
680,4117
1211,11156
853,14738
1554,38298
41,12299
408,29667
272,7101
970,9609
825,48300
887,40202
1412,7546
570,29812
1988,21080
1465,8792
926,21748
792,28096
119,4800
114,15537
684,42396
1647,42385
60,37123
302,20706
1179,36191
88,27908
1112,15216
63,39796
146,20047
1912,4684
1016,22665
1895,41881
5,19055
1075,27117
1733,30201
1804,29662
109,49141
503,7235
722,2458
1131,10106
1236,10553
1855,21629
663,4771
895,4188
1147,29958
1281,20050
1461,17170
730,10183
1406,43769
518,20743
955,44391
1168,7675
337,36250
1033,11907
1157,30692
1374,35148
308,13268
992,44256
1543,18742
209,40728
750,8585
122,16794
1756,1895
731,27532
214,36131
660,43854
686,2831
1292,9597
1602,47910
267,2482
698,49771
517,20076
646,17139
564,29932
1932,23358
1151,32642
1524,31216
1557,15058
1441,4527
1423,15834
595,20658
207,8774
646,39330
1569,35748
551,32368
1629,32982
1447,43350
818,20595
1657,48839
1197,12193
1199,6493
1978,23665
238,2941
1514,8454
58,6444
1219,4097
1284,17326
1437,25262
1389,35122
427,22115
1201,38258
255,14537
1694,44791
1139,16821
1218,3806
1358,23893
1914,27945
1871,43578
675,41325
1071,6952
1392,41159
652,33394
1153,42490
678,33871
1225,8415
1453,22799
1625,14536
600,22247
833,14989
1418,31171
122,24553
991,25433
670,49864
1874,6267
1908,3963
71,3895
1149,42935
1943,34417
702,17051
350,27337
1058,24827
920,5755
311,7863
419,37305
1238,11159
766,6142
1866,8825
1399,5148
543,18002
471,38577
1048,14592
1574,45289
654,16878
1768,26978
983,32591
330,15147
352,5362
33,24053
64,39285
803,26220
1476,11312
747,41602
67,32702
507,25975
1402,33618
1794,2134
1022,21411
1854,11657
56,4598
708,46505
1812,9044
1138,5654
139,33382
1728,28593
394,11287
1392,27622
1515,31643
581,11515
1363,30843
1209,31735
1770,44698
1281,10309
743,14068
169,14057
889,34255
217,28958
1612,18621
749,6195
1858,11539
1965,23143
501,47509
566,37787
963,41586
1080,38016
1899,9503
1654,6167
1234,31514
990,26173
113,16628
990,49451
1681,18149
263,989
1218,13256
911,30875
1289,3333
41,46883
1269,418
891,41601
1359,2863
465,21553
1762,28245
215,18751
1387,14924
1378,20248
1525,31571
663,10228
750,27422
1470,7171
204,24003
582,246
1227,17397
9,49530
1453,33058
1962,1300
684,34213
1784,4679
1700,6598
980,29606
1917,27626
1415,17332
587,1159
1960,30326
326,44157
1325,39514
791,36109
657,29215
1631,44147
1900,14301
1262,5841
858,7219
923,36985
1456,7893
307,32734
307,12105
1098,44293
1932,18965
1723,3493
1744,30292
601,3334
1136,44980
910,30605
765,17730
49,23418
1196,21486
671,11282
1588,2630
23,5173
616,12794
1307,32674
1478,48079
963,33246
385,767
431,3350
727,31833
1868,18892
1326,24460
263,25520
835,34244
1872,24132
1387,37510
1893,39055
755,25054
796,17779
1753,14909
750,240
1102,28612
824,39767
1393,39335
842,15782
247,22931
683,30614
206,7991
1760,18413
838,43554
142,22465
787,40432
221,14599
1066,5472
1126,31226
201,17914
614,24421
121,9209
576,13540
1028,44513
1061,11734
1905,42611
92,31182
360,48565
1119,37139
1081,33088
1928,3794
501,32827
792,17413
909,24844
1088,25327
1614,10365
510,26869
370,14225
1333,24854
1152,38741
1743,2470
1890,5198
1541,25670
635,8043
1126,2538
839,14510
1091,16193
123,12194
1033,44200
114,26387
173,13677
1006,7331
299,15549
1559,36170
234,10547
77,43876
1560,4331
1327,33538
1864,26945
390,26110
692,47375
473,3621
1449,7806
1665,46885
1177,25594
41,22243
606,31014
1811,29659
1644,34995
1943,37993
1441,15060
1403,29433
523,16560
181,13280
527,14370
673,3359
1258,9335
672,49473
1359,18315
1017,11382
132,48554
1286,37777
655,7204
1064,16325
1998,21769
1138,33163
1629,20520
162,49000
716,17798
991,6107
365,18630
1876,22410
1326,12531
1848,19298
310,10511
1741,8155
903,30773
75,37139
811,11032
315,39640
1229,38229
1992,13571
1340,37773
973,13663
1601,30374
1506,5874
828,34390
1471,33441
1368,15878
444,30264
922,46889
1546,5154
1688,12153
1298,12216
345,39938
1423,44670
1789,18743
1663,25490
625,48971
849,30218
1745,40180
1761,37474
807,6286
758,22998
1394,28098
671,24207
209,19365
204,38329
349,3385
1672,9293
1736,44971
795,4326
272,8171
969,14870
1246,23442
1343,46317
1752,32229
526,12633
722,35668
557,48698
1963,38043
746,27347
417,12177
667,34644
1685,27423
1641,18203
1974,9268
1385,28749
1419,9788
711,21518
1884,13879
839,22
1660,20117
857,5197
239,28706
599,23305
88,16164
874,38821
752,17433
1968,27061
1438,30890
510,25959
1569,1323
225,40513
97,177
1711,32595
1043,18170
183,27502
1384,8115
468,36556
443,29643
949,9617
1428,18873
734,48152
482,25081
1389,15088
1299,25958
765,39585
924,19231
999,49695
1843,3631
839,48810
1666,34777
476,33062
1309,23413
1195,31287
466,48654
1399,17052
298,31605
384,15607
1611,19617
995,46855
1009,21930
1562,21390
1908,32170
704,9302
174,16855
75,39462
173,3880
836,24845
1860,46183
1455,15594
595,35078
1279,40307
211,40762
818,18193
1281,25912
1015,466
182,42244
1305,23014
1730,3182
1295,13858
1461,3834
454,7692
729,43583
215,40654
1461,36295
1440,41145
673,15253
973,37763
467,40264
1082,13595
648,32295
1589,18563
1563,38789
991,9314
536,20677
311,12179
1463,11280
381,25542
1625,36356
1579,17928
1408,38061
307,7176
795,38582
1291,29048
411,27956
1027,38588
332,25165
779,20321
860,35627
523,35610
1061,15418
1279,39839
583,36546
992,25552
65,28765
659,10539
233,38812
86,43120
608,306
1365,48584
1735,2331
105,29645
453,37242
54,47201
925,38755
192,24942
279,7709
247,10184
775,31587
1681,11402
1800,19184
1507,44044
661,47618
364,9809
1761,10236
323,17399
448,36720
498,6673
1348,15284
450,21177
436,47256
342,36783
463,1195
992,40015
1794,35554
1685,13821
424,23877
1473,22032
455,44147
56,25082
582,1062
1321,12705
1912,32814
1396,23350
74,16981
1389,45324
1013,1511
1392,46655
895,23705
480,36526
39,14879
200,21925
112,39338
738,30868
539,8688
1190,37516
904,31180
1038,39239
54,3708
731,45374
1661,32579
1292,22389
371,5161
490,36645
450,39358
156,39886
1170,304
1628,1019
948,25213
1261,6649
1443,34243
299,24048
1938,47532
757,87
1626,5019
1973,43541
481,34042
1516,21806
1030,10807
1258,3365
545,31641
1697,6700
1944,12864
77,28399
218,34301
1579,20485
1409,35422
668,21548
58,30875
947,36829
1309,47098
1279,17794
524,21634
668,33570
351,23236
49,27366
1419,2986
1963,35013
1405,134
149,35318
1529,11634
1559,46273
1794,11580
730,40439
700,41500
796,33347
1791,30865
776,25275
268,18759
457,8535
1255,13223
1168,25702
837,14720
1943,32985
1083,16447
1912,26284
630,30595
1544,46693
547,14971
75,43888
1835,25136
1104,7779
1399,7592
1231,32453
1734,8977
1931,44958
452,1109
1369,21309
1619,38785
405,39902
249,17937
1390,7555
1552,9834
442,8071
1664,23443
141,3853
1015,35571
507,28538
1393,11577
555,31222
84,36985
1296,37071
424,5461
168,46782
1593,30064
1439,36464
1915,31345
1785,4650
1515,18241
37,37911
1125,38915
1290,2297
1912,43213
982,10348
476,23751
477,3773
175,29681
796,4737
234,16926
1721,32468
454,44410
1836,14950
76,27116
1790,19354
1997,10960
1907,28941
1053,6116
350,10017
12,4503
564,35966
823,49101
115,23937
861,7763
117,28354
125,44576
1321,37700
1786,3594
467,3851
1335,45802
93,2841
424,83
163,36883
1013,20778
1747,43020
4,40393
1331,14411
826,9702
1415,7646
1216,46945
1554,6551
983,47749
398,15037
1677,6140
1336,16924
195,13272
94,19381
472,47935
1415,34618
1704,8571
678,3939
558,12508
1454,31747
1387,20931
1526,25389
280,12958
497,20586
283,17885
1360,26576
179,23666
438,18028
1833,31544
1188,29688
371,40802
1383,29858
287,40450
1044,26309
421,40162
604,21810
17,20167
466,38916
89,47307
1319,45089
1339,10457
913,43910
127,35854
192,611
1950,20638
697,5179
774,32683
131,49158
857,49343
555,10997
58,43544
1572,43522
1105,26694
361,37291
1315,13939
631,44089
1871,2898
374,7890
590,7398
1434,32383
187,24786
863,20548
1563,14111
596,13108
243,29999
864,33367
1176,41818
1945,41845
669,7245
614,45007
1702,28329
158,32242
1943,34827
110,13655
1275,22558
881,38898
607,32875
1696,20529
926,37508
682,45573
654,24512
1929,9039
1330,12651
1908,6271
1413,35690
1297,44922
1581,46578
1251,41471
740,40151
150,4564
210,48899
415,16178
1237,21232
1336,9575
433,23569
442,39713
248,48790
857,45457
541,11221
122,29053
1477,23968
322,4943
609,26222
1571,46112
1232,2968
513,13036
1201,49225
826,209
257,23484
110,44280
1862,274
1196,36095
148,30160
549,11184
27,23022
95,6034
1533,23848
1030,48203
984,44736
239,29259
413,4840
1763,34595
737,4140
1650,43661
188,24078
792,8497
851,25439
1677,37937
1194,33481
1809,13569
1903,15784
1045,38533
1912,39500
885,38805
289,20824
469,13622
553,24236
270,27476
1575,16949
835,7495
546,10751
584,13621
1675,6493
248,30339
1540,45776
969,1665
114,43043
1824,27184
947,37717
744,27438
1745,27949
842,420
1056,37097
428,23736
1512,8475
1646,553
1585,44550
1150,44206
936,28370
103,29170
1418,27756
1601,48641
743,24840
111,17269
177,31397
1805,8808
446,29398
1695,44264
1258,35798
1082,47726
283,27292
1411,33690
166,43447
1861,46759
127,867
1870,10808
1118,42552
1453,47199
1877,14062
922,13183
899,39713
481,780
1593,19147
1203,31394
316,12255
153,20608
955,24965
269,48304
407,48433
500,8672
460,20563
1981,4243
830,16399
1878,7736
420,24938
561,7647
1020,16906
1428,29208
388,22400
637,3209
485,15290
1509,49340
1224,36814
1490,3584
1792,19615
840,25960
1910,46577
1784,21686
1535,17029
647,1058
1914,17018
1792,47138
16,13829
160,32146
718,17787
1824,4221
256,27177
749,47945
286,21575
348,8787
537,11121
1387,40151
1769,13534
474,44832
1808,9421
1012,44279
238,10600
1584,28149
1871,27985
778,44019
18,42516
1442,24900
324,5650
479,48963
1297,47855
1886,11178
165,15791
940,18373
1970,2134
1013,48405
1431,40008
655,39546
377,47239
1862,25194
1838,14736
1935,49057
1206,18657
283,30509
1155,2577
1209,34670
745,47885
71,7039
1500,46002
1156,7585
114,28506
1329,6660
666,41538
207,6601
1355,24210
1371,42940
1942,984
1436,33761
1383,17995
1787,26363
1975,23301
1869,43847
975,31786
1756,1377
473,1698
714,41815
242,47677
151,3184
954,30233
687,37944
600,47045
1723,37335
827,22089
488,35794
1536,48755
1749,47209
783,42431
1144,34802
1121,15689
1854,3051
659,6418
1321,29277
1807,45674
600,27652
1557,18890
1623,35044
1148,26866
1257,22963
1992,44883
316,32123
323,16310
1763,40930
1260,13891
129,31979
1334,11412
994,16482
173,12685
1430,20591
399,9119
152,21595
887,10906
1512,39879
214,12575
437,14585
365,3679
739,26828
1787,27881
957,6690
961,36525
883,42056
469,27983
1522,42976
1296,1210
755,26083
550,39684
1516,41367
288,23404
463,36258
48,37007
559,31575
186,49303
1733,6120
1101,41109
1421,21624
724,26835
1604,23738
643,8425
816,4710
1780,47200
1284,14033
1905,26482
115,21818
63,23818
512,6084
578,12339
730,21632
1139,23499
1291,11851
903,32072
1559,4750
1504,9780
1666,22728
128,22511
205,46361
942,46980
1696,30869
130,23852
869,137
1953,49631
70,8170
977,14031
168,35961
70,34862
1034,9272
1672,42344
1449,3913
1750,19778
937,26339
1604,49997
1011,1246
1039,14552
287,13762
1119,14600
81,10268
1434,187
1855,26193
1183,15536
952,17759
703,15395
1774,9867
337,10689
826,7226
1921,34787
254,48030
234,14575
207,31933
694,17795
182,1439
173,13477
524,16786
1136,209
392,14384
543,45555
1822,19818
1629,46726
1608,38858
277,16448
409,22144
1087,40067
1412,5188
1862,33277
1180,10616
1425,11105
93,10601
859,39039
1818,11575
668,49014
1633,24595
1329,9937
963,3483
1497,32529
1898,30443
564,7707
1537,23179
1218,1983
780,1217
147,45873
1011,23333
1005,1095
696,46234
1554,8284
1995,48744
229,10938
1508,44367
352,17489
210,1000
332,21578
1727,8958
1535,24087
1962,6537
496,10744
1590,23524
1751,13403
1693,36738
1737,530
424,17861
966,19186
1072,31970
1892,24462
1443,13635
615,36640
1544,47641
1143,46285
357,21671
1990,1295
343,33401
1531,28228
1239,39229
1642,19734
295,31551
1111,21039
1395,35309
1805,22853
1172,9834
469,35544
1830,24657
1778,40689
10,973
535,44718
696,19397
949,32532
764,17479
1726,3372
506,9192
1816,27779
1225,7987
559,41527
1224,39059
1861,27329
1726,43866
1936,24923
800,39705
923,35872
741,41953
1459,14747
1931,39984
1976,4561
727,16499
1110,44134
837,24411
409,41623
1093,28250
1852,15773
642,35475
1595,34030
1621,29558
403,38818
297,44410
419,18131
137,9380
1082,22565
1231,33602
1114,12931
913,12280
1658,18867
1422,20982
645,3250
1402,28996
273,38181
1601,8183
1636,39081
178,32309
1699,20398
838,3720
982,12201
1224,738
1328,25809
224,10427
856,28494
1129,49184
211,36900
1135,43542
378,33112
201,37312
860,418
1657,36760
750,48230
1731,4124
878,18271
1448,164
653,9470
888,40370
1463,49727
770,24373
1953,8688
180,6829
669,40520
1181,45285
397,13805
360,46002
545,13272
1549,35578
614,15986
97,3594
1640,48355
434,21994
764,809
213,46829
1249,35738
1002,42960
1960,9380
1745,16820
1642,44956
1301,20484
1683,966
757,3904
1087,546
1318,3766
597,18067
602,45803
726,4028
347,37134
477,13338
3,30832
1479,4168
1585,41154
361,18450
1579,15419
236,40565
627,2558
1856,26968
1261,42789
1673,14294
678,30460
1818,5109
1101,33306
1289,13239
650,23163
923,47851
1540,10381
1769,34212
543,44101
1804,10029
1122,19746
992,12288
1868,33550
411,36124
1510,39410
1163,33279
551,25460
749,10671
1036,23537
287,13640
346,17974
665,39016
1236,14869
1312,15335
456,46337
1743,1324
1304,4224
777,8316
1056,46022
986,11911
1490,21004
829,23756
755,3505
74,3594
918,45863
1616,47671
1002,49262
1240,39325
1065,26518
436,45748
441,17724
1907,28926
913,32772
1610,9474
1210,35585
1636,13444
1423,46474
1287,36534
476,21404
915,39136
798,1997
1182,24802
752,23403
1277,25113
225,14550
1452,38132
1534,22309
1657,13788
1019,38938
719,11543
1608,19055
1516,12173
1668,22487
629,12457
1851,28412
190,20302
675,41894
1918,18701
1086,35142
1919,26668
554,4902
1576,21501
1152,37356
964,16932
1105,41299
1537,13081
1457,17702
1248,48866
1975,21604
811,46911
253,34206
1914,27975
506,3295
1046,40259
1829,24188
1959,16826
923,1035
1714,37049
1368,5154
1988,31027
1437,19183
380,48630
842,42499
1019,3338
1593,47742
1045,38653
734,45431
835,19858
1218,17160
568,39998
1210,43834
1352,21481
1710,35498
1101,10374
21,46404
1511,28268
1254,24375
235,22303
24,24083
1315,33769
1702,1522
1442,44031
1354,34537
209,41858
74,540
1167,37555
332,39266
1364,4739
552,33218
1178,10052
1289,16438
126,24090
193,14947
400,6462
958,35548
590,42367
741,48144
1365,33090
1176,40141
226,10446
829,4167
1446,21711
725,36075
1134,28383
1999,1174
61,39449
1832,11063
399,15120
1614,13787
814,9191
156,8484
1842,45299
1858,19341
733,42784
1976,43924
987,47822
18,21455
706,31311
1122,21502
725,12633
1874,1569
762,49746
1071,3264
1769,12669
1726,11684
78,22509
563,46075
1219,45968
593,10765
1367,10171
1067,31197
43,32855
825,22097
476,1853
1647,20134
1742,42947
324,37262
170,38907
868,47784
1358,37303
353,91
1601,27368
1192,16150
734,1304
239,40950
296,4276
484,22827
674,21628
1830,2761
1441,47381
1454,34018
1585,11859
289,41344
767,34747
544,43626
1704,3811
987,35378
1123,38372
1687,34206
1625,28427
1883,25690
1436,2668
1953,27442
1248,26578
1339,16053
1478,17021
1383,13365
1000,21292
456,29249
164,10032
707,24647
103,26957
886,8219
947,13000
1693,5216
1715,27858
1420,19937
504,11909
706,38142
136,2040
1109,19873
1542,7680
1244,30948
1965,23600
1520,39693
801,20715
1419,18602
1204,22181
1040,4655
1201,44655
626,34726
1264,48936
1969,16690
569,5557
221,25651
250,1925
1229,19487
1444,25328
264,16121
1886,50033
1506,5497
862,35808
1072,3295
977,7585
168,20581
920,32094
338,28320
158,7411
167,11777
82,686
1024,36117
1877,47115
1721,40959
794,42494
1558,31424
1027,38666
523,4709
1074,48691
752,48717
629,19499
1616,26956
1941,28456
1422,24118
396,24058
415,32709
1905,23859
1950,41501
210,19431
125,31428
1413,38126
485,28306
235,7239
680,31477
1079,16980
1002,29979
583,42650
143,41773
736,20150
950,46159
550,3333
1981,23401
879,43027
700,3374
283,17612
29,6030
483,19072
552,15870
1131,26049
1735,38553
1004,13354
423,12161
1648,36057
783,27380
1460,8752
154,19155
1531,32274
249,39247
1439,34649
106,43577
555,25629
1187,32138
282,42328
1671,42767
210,5923
1467,17716
479,19219
1508,3143
213,43429
463,20880
459,9848
1252,20770
1746,17752
1535,45748
408,5956
922,40999
653,733
1648,41593
1627,40677
1080,20218
1008,15657
1911,6115
302,34424
93,13238
691,11373
163,9783
771,45979
1046,718
1803,21302
268,45997
979,28822
1295,6134
1565,1674
684,12000
223,21639
440,40423
1601,23678
318,7394
19,34658
1710,14802
1236,27088
442,21086
504,47846
618,1541
1071,5719
466,42859
1687,15324
337,49856
654,17215
657,6224
955,34258
15,27153
1573,4728
1066,33762
61,38103
592,29131
1730,8461
192,24202
1127,9487
660,36850
333,43253
1221,38674
589,7572
1340,36415
568,47475
1879,46559
980,28735
587,49584
1338,40849
1073,18693
622,13150
1618,23859
372,40752
1269,21079
1565,6560
398,2805
1311,22081
649,5471
1608,24464
838,41266
191,17005
1540,13373
1407,37808
1459,6902
8,3789
1911,23114
1327,42009
1661,16723
233,12333
1603,42107
1639,1451
1198,4260
1046,4015
1733,32833
123,6385
1254,41643
1677,34589
471,11613
1878,46670
1562,34945
55,43492
288,28254
1998,43308
1137,39880
1179,925
1202,16394
1116,4452
1078,16579
391,14279
982,18392
1119,6456
824,27277
1989,14243
1321,12490
660,34881
1727,30791
151,1690
1420,15203
878,15793
1552,8960
1028,36846
1228,26933
643,42101
819,15289
337,9269
1380,34599
287,15093
725,13278
1760,32666
1444,26782
18,31685
1236,21354
1447,1693
737,8896
558,44908
1179,15315
565,46138
1332,38902
929,20501
581,18193
1056,14014
1931,4143
1009,42370
1288,16821
404,45187
625,27035
1703,50011
90,21668
642,16098
527,21356
1801,33454
1248,48459
1464,48898
1470,29871
1849,27878
1306,30696
1555,37291
1687,31324
508,39481
1892,26434
802,24082
791,6745
666,47218
109,26511
443,8500
40,46120
1779,6164
1004,4391
381,33744
1137,20966
1471,49694
885,19279
1400,25269
1203,17606
1958,11483
1094,43837
170,28384
1401,39021
154,11793
210,2943
712,30756
738,45016
1332,22136
478,49322
237,25939
1638,26118
512,17833
1133,20437
1746,1428
1137,19317
1434,43805
404,23404
1142,41994
767,49822
936,45128
361,14985
199,37542
1958,9647
811,6838
329,7169
103,17152
851,11886
1193,8343
428,7823
248,11092
1410,38950
1776,39573
240,40732
183,1054
1935,49071
612,2073
1739,37932
246,79
1777,19644
1606,45399
14,7703
3,17750
406,4002
769,49240
1734,22342
1832,40875
1644,34333
1027,50015
1653,39057
1402,37714
1188,46890
1861,19873
1191,35933
1341,40453
1604,50027
1599,13018
1736,43867
892,39889
245,49745
1990,46538
28,9486
817,856
1734,32926
868,18924
1326,16493
1890,19389
1412,45479
975,33343
681,34306
242,7901
766,20089
266,46829
20,48952
31,6387
1794,12058
1726,21545
1122,16774
1336,36503
1581,41186
1985,8298
793,27029
1202,17180
941,36738
813,15913
358,10462
1349,29001
644,12368
1012,37417
1285,23633
453,32432
398,1654
884,22050
1505,41914
823,19400
1753,31892
1353,35039
1121,32666
732,839
1784,8664
588,15499
737,21185
479,21631
1087,26845
78,12549
81,26245
598,19789
1039,2112
1525,47936
300,44682
135,39488
3,49682
511,30029
1501,46666
106,282
1037,39684
548,36418
1783,4440
685,46038
757,19549
1203,34354
400,28110
371,41399
374,20613
921,5768
1768,29103
320,48959
610,29241
823,37452
1767,8473
1480,31190
1766,34016
1534,27816
371,17716
82,32251
1769,126
1360,18502
712,17375
1668,11523
696,14219
1511,22167
736,15701
63,32881
281,23863
494,37887
817,40441
1901,13779
727,44082
1546,48142
516,40503
589,14726
1778,41211
1935,30071
509,32034
64,9945
1707,22075
886,28547
57,34171
1331,27293
101,37083
1545,8778
1359,30753
1784,22415
1823,37168
1297,34461
1596,39605
1184,19988
679,45845
1858,36234
494,9964
799,18864
1459,48509
784,37413
1875,33896
1775,6435
1443,32877
1084,14909
1636,41734
1674,31413
1634,48788
311,7073
1659,18143
624,35804
1756,5460
1464,37875
445,2691
909,23775
1315,24477
613,45038
1097,46817
488,5638
425,26644
1258,31829
693,19541
1727,32268
269,5815
1806,18861
315,11864
550,23414
1168,25470
685,32292
1577,7
1585,40271
1740,8094
1584,16709
1677,15480
1682,46680
1790,11512
1043,20403
1013,33869
30,24228
536,34129
666,16094
1973,49646
1691,42067
1588,42626
1725,897
1588,18900
380,20857
1019,36717
1609,19622
1340,25171
1435,31615
1262,30612
1936,37246
276,42936
718,7323
776,33623
1075,21918
1668,7130
486,2589
1868,32528
500,6448
100,38470
1570,33615
1391,17108
1500,34041
1801,21550
1516,13505
214,34148
1048,45457
445,14291
973,20970
412,33406
363,32800
1904,31873
618,14635
1299,41871
501,8937
887,47830
889,47426
1690,36134
1893,18429
1188,19998
1397,18678
1156,16591
959,45315
287,42064
780,16431
396,13934
1983,46880
662,42018
1760,18405
583,38913
1864,47520
242,27512
1165,2494
487,3991
1107,26702
1590,973
1110,25651
1507,2002
429,18340
1867,45759
22,38509
1119,30574
912,18028
1402,22378
705,7510
1020,6181
224,5901
419,20316
1112,23210
983,44597
185,1635
1432,15908
275,17882
1532,27325
1047,48325
1772,3519
1133,29246
840,8822
824,22466
1767,25805
1035,23072
1723,3648
1276,22811
1301,31685
530,48492
1256,15176
889,49653
857,31047
275,25618
1321,15894
67,23680
1783,9019
1111,32719
546,20177
1805,39604
778,7362
215,11127
1655,17998
1059,47640
377,46523
1481,15940
1946,1066
1374,33939
1405,12668
263,32806
836,35906
326,34778
1777,32809
1407,33811
1039,10145
1331,44108
846,15873
1427,17325
1729,38665
1954,19794
1383,48574
367,46480
1127,47371
720,35347
187,32576
34,47010
1200,13678
1281,6557
1772,28315
1349,20017
40,26564
1930,7402
202,47693
950,41841
1020,34953
686,12187
539,11639
362,7575
473,31451
1132,35614
591,19282
632,20852
157,23101
1766,457
1674,8397
905,27180
1721,6812
449,43249
296,26676
293,32405
487,40646
1096,16834
1180,16246
1261,3670
1896,23263
449,23730
591,10747
859,31444
1033,17968
697,24159
399,39067
531,25350
1230,8642
1153,2979
1470,43941
263,12212
1809,19668
1564,10459
589,31260
71,45518
1920,15050
244,17203
813,25623
734,45837
1916,18179
835,38882
852,46989
1759,48814
8,14636
216,49637
432,40649
1434,21325
783,1723
1083,18223
1416,1861
1615,17506
1565,19474
538,3825
450,31068
111,36798
281,41001
819,10432
694,20791
628,14427
969,8530
1301,45847
525,11284
565,7562
174,30347
1019,10702
491,21896
1511,35583
514,46274
364,14608
451,27042
1952,8882
60,48004
1395,47517
150,36424
998,7660
481,25217
1055,40438
1052,16056
1171,40572
156,18073
149,49033
1104,48040
985,7846
324,43464
340,31231
913,5637
227,25926
244,9579
264,13359
62,21125
189,14892
1526,10823
810,4115
364,5149
8,31465
1558,4125
149,17851
1088,6593
35,8050
655,16067
1273,46416
1968,45413
1698,12957
564,21690
325,31792
500,44725
1387,6466
653,30163
460,22249
538,4539
416,35282
1790,16311
580,47511
1715,29163
715,24171
1697,32706
14,44102
274,9208
605,24461
1058,1532
109,18167
1489,41190
1132,37637
410,29269
890,25987
1354,5749
590,26358
1454,36518
863,36144
1699,8935
1367,1482
338,22616
1814,48715
1318,49181
651,3429
449,48422
1248,41791
47,49596
831,37544
359,922
1764,13519
703,10529
82,31660
157,39288
111,36219
1219,44935
1332,30244
779,48563
1775,27454
1610,38117
179,47494
1766,14645
1943,37224
85,10349
657,15421
444,3557
1681,45790
773,1900
269,6893
633,17330
1231,18060
1124,14436
1583,27927
895,13459
830,17184
368,17578
736,34787
817,31265
1882,33041
1274,34229
1706,31782
103,21964
638,36118
1370,22722
752,36631
876,6279
374,48030
1509,30062
186,18979
488,11662
1816,14514
210,22474
52,14606
1446,34235
906,17018
1083,20880
1462,22511
1992,30037
616,6083
1929,2424
1319,33963
112,20278
232,2557
1659,46451
1700,48276
1769,23322
382,31867
1256,23185
1046,22594
1564,11732
980,42598
238,43773
563,40232
1788,7470
508,21711
599,48916
1932,47659
1317,3875
111,28769
1981,7154
1085,40989
317,17986
1198,12607
681,45175
1018,43684
933,20520
464,186
357,33804
1925,48564
426,7466
225,39004
173,9056
1990,20201
93,4737
688,4958
203,40664
1359,17333
675,7666
1791,16524
76,4103
186,33683
1554,20756
1793,3665
1200,16856
595,43691
355,36817
1281,39401
43,34652
30,2364
278,49222
897,43998
1564,36691
1301,17902
111,17241
1832,40804
423,44577
1247,31303
295,41592
179,46511
1139,28971
778,2558
25,13761
1112,20205
2,23014
1134,40107
146,22274
1939,16401
1927,26686
934,17612
1548,5907
1663,15786
1803,32999
11,35280
1075,30730
14,15930
778,45428
990,41544
1,26382
443,15447
1829,30024
1014,28751
876,47896
35,30013
136,37161
1699,36270
1129,46582
206,20501
345,20972
1610,28048
506,21973
636,34197
540,6921
1745,43428
1955,13294
905,29102
1933,30244
1905,4393
1211,47033
1042,31523
870,18274
1222,38581
831,23888
265,47295
66,35730
841,49746
1354,45568
1526,3651
1570,25375
1115,14077
1910,30755
1079,32353
1548,49312
67,26558
1307,15739
491,38126
658,1831
716,13005
776,39277
668,41515
699,44700
1353,14428
1006,24465
610,42348
1259,45725
458,6404
557,33837
1697,10303
1887,33267
1723,2674
1729,28937
496,41603
1438,49206
1594,2043
1154,24907
687,32101
703,9599
10,32
869,27979
883,14562
200,23333
1810,31260
1616,32928
1417,12311
1427,12645
1460,45787
786,26016
382,40312
1295,28441
1516,11672
277,35390
564,47361
186,32857
1916,7291
1138,33513
1628,2321
1741,444
1924,27849
745,38360
126,28407
729,4397
305,32252
1013,24131
349,36937
312,13572
1650,12542
1903,19589
1376,32872
1270,9765
1340,16909
717,32097
1207,29429
1656,3376
1650,36712
1874,41516
940,3050
471,41075
50,40067
617,47741
1697,14018
1064,45288
1999,40971
1781,31876
911,48856
1459,14728
899,27893
676,7449
587,18949
831,39677
1912,20100
1303,65
921,39898
1821,8647
1799,20406
177,49670
848,15190
326,44461
565,20165
1007,49502
99,49550
1986,24742
1745,10390
1541,4103
1607,29417
1266,40020
1485,45366
1458,17922
743,31757
1583,2740
874,16595
248,13580
1875,31387
794,35584
1741,27010
1779,6733
704,27380
429,18425
1003,31160
378,29398
1150,29043
1764,36116
1706,2625
729,47300
1091,45555
543,7698
565,9680
230,24209
140,46997
1945,8949
355,30038
833,44243
715,7223
801,11313
1557,24331
642,23951
1894,29018
299,19778
397,9308
1054,45984
944,5099
1533,38582
1896,28882
128,29619
1168,12936
677,36096
555,38118
718,25374
472,32091
1506,20240
360,4872
41,7980
423,28553
1867,19333
1825,48210
1841,21230
957,21391
1967,34644
320,34616
955,15484
1307,32033
77,12332
955,29231
390,18542
1810,9183
399,27492
222,37049
660,24870
778,12345
1782,14151
627,16250
4,29761
1897,47345
328,49811
1657,40495
956,49878
782,34821
1719,1601
1748,468
1389,32191
588,8324
1467,36620
86,5549
1262,33775
78,32757
938,39099
1862,46711
1279,46035
1763,35951
146,3636
551,8317
1392,20440
1915,40913
618,5258
33,43671
1280,49690
1222,15241
380,22578
318,28104
1690,41833
511,29781
1699,21309
1372,14986
462,34656
592,33392
394,29839
1494,45680
1602,49263
1989,2838
1259,14470
1025,42526
1262,49272
331,28475
1478,26292
1940,3689
188,8838
1923,36628
1341,23393
16,21268
1078,23701
1199,33580
166,10014
373,28320
497,28115
1476,1286
872,3960
1071,49488
35,38766
742,23884
1791,20792
1680,3402
1279,14347
1797,33631
350,9219
1083,4197
630,20004
1347,26058
1543,47720
923,6464
1549,17602
1027,39114
832,3752
947,46633
318,5051
606,23689
197,31809
1426,27063
1130,41841
629,34253
1941,26564
504,49756
1056,6624
1903,7222
361,21134
1233,39263
599,46346
490,36254
1128,42067
1907,41797
1920,4621
1128,14236
1755,18662
688,23908
805,5832
39,49804
96,39699
1781,34169
1812,44778
808,13417
529,26546
1551,25160
1885,8396
1453,15721
989,7798
781,34783
720,48380
899,26464
1848,43774
575,45827
311,6206
1997,34214
427,20376
1658,28341
738,34760
1046,36695
1761,36335
868,23208
1269,4417
326,10426
779,5257
1111,24303
388,4641
1645,35128
237,46618
1602,39064
1771,10716
1598,41499
1011,41563
654,12865
1354,30320
1532,18634
97,11214
526,27813
930,45582
1115,42175
1625,9597
1181,24601
1032,35993
1048,3349
1350,18514
1558,11484
1212,31113
557,5681
665,34283
858,14311
936,6227
1834,7714
1969,47694
1712,32811
389,18621
763,46324
1099,38988
373,38138
783,13990
1919,31873
1514,40564
1923,40604
392,11439
1300,4221
953,22107
1771,25676
564,24348
131,34057
273,47730
351,42783
385,44586
332,31806
193,46843
329,6545
1554,16365
435,49966
1878,29005
1099,19369
1079,819
79,44774
748,33644
832,3143
1736,7931
319,10216
253,4087
975,33527
885,10381
413,17658
1463,18370
1685,42919
369,13728
639,17148
489,27748
719,48292
1290,32014
569,34495
144,35392
1321,6559
1857,8742
109,907
897,14249
1588,22786
1720,49635
892,24511
1027,40781
903,39501
1874,26696
1298,26952
83,24134
1579,40816
1105,28599
1191,37611
158,41471
1199,2813
162,42704
1215,7900
1763,48551
1453,47643
1483,31834
1475,19559
1829,35888
1800,31937
32,26363
128,50007
597,21197
521,43169
1908,19469
885,19442
1770,39143
1042,15274
1005,11789
1062,8181
26,31860
159,18225
997,4257
331,31092
1214,38205
1826,25896
1301,32336
1431,28249
393,2856
908,25751
621,12516
125,16711
957,26819
869,15717
1564,20604
14,28757
1840,39955
680,49514
1658,35722
1739,27107
1876,9405
707,33992
487,36794
231,13044
1400,46493
1599,48730
420,18900
1839,19257
113,11944
456,9868
303,36654
1612,1410
757,4633
757,33972
1328,1043
1045,37622
1901,8713
2000,18032
1659,18839
1659,5651
477,49191
1198,39681
868,41692
1683,41938
1648,24251
1443,4133
43,49265
1290,26026
1196,45252
1932,36365
1486,13458
940,23379
297,33879
366,24264
98,39833
1184,47106
1715,41160
1262,32669
1134,43154
257,13962
1916,6693
1346,42511
1150,24383
872,30900
423,11113
154,12870
1408,23561
496,1947
735,21370
1378,39998
1953,22087
1286,12616
1889,23849
743,42833
673,42083
1537,27071
1217,6024
117,11118
732,39758
1434,8171
1886,15558
1000,16928
1400,24324
1711,8709
1257,19558
980,39357
1308,37695
594,29257
1083,16188
436,32825
1151,11243
1689,39841
1509,29196
27,6083
1941,34204
1835,31588
1157,28368
45,13979
1751,31455
351,14212
1105,40297
1208,22395
1784,37221
1119,12851
81,38046
108,27636
607,27824
1365,23113
1041,45846
517,46164
609,32186
990,22510
586,12186
1929,8376
1625,29359
1499,44038
1717,27238
1536,21544
129,20864
1466,47164
1029,21723
1706,17210
1746,5935
1788,35536
648,49021
1660,21714
589,39798
810,33491
956,7901
650,9188
217,34705
207,2386
1533,21609
1469,33710
691,13338
816,33613
1536,11450
1052,20569
1884,33895
644,3920
1359,33596
1719,11988
1903,43205
1479,15582
1757,23158
1296,3614
596,26910
1587,43867
1952,44023
349,37307
1314,38318
1784,8795
652,18838
1321,37885
1658,25140
1318,6633
6,16976
248,7817
1225,3200
1792,38089
1165,815
489,17268
863,30074
91,40147
432,47672
1092,46214
571,8996
1552,48295
139,46735
302,19629
507,49101
326,5030
1254,31673
240,27753
751,13432
621,38278
54,9917
955,33729
1506,4726
1187,15514
345,39293
270,24152
1927,40753
1815,18910
1145,45244
994,10731
978,4120
1474,13026
1939,39934
696,29200
1469,25478
1604,12498
129,42106
1593,19350
361,5920
293,13174
957,47459
705,37470
224,22001
744,32379
701,41993
125,27704
9,28409
1194,8031
827,38789
482,21382
1319,48185
994,49235
972,10306
857,29470
1815,39625
1955,24151
1820,34789
362,38807
1774,24154
1113,17282
784,17844
572,7927
1623,8757
1831,2239
1214,32460
160,5168
1657,11463
439,19449
683,19842
1590,20793
120,31547
1576,1523
703,10533
863,27859
299,11600
921,40115
1674,1338
605,33290
1389,20188
1035,8523
1553,42004
91,29713
1242,21624
324,16759
1372,42192
441,46463
1927,895
439,49759
1729,19007
8,5956
653,14892
524,12732
1793,28426
793,35735
1393,43912
1058,6025
1012,6231
1692,16288
1356,6864
1482,13616
382,48060
1544,3279
453,31030
1081,42915
1989,3011
1692,7661
211,8107
969,47993
1820,38886
979,47095
1645,8845
1190,7525
190,6568
484,41652
43,7424
1034,48130
1681,16535
346,8301
577,3970
1361,45360
1777,41547
473,23378
1649,12170
643,2609
1874,48253
1084,44079
106,48532
1184,29746
670,48017
198,49240
836,21310
1573,11169
961,37852
246,18880
37,1161
225,3302
564,13103
825,7477
1789,42422
1246,33560
91,18725
566,154
1222,6130
1832,5226
1694,16628
947,2092
382,28181
938,33675
1112,15871
1710,21855
1392,15416
1668,13191
267,11912
1005,31377
1620,10888
188,47293
590,27146
1330,42249
143,44384
610,40017
1618,45770
1628,29165
1515,33306
13,9395
1418,48019
1690,35528
246,22413
142,27153
287,4857
133,14150
873,30654
33,43209
1998,21846
1600,10601
1034,45076
1084,9897
494,41449
855,11880
1015,31075
98,3086
1614,8312
665,1228
244,20758
246,19009
921,26505
875,40338
1642,4683
1847,2115
878,45682
1628,24298
62,49920
1168,47218
1453,21205
1126,42082
1882,46984
53,19753
377,47588
683,25265
543,37712
506,10233
580,14219
583,38365
758,8634
1681,37118
1601,48363
1950,20587
338,5097
1555,18202
808,48703
192,22364
594,13126
299,36737
359,49157
1847,34167
15,48632
1020,40196
52,15587
97,36613
1711,15441
1018,30732
1197,10666
392,27850
830,41207
1809,28471
1329,35362
1931,42060
1627,4759
922,41550
1951,16497
143,21506
233,30298
1073,26326
844,47002
1565,33776
374,28746
1396,20437
1425,14636
1066,22429
422,15191
1276,20703
1398,28466
1302,39991
924,23222
1442,34761
1601,6070
377,22051
946,28822
960,24655
613,36060
495,6054
875,15224
1893,25064
346,32572
372,18559
1775,35504
698,39949
1464,1354
12,38257
389,21367
102,14980
928,34771
735,23473
1106,23762
1387,35431
1667,22408
1042,24398
1272,50063
1359,18755
1163,28589
38,30076
928,46252
689,8404
218,18904
818,1367
1752,43036
942,29864
1480,23595
1582,29831
836,6253
1016,4705
805,21299
16,15637
342,13897
1456,47500
216,4926
1970,44305
1548,11473
940,15475
353,4228
57,1522
1328,35357
1485,48447
1654,10
197,30146
479,50000
302,22322
34,36090
184,28311
221,27089
1300,2356
802,42797
1109,18828
1446,9353
609,9820
153,1330
45,33930
1445,24402
1510,27719
175,46987
971,15119
719,31202
1830,12236
1699,10580
1842,30999
1833,32957
929,22916
1953,2962
769,23872
1699,4317
459,21946
1577,8316
980,1075
1661,14564
1467,23549
1055,19576
1220,1730
1999,9751
886,25955
1087,49065
1741,5049
1439,21154
489,2080
1676,20290
387,32546
583,42343
34,13254
608,15678
556,15925
1357,18299
1811,22123
1093,49386
354,9724
1727,29950
60,36596
1906,5404
1182,35410
785,24664
1503,36325
1179,29866
1113,11063
195,18820
292,1851
1637,20538
1100,7964
763,39114
384,15859
1909,8918
1586,42671
371,16598
601,6387
994,39306
765,43143
423,24831
728,17328
1254,41349
541,45472
889,24097
250,24673
1154,1301
1032,40008
122,46575
472,44499
866,697
110,13890
1146,13629
301,6237
294,23427
1770,47099
1228,2414
695,1072
761,48955
691,6400
771,44302
1239,4802
501,73
1495,24181
1960,7871
1310,41268
991,9533
1900,32828
1892,33989
122,6486
1221,31395
749,14489
1208,33762
113,44682
323,49822
643,46085
593,9183
770,18235
1552,12488
97,31556
322,17472
1444,43442
1108,3135
753,15250
555,9900
1609,34145
528,47788
1727,32969
1483,17221
1324,49594
146,41872
414,40747
1670,15969
1235,44668
399,32414
244,29784
466,48649
1990,24662
1668,1725
1813,34198
1996,28184
887,44135
333,311
1178,36034
288,19375
160,45677
84,2401
205,36733
1802,7456
428,46127
650,35648
39,44992
1869,3573
1661,24781
1555,12353
212,10040
1436,17710
337,7285
1315,30823
1508,1256
547,30495
1861,32522
759,6998
977,14268
1370,17837
722,31170
1585,8077
823,19004
810,17395
522,28632
1266,11539
1303,47232
297,33327
1173,40865
1115,17640
152,19552
606,11893
880,39469
513,30580
403,26432
857,9086
610,19793
897,36348
1209,19784
819,13841
880,35208
192,6820
747,29338
818,46054
1784,37282
962,513
1033,47153
651,36395
1310,4173
1425,37885
1258,5371
40,2397
1041,26813
951,18091
1992,27585
1253,25770
1825,37897
237,27327
100,44063
1750,24835
1565,5978
1135,31532
1411,31646
424,43692
739,10745
665,36736
1499,10164
1858,23860
103,34504
1050,49878
1808,6562
531,17723
1077,16111
1473,8638
528,13030
10,24190
1940,35705
591,38541
941,35934
1087,20636
1545,22837
175,42372
1514,34273
1300,23149
374,34065
1278,29440
623,1994
1601,20209
603,17025
1953,47816
873,49549
1151,21501
1949,16590
1315,4952
184,15938
1698,3015
854,37199
262,33392
731,3828
662,49611
757,37939
1194,30130
648,15959
940,18036
101,771
718,1692
1708,28897
1095,33328
1084,14846
1077,37977
1378,18127
422,21062
503,34337
1729,47127
330,12467
360,34637
950,47714
1074,14899
1080,35871
249,43617
455,40608
63,15694
890,49248
379,24595
554,1321
801,30077
1313,4775
355,15584
94,26962
743,25263
569,15955
441,7531
1368,48648
1786,23286
565,30128
1783,33185
1597,38308
1061,35939
7,18932
1814,11272
1323,10889
347,20723
926,37249
899,2778
684,31892
122,31252
1357,10947
1788,40767
1788,33480
1464,8066
1216,49568
890,33818
1934,19204
1092,31799
1877,10382
1685,23357
4,8704
53,40248
1076,29426
682,11429
915,41863
1506,37001
1213,4293
1242,20439
34,14886
1064,19407
494,40784
484,28153
668,252
706,16445
240,40366
1700,20138
846,716
1804,17680
1780,6549
995,7640
542,13618
33,41357
1682,11138
1777,49999
914,16587
989,7216
867,22684
350,24914
641,18256
1782,44003
783,7841
1271,25986
688,27280
940,21918
896,1460
1338,24867
1231,30629
1515,27403
1630,41110
1502,23850
168,36657
126,47979
1432,1898
241,46538
142,20735
418,2688
1394,27878
1066,35555
1606,8653
722,21083
1644,27250
14,41336
1702,3989
257,19957
1065,11554
200,27453
729,32567
687,3854
956,43638
1978,38232
1931,37711
1978,22917
1843,25883
1091,48079
1625,14318
383,35213
1941,15500
1891,8780
446,17493
141,42666
1249,35212
1854,30851
1,20841
629,4446
766,29435
812,37152
981,31791
1476,11523
1680,3173
695,34126
622,47575
689,39246
369,46259
1845,40412
1419,8397
263,45118
735,35234
723,25319
736,24084
243,29648
992,46726
1666,7757
1623,6543
1118,6571
588,29160
1719,115
1977,35186
336,30805
246,39967
1018,5338
866,44509
1219,12371
1710,19037
1636,26957
1033,3744
593,34798
727,21742
1619,27041
1950,49309
1661,34795
1176,41772
704,43748
1637,37415
685,35901
1478,29809
1500,48941
955,44702
769,39695
21,43626
466,23988
991,9155
1581,36635
1699,22594
107,29301
1292,28730
1914,10067
689,23827
1900,16173
1057,29010
1201,30418
1568,7821
385,20223
674,41103
255,46143
1881,40095
1872,11033
1570,49427
1271,46326
141,24998
319,49157
1003,14275
1911,9193
1542,7128
1693,38148
1517,6038
1965,38192
1053,3397
244,30127
321,4479
939,26664
821,3008
427,17463
288,22428
282,15716
803,19540
635,25526
1618,41842
1965,40206
1226,7251
974,23773
1587,3205
1168,30758
1457,1708
583,38739
1610,27450
1558,15336
41,38423
1531,40450
411,13329
1802,22452
560,11338
1515,23353
821,6264
955,22619
1153,23917
400,1872
442,25341
647,8354
63,39261
1750,31941
1849,38565
180,10215
759,26794
723,13171
139,3626
691,27774
1069,27363
590,3868
850,13430
1103,25370
1606,39442
643,22521
1315,20149
1479,572
473,33487
860,33275
758,46956
1713,4572
1868,41882
1528,21238
1654,33035
1729,29143
1533,34379
1824,38000
1178,28708
1728,3345
1976,34039
209,3058
1470,17295
1890,44329
1554,41995
749,33923
1831,27140
400,38676
1769,49520
1231,16957
1036,1483
1261,41214
493,10249
1152,7471
589,30239
1945,25294
1937,46511
805,23116
28,7230
1795,47811
493,27552
1054,33753
1498,21153
1913,15934
602,33071
759,314
1499,5114
1668,15972
474,9002
147,31291
1591,37899
770,3681
1709,24685
1847,14337
65,983
33,6358
168,38036
1623,29523
1206,22361
419,50035
1112,6023
469,35133
954,48080
1951,40391
939,25390
311,25628
663,5103
861,34635
1164,41785
633,48164
1578,19745
1496,26671
743,31166
983,23519
1791,40761
1922,44229
654,6172
72,4410
1116,7632
160,33144
666,44380
1203,17611
466,20289
483,7681
714,46234
254,34783
1388,35881
171,43140
621,33448
1241,32405
507,41487
1972,43878
73,7373
1008,43920
268,34100
793,47784
1501,12562
1021,41370
1401,26179
698,19995
1671,32964
192,12107
1302,31174
1165,24804
1731,13115
1651,4589
1917,4126
65,14635
1731,44336
1100,45101
301,32212
1954,35176
357,37435
460,22898
1107,48737
544,40115
252,17742
1866,8995
771,40148
1269,35073
590,41806
1136,14165
1350,46656
693,21373
434,7326
1358,48758
448,34653
1294,1797
1382,26774
888,47723
1260,4134
1799,43809
1526,13340
782,3838
1947,22607
1488,24231
563,1104
1727,16548
10,7265
598,23299
312,9742
352,33320
922,19992
1332,7758
1498,22241
1348,4972
657,30156
497,20431
1663,6204
1673,41365
698,26399
313,16471
359,2611
1268,15274
261,44334
1751,17011
1007,20821
761,44746
1658,24771
94,43346
28,41434
1714,27632
1020,31192
62,36558
212,7077
1596,22013
1259,27745
1723,344
1520,23292
472,43742
1867,36541
475,34075
1675,36896
934,6897
1866,10419
1486,16486
1545,845
209,4387
1871,17606
1940,16499
817,41011
1780,36558
1805,35960
1849,21071
80,26063
1235,1477
1621,48564
1490,8883
482,5984
20,723
1076,3585
1211,33446
1970,14426
1260,15267
1936,34322
1414,12105
919,18670
1015,29916
1623,348
659,49923
1490,28040
1857,9726
1582,17230
604,18740
1152,24371
1796,14658
1756,12068
382,26535
721,21582
149,27341
1177,49673
816,38327
634,15752
1245,44703
1121,20006
788,47311
925,26331
136,28514
806,27138
900,3705
1607,7366
56,33557
32,47620
1168,23744
1086,2321
851,2680
703,6390
1863,37357
118,12271
347,36691
1484,3819
217,18051
1995,47901
1371,10985
1953,41265
341,27727
1507,16233
2000,37709
753,26694
1159,26302
829,23558
3,48717
67,45527
487,13633
167,45635
313,11654
1929,275
771,23999
559,4316
1342,28141
331,26338
1689,8674
826,17581
1175,35817
1697,41377
389,14808
1333,16518
985,9765
410,49473
167,43086
167,26311
638,45712
1611,17873
1935,33148
1167,16618
1828,2859
679,38458
1415,41921
635,12060
1531,5312
1227,11075
1150,4189
705,7344
261,32592
1607,15113
1387,6151
890,17143
413,28892
1649,14421
1500,39391
832,10989
1617,526
1558,39375
1168,30817
597,16753
998,34703
1463,40894
1058,3523
6,3524
111,17687
242,27254
1320,2598
915,46976
1565,48591
1184,1847
797,19843
472,39794
938,28768
277,48736
1549,35904
919,7904
1458,22292
496,16925
469,31829
824,19027
876,34106
1811,5963
898,45480
1440,10317
1052,42226
767,41145
934,22870
1478,22791
582,48591
1034,37223
1469,39396
1912,10164
1510,20975
187,39393
317,29223
1745,31236
1735,31851
1979,36591
936,33747
818,7654
575,15178
1509,3004
727,35873
1299,29857
581,41930
286,30528
20,10071
228,29528
1612,39977
1100,313
779,793
1706,47713
1602,40734
1507,17927
1878,47371
273,16284
215,17760
1178,5563
200,18296
787,6523
401,14891
147,14345
578,18306
808,13079
552,19072
7,26506
235,4738
1089,31682
505,9919
804,3189
1419,20496
478,49569
407,45805
1493,11032
973,46064
422,5387
782,26105
590,11064
1137,8983
1763,33146
509,45476
982,11410
738,24105
856,26749
1544,41827
1762,4935
868,33953
1338,48521
312,7936
838,9142
794,35257
615,27540
1329,24312
637,44741
1274,13283
497,11257
1919,12723
1483,21629
1982,6464
535,46564
1603,41363
658,40669
1362,3586
267,46510
1663,9471
1638,32831
657,1075
336,12874
699,2124
270,5959
1982,48170
991,7814
810,33895
1644,18246
1062,11807
1617,27721
65,14805
1796,27567
396,11335
1335,35083
1775,33366
265,47160
625,24155
553,43378
1707,32090
602,34234
1591,39895
1395,48129
1181,22718
913,41554
926,15411
1807,3510
321,40368
1398,19244
382,49839
845,9406
497,18965
622,29200
1508,49247
218,23248
669,7560
853,33246
535,4043
423,17033
1568,1889
1283,6066
945,732
854,20231
1524,42605
431,8997
329,49790
960,22395
304,42552
847,26278
1466,8135
1172,48093
581,32604
714,6609
1878,4227
1937,43894
827,13357
1261,3078
1426,48987
548,46333
1583,16413
498,25037
162,40171
160,39247
1289,16285
84,48290
84,37640
1371,17567
130,17202
1532,15728
1845,18574
1833,42133
1651,37178
108,13629
885,39632
1847,47000
1177,46089
580,46370
1751,11475
93,43814
541,32457
470,6769
61,40712
842,8699
701,48951
331,14226
1132,29415
167,8715
1609,35091
1857,25757
1788,8201
1363,30343
1735,38591
1310,49031
1005,21257
36,14579
878,39546
1626,7898
1222,2154
1784,17662
890,41335
925,34862
1575,12477
456,12280
1031,2138
1874,21166
1751,30039
673,3570
1949,35424
1822,6366
256,13759
1967,25005
4,25915
25,35303
1748,27933
1558,35930
1774,10071
159,40252
1564,37578
1295,35313
1419,17080
1145,14007
101,11000
1285,22524
1733,16974
1702,45996
1783,39145
1506,4457
1862,13189
1289,7104
1853,49028
673,26543
414,29537
359,10156
1903,25826
972,18585
874,27533
1231,20556
199,5407
882,20126
931,47732
662,49110
1188,26439
1516,13328
1368,19465
441,32867
398,6545
598,36608
132,32317
419,4852
1425,49104
1436,47840
879,23985
992,43910
1164,26498
878,45300
516,43459
820,43654
1846,48186
746,38148
936,21372
1384,10809
1,24414
1729,26673
203,41537
447,43654
17,32601
1712,33374
1005,9530
199,2156
94,11269
1640,22950
375,41458
1468,2487
1413,45170
877,9332
1483,47321
1458,23298
1066,14777
1296,22592
111,35029
34,17410
53,5849
1594,30654
1758,30260
3,44423
209,26253
571,4895
906,836
1218,33110
709,41310
168,4829
1529,3596
1031,27942
1723,720
1165,43909
1408,35392
863,25905
1325,14515
159,5167
1214,45615
843,18423
856,9188
1782,24266
1303,21035
1382,686
776,32068
1292,18387
1884,42612
1757,28938
1836,38757
1567,29819
983,48203
190,4650
1279,12854
906,49193
1012,36392
234,33133
13,6021
779,28215
1556,32055
168,24436
370,46956
495,46793
1267,3413
1184,15117
1595,21189
189,17887
1753,14294
1929,22893
1894,13300
1980,45437
995,35042
277,46891
1206,40548
1143,37662
1443,38905
1062,13191
707,39056
1616,33368
1542,19634
1489,17918
489,31449
1694,46504
445,2693
922,33856
1242,49647
1491,41551
970,16174
1741,24819
757,16946
1969,41884
1692,45965
1076,33506
1886,23002
996,6139
1262,37084
569,8587
1549,47916
1942,41192
1796,45093
973,32800
1353,15461
1478,25316
1159,31143
819,42087
982,49017
784,38171
1244,28348
1316,40302
943,20940
1358,35983
183,10772
1551,35785
377,27964
39,15140
1410,19952
1373,45451
995,12013
362,13393
1379,31564
780,24369
1066,28360
1365,46174
631,10273
404,34733
1417,1008
183,46851
1863,44210
912,16333
1957,41118
878,16335
888,10470
380,48689
500,14193
1349,42759
1369,17028
253,34771
1629,8079
713,13115
1794,48508
1009,13487
116,16770
1471,5825
525,38605
1734,32365
1206,12747
104,28762
901,19742
910,45467
1382,4970
1416,21316
978,22658
532,2397
1630,13889
182,10957
446,16971
190,17401
1473,42504
1556,21546
1541,9170
933,560
108,18373
1656,48378
301,28693
1451,21045
1089,48009
341,3809
1368,20498
1573,10927
1604,38458
1084,21413
795,35887
1571,8926
643,15277
1990,17580
1685,10853
1653,12607
1695,21204
462,26038
517,14287
1293,15985
900,43207
1713,24122
815,8844
1385,18223
29,28723
478,49497
56,37724
1223,158
1749,46101
1494,48268
1590,43428
1339,27222
594,9424
291,33385
476,20839
882,28815
1499,45539
876,23758
1358,27554
1072,6345
1839,29463
1400,11112
1881,9645
1901,16106
992,19852
1944,10914
1641,467
1991,6180
352,13236
272,34598
1030,16887
481,11043
1245,46696
844,22770
1774,5506
1594,17523
317,48486
1024,13520
190,17841
1124,43795
1459,47892
1470,40163
1151,35895
396,27035
262,17408
1877,20434
54,4282
1468,48319
27,26694
1572,18482
385,10453
1772,10631
1627,40804
323,1958
424,34999
1219,39084
171,17678
1905,33884
1918,17414
487,36862
1950,16342
967,42302
646,6623
999,3184
1217,15802
1978,5953
1801,42722
532,31816
1672,48143
572,40494
1991,25372
1705,43578
1860,5527
102,49511
1936,32474
1484,12057
1184,32820
496,16493
1776,25887
1723,17951
555,35078
393,48063
86,29309
968,22141
50,26948
1993,23470
1425,3748
1397,11437
808,269
1916,7872
1718,13439
731,28419
164,33963
1708,20569
1740,19910
476,26493
787,2576
1138,6684
1312,40555
1983,39195
393,894
403,44341
1723,15084
1081,11219
472,21889
1993,26049
328,17779
1348,27948
4,27083
881,19520
481,7879
33,7413
1134,23093
1275,43429
348,47259
1513,43109
758,25089
824,3066
1662,39219
1738,10032
574,1182
845,32169
1893,20070
546,16074
185,18091
716,48564
1714,25747
505,824
1997,22987
1769,16417
1111,12949
1899,40327
700,4455
236,25347
836,45781
526,25189
1047,43224
1440,37433
871,2158
1730,9594
1886,18893
1224,13925
1560,29923
936,44639
378,60
1194,1200
1786,14447
38,28868
536,16219
300,23139
969,8454
241,27016
10,40321
1806,37757
1360,23871
151,5195
766,19023
421,39247
1869,22133
849,40671
375,45152
1373,45185
1200,34762
1917,26358
1738,15716
302,20646
299,33248
1803,2678
808,15231
648,12240
1150,12295
1658,39422
1811,50056
1587,44147
1546,44702
1761,48259
572,31351
1618,18690
1327,1176
1816,15350
1006,28407
115,10908
1262,42783
1497,2436
1352,40575
1182,48851
523,31852
450,19170
1215,17960
1856,670
1066,804
1970,39827
75,40464
1907,11469
865,10213
959,39955
274,28773
1894,35890
1664,19835
1022,36030
331,3387
50,1492
913,41897
307,4722
388,3510
1480,3258
1336,42172
420,26228
1347,11721
1013,7382
1298,46505
680,24925
1976,1498
1949,22120
1715,7578
1898,11157
494,5691
1067,43116
1390,21298
538,18335
1823,17531
92,21250
195,5677
1258,29473
545,25362
1776,15435
1480,39699
1362,12565
1083,2769
375,4829
1640,47731
435,38396
1450,50018
1204,5324
1884,1409
1045,48177
1916,20034
703,1780
1025,27610
1886,24019
41,29755
1541,14177
1848,29977
317,36966
1540,15250
1551,3410
1074,17230
25,38305
997,38523
1758,45663
1933,44644
954,21432
1605,17138
1517,19873
1768,14791
397,19433
1345,24516
245,41940
857,7064
335,44159
897,29170
1221,38917
769,15199
632,31096
1002,20186
326,13059
1847,39622
1831,30999
1380,21497
1237,49378
572,10312
1217,6166
312,19160
1788,1551
921,47257
1177,956
1166,14182
347,10002
999,19968
1701,41743
552,27248
1821,10445
902,16696
1202,13650
1405,19064
301,35165
926,49297
242,34820
450,7832
1064,36643
791,43942
37,4482
875,23974
118,9471
280,5120
1033,9267
921,5016
681,4506
1486,15383
1133,17902
1088,42052
1085,1939
662,35161
1421,11879
1076,16297
36,11673
1880,26054
205,28267
1833,29835
1595,48136
819,6239
1946,25174
987,37645
206,12757
1325,27484
1532,34300
430,4077
324,34283
1023,34835
1429,14157
1601,12001
104,47090
1035,22479
222,42857
107,39498
109,916
861,8334
481,36032
1066,36039
102,25749
254,25499
1532,39928
482,10654
1505,46064
1316,39865
720,37919
469,37580
26,36641
1834,23681
1341,49625
864,36776
1521,39788
361,22938
1132,19997
1679,46332
977,33759
648,5479
844,25532
1956,9165
1159,45944
1726,6188
1746,23520
808,13702
806,32257
175,44340
1751,49640
1936,40520
274,20277
468,40996
309,9144
1602,46204
1092,11071
1689,28152
1701,4840
1774,46083
1115,44623
1864,47213
160,4098
753,44337
354,19435
1113,16544
117,2183
1469,12106
850,2398
483,24469
1792,10845
438,476
1180,1378
560,39569
1311,39956
15,15044
1199,23478
576,9471
271,12631
858,46270
355,45100
97,46707
1386,35375
71,25653
543,28306
323,10261
1548,31893
1257,13988
580,35884
724,18456
135,2248
1234,6676
49,12618
1975,47363
808,28169
218,28412
1325,27108
338,38296
512,5549
1596,6567
1802,47083
224,30682
1347,33434
1753,21913
1256,17788
1517,9359
834,27171
1565,28471
1214,14548
394,35797
127,20105
960,12931
418,7920
1162,49010
435,28153
471,42715
908,15456
1412,6778
1369,3295
1693,16611
319,48719
1018,47388
1052,16712
215,47989
1426,18845
759,22073
890,39134
1546,9275
1924,24156
921,42966
606,12278
1021,13034
1684,18436
1695,21639
1474,25601
669,18581
872,12145
979,34144
67,11691
1831,43962
1492,22541
1257,27503
1218,28555
1646,35509
69,10780
1109,38885
374,47394
847,34420
1310,47410
697,21994
1521,31477
552,829
1726,12852
279,22392
142,1132
809,7397
804,45013
485,3090
46,28898
1491,49654
1731,21528
95,757
1419,8223
1869,43210
1313,5148
1280,17339
1275,40703
179,16222
1481,7104
958,25765
1894,26092
1730,14936
841,40103
957,7383
1098,42376
113,30464
370,9735
545,49195
699,19189
1023,3156
413,39977
988,39402
1893,13302
562,49137
753,43028
1506,18227
992,17984
521,31855
551,26682
1240,49959
437,18568
1369,19490
1684,885
390,28935
98,1751
1511,1099
295,14071
193,25705
1628,40748
1674,26659
390,19815
1868,9695
369,35654
612,42592
1158,49796
39,17745
86,38439
479,26757
1794,3797
1397,22230
1799,41087
781,5980
99,40138
1689,8127
456,15573
1834,28284
1534,23083
452,286
839,6079
1921,23523
732,14150
316,3843
1023,45966
652,38370
839,17087
1719,25800
1029,9808
522,32036
26,15163
612,28604
443,21879
1416,18162
174,11623
1712,38003
1997,19303
964,7636
1027,10739
446,8881
509,2929
1693,33140
1973,9832
905,1155
1547,4733
977,42855
600,28728
954,39408
1111,24838
1246,29971
1456,17107
1415,34887
16,41244
706,34826
973,25320
1698,24639
1365,15479
327,21369
1442,43736
793,29797
175,42414
1408,11843
944,46517
1925,33690
1210,31520
1346,35559
1083,20106
759,8387
1371,24039
616,37844
760,42400
1117,14027
460,3144
1065,6825
1724,34841
148,15751
1808,35891
1546,11419
227,26995
1597,41881
1503,41598
591,11119
586,28527
840,39308
902,26731
436,5815
507,11484
858,1521
573,15384
253,34830
1176,10792
926,34229
1466,46526
1449,22944
1372,45451
167,16277
783,46952
1603,14253
1203,34284
103,20652
1121,42245
1207,3444
1717,48244
644,18585
258,20382
1569,46281
1337,45056
261,37392
917,15366
39,38069
1015,1490
1838,23299
1001,3221
1944,9106
879,38783
234,29506
316,21689
1215,1535
866,31048
1274,39686
1192,8662
814,33148
1103,42387
602,23088
697,25564
1725,38818
303,30688
1705,18534
77,33273
668,31841
1831,35153
1416,34817
1368,7715
1814,19181
1234,1266
43,32334
1155,31143
940,42468
742,31065
211,9628
1307,40420
958,43328
1194,30334
842,11165
1996,11764
852,18269
946,9878
881,22567
347,29496
1424,15536
274,43774
1807,35752
719,16516
857,36456
1919,30198
94,3313
669,33927
1451,32230
55,46935
1370,3265
570,38485
758,13687
838,23355
1084,16435
1281,1991
785,24330
860,19275
1378,26047
1364,15816
835,37375
1758,36836
626,21322
541,24286
43,17364
1959,27431
1116,28587
987,27073
403,26472
1020,16072
38,452
1705,9380
104,34833
726,7750
1546,20385
585,17634
325,18999
983,5415
1989,3218
1265,33344
1339,6176
856,41382
1744,28743
1058,47978
859,24191
1118,45754
657,29467
1901,28393
869,33075
837,5083
922,25717
1108,41618
1151,21188
29,12394
1797,35884
1974,17651
758,31198
1820,8830
267,17900
1454,26378
632,21606
656,31928
1135,31577
26,49943
709,19888
1208,16012
1250,19310
1137,34005
595,26509
1112,40021
1101,22991
386,2461
1952,31544
1431,30367
636,38435
862,40804
959,41579
1449,10288
1110,28965
69,32543
991,41932
1753,7815
911,36084
353,32989
1892,6304
1866,12293
1203,1519
1338,32293
1607,5724
745,43182
1558,27868
356,27443
1829,8491
1127,45736
482,45067
1022,30936
1026,24014
980,16235
324,11392
1106,23538
413,18429
949,19082
600,44062
1271,33402
1675,20563
522,35533
1817,8924
1240,42810
1720,18066
1400,17361
78,18021
832,18560
1487,47248
43,31857
206,20533
765,49581
1726,3413
1929,36855
1304,43020
650,37604
1392,13266
1052,32978
719,21900
1777,9645
600,38013
200,2600
1807,46752
1292,40809
617,22899
1378,25262
386,31546
1669,2856
1628,43031
25,2883
1448,43725
1084,21382
490,6445
1240,28284
1906,13321
1563,31338
267,34146
298,36683
579,6038
867,21531
946,25671
768,29741
1559,48582
828,32248
1975,47581
881,18759
597,44860
1539,44461
1424,18026
239,40881
1932,10183
113,9624
858,36966
1280,42062
1164,18735
1655,31563
1712,30888
1446,20973
1138,14043
1684,34047
249,37046
1273,35828
1011,45411
1728,43881
1361,7182
500,20737
1829,49806
1539,39959
659,10816
1789,22808
463,8141
56,508
573,30983
794,14702
681,6627
960,12936
1556,10456
1209,37488
1501,30688
1416,1810
1234,12246
1541,27334
199,41514
647,12516
604,44294
1831,25088
1158,14075
1634,38294
981,39774
1764,6831
343,31885
1682,24832
1961,10262
1970,21601
186,14862
82,46717
691,36629
1903,36379
615,34576
1008,16033
1515,44509
1017,24948
1494,19057
1689,39376
745,34912
810,32619
812,25320
918,4583
1533,26015
1843,8277
1095,20821
1379,18677
845,10191
342,15029
16,33689
1134,44305
241,660
269,30408
993,16026
1108,31026
539,49380
436,5425
1562,13033
376,49353
1363,37936
665,18232
881,20441
1107,8307
1783,35063
846,2553
678,18178
1936,47436
924,24599
585,11806
848,29547
74,7682
641,38017
24,894
569,25079
99,16292
1441,37738
1946,12135
1749,8938
1009,36329
566,5231
1658,39494
1816,9664
1076,25109
1869,49566
724,21254
543,44978
960,23021
1957,25178
554,16054
557,3225
1578,19765
213,145
1755,3766
639,34614
913,47844
319,16448
1955,32957
1798,41328
1128,41665
1551,16484
876,23211
682,47599
1897,39872
1970,32326
901,37240
127,29825
817,31597
1731,2187
434,41420
52,9429
609,26425
927,35541
1195,19387
1015,47291
1634,48339
637,28546
1584,16626
188,14462
1771,29545
335,15284
317,42732
1934,22428
341,22735
1313,13281
1470,22606
1290,10750
19,41897
1624,32335
592,16572
337,29764
1805,22464
1603,15290
1142,42639
7,10782
963,12985
1760,23778
1283,36415
1536,14409
1319,1863
1354,14032
1683,23916
315,8841
578,9788
658,12792
337,43220
255,16930
1466,25356
583,49069
1134,12965
1409,11274
22,39080
1547,38086
30,48710
740,49253
939,32233
665,25399
647,33416
591,49980
1066,24844
1392,9738
868,45986
1692,9664
920,44941
250,15667
1571,20619
1953,29788
1834,4310
68,17393
1119,10710
940,50007
164,7411
1451,17541
29,22699
1016,4446
1696,5252
1558,25240
257,255
381,5039
858,6295
1361,11856
1885,5671
1136,17651
1338,38091
946,8783
1232,18908
1955,44487
444,38439
319,27089
97,28975
1172,44825
1334,47051
1411,11064
1116,29514
798,42405
917,8993
170,3770
1171,37428
307,5105
896,13595
1081,27145
1619,24996
1154,32795
880,17415
1692,10339
1115,25513
1819,26722
574,23033
1546,39948
1237,11781
457,8830
1653,37290
493,47250
1279,14601
1354,6777
212,46274
1450,15377
1887,22129
1867,12283
271,7109
1840,26831
1992,45476
1336,1508
582,35137
231,20410
415,43144
1871,33183
1657,29658
231,34391
61,29945
1741,48159
1760,12149
1998,7
1170,29851
332,24614
924,27199
1691,19249
144,27921
775,22548
168,44990
614,23459
578,17140
1534,49496
686,1403
11,13040
363,49546
1530,24502
1531,29135
1883,36062
1540,27880
1803,33090
1117,33613
1423,46686
1193,31499
929,15830
955,5179
627,13646
1270,23905
917,30113
547,27332
1823,25665
168,10105
379,12099
788,46474
461,134
1019,17851
1580,5182
891,47251
374,14130
942,6307
1106,25939
136,48047
38,42393
38,35902
1929,28055
841,1252
1144,29483
504,35789
315,1155
1370,41655
1859,45216
428,8002
907,17355
1355,19516
1340,21975
252,9580
588,27214
1615,4886
933,10650
1799,32119
917,14309
1209,40833
516,15565
1336,47481
369,46144
145,32211
1489,9744
390,25527
1719,32591
1281,15352
780,20673
1282,41891
1923,28449
39,37116
1630,2673
1570,44927
1226,41401
906,48827
1972,42953
663,33692
1644,12048
1388,2710
304,36201
1531,25874
1805,49859
1514,29176
987,25648
803,47267
1758,21458
684,4948
319,31824
1523,25997
1141,47120
748,16255
836,35953
723,40702
14,8173
1824,25958
1233,48487
1415,7210
1647,39962
1338,35284
462,15923
1052,36941
111,40127
731,7030
679,26899
877,18839
590,22774
1582,19345
1650,21417
310,29263
1023,37585
1504,33023
1967,4663
71,12595
922,43745
1371,48419
1529,5351
823,26448
1069,9283
230,17026
313,49934
238,29343
1300,36006
1679,44776
1356,15541
899,18506
702,48061
576,9233
768,33325
171,38917
1590,33827
265,49543
1155,46301
1515,30612
590,39466
954,42477
1484,11718
625,41061
1626,34929
905,35497
1926,41501
1700,5547
1733,39469
1325,22819
878,45461
1510,6449
1349,22887
379,47246
228,49475
1082,31277
462,46954
245,16880
887,15713
718,16360
291,42943
1845,2129
71,15763
858,30049
1996,4043
713,19472
1556,16302
380,22706
423,46401
1441,35124
296,17088
1852,19630
951,47165
658,38643
909,39987
1793,1965
1193,44276
952,37315
56,12959
1171,9471
1869,16746
511,28456
1516,19328
127,1948
1689,40645
965,6182
292,2367
1829,23561
482,32415
592,34290
1778,29545
922,38174
704,15668
296,47772
1631,28447
1726,27941
459,15047
1982,21510
1997,21149
1433,35028
1301,28969
1330,4661
1841,32453
988,42700
1873,14370
1193,16351
948,49829
1781,39292
1536,36333
964,17090
1238,19028
558,1834
215,41950
145,45487
76,18735
1121,18108
1418,49120
1359,30988
1696,21499
902,34553
607,27677
1186,20691
1278,37280
536,42938
583,41428
555,21031
1591,35680
189,38710
970,44386
1774,4382
447,12553
1173,43991
603,2977
1364,12854
238,47831
1067,47779
146,26964
979,1747
1859,38599
1895,38891
311,819
95,49318
1176,3902
1493,8594
413,3274
276,9783
1369,27139
1589,7098
1741,28636
1975,7266
1250,42077
887,39175
82,7194
1032,17874
781,30087
909,29408
201,34730
1162,28049
1164,12830
1571,4090
935,15710
1757,38587
445,49907
1552,17837
1678,28327
854,41612
888,33029
1545,48823
1659,20621
1747,26558
365,37177
1903,12291
57,29559
480,43262
1284,35064
1919,21908
28,32092
38,18875
173,36566
1535,19197
1853,29222
576,644
894,32884
992,39258
1725,6863
1125,41631
168,48969
1390,2550
1946,17948
1305,11403
435,13414
414,11889
1182,43146
888,21320
898,20689
400,31015
1845,24467
1889,5799
922,4227
263,3570
1694,5279
351,34407
1836,37085
1669,32095
719,21302
141,14565
268,38563
1571,4386
825,45474
220,6248
1268,18595
626,14445
636,36901
565,15870
2,14016
1886,25757
296,31216
362,29539
1748,48985
202,20586
417,28623
578,25339
643,29675
1651,6201
124,12475
1953,10158
1197,654
235,20496
1619,29142
524,11807
1013,25008
1146,2258
1700,18186
1734,17839
29,33242
1695,44207
972,45026
1991,10195
1065,47632
1181,4815
154,15059
1007,42773
372,41352
1825,38987
1974,10633
944,36596
107,27556
799,49330
1509,1820
1343,25013
1865,12778
1219,517
475,11179
1663,40558
854,23912
292,11441
420,15090
1191,22130
38,43057
1666,23336
672,11133
324,6093
1672,22253
1480,2053
43,28137
1774,46917
1059,26631
1288,40899
1598,33494
1860,38983
749,36244
1008,17536
1292,15823
1098,2989
706,1365
1778,31575
1198,29421
61,6830
1773,49076
443,34810
832,40233
582,2035
156,26162
1975,28597
291,19438
422,21954
1241,26693
879,203
338,42389
789,2287
435,48953
1379,47837
1373,7109
1091,43266
1832,19731
59,25556
1086,41768
1311,20101
1710,13868
1904,24032
1950,40994
1900,34963
1182,6166
909,6187
603,1803
279,26144
1101,26785
1877,11292
1127,40269
1777,33971
1371,7916
1133,3674
1326,20879
200,33923
328,29139
254,46511
957,5121
710,6662
270,13671
784,4592
1828,17959
176,5331
1015,9943
498,42277
192,46038
239,48405
1227,872
256,46873
1965,24919
1815,32448
43,29964
686,15000
342,44974
111,36898
1664,26915
1470,17365
1041,14151
1911,24495
1638,31838
716,37790
1523,27732
1961,40751
179,45675
1379,24752
445,2267
757,3577
929,31279
960,34036
296,46038
1581,12752
403,46533
1779,15818
1024,37984
719,5199
1226,25060
1782,21575
1227,36797
758,23898
1260,18149
1979,16710
319,32566
1450,34719
672,49860
1209,6614
353,6904
191,25092
1983,23655
1517,31826
770,40585
1829,1822
1134,24263
305,39891
1709,32276
1073,48065
144,33877
248,3375
1557,27814
558,10347
1632,8174
1019,42698
1530,17020
215,25051
1101,5513
868,11686
60,1055
1636,28671
809,27922
324,42048
703,28159
1294,24696
1278,12621
80,44559
1186,2053
1083,15469
339,26903
376,21739
1275,36123
1988,4159
1321,21264
1331,9273
1714,18781
605,26719
1125,11634
1283,19499
1727,14154
1457,27044
425,20346
339,25720
997,45924
560,20686
1084,43090
1076,3707
1577,48028
180,15647
27,43890
723,9274
991,23127
1270,49274
405,19644
736,8163
591,10395
613,4665
725,23963
1971,14191
1013,48540
177,7930
1245,40006
340,323
1116,20230
643,39021
490,26997
286,11635
107,15967
183,45528
1573,37821
763,5170
1564,20076
542,46101
760,15532
1225,14554
1837,44240
402,21656
1378,4663
1902,32482
718,17731
295,10171
1858,43037
569,3036
1194,21629
303,17599
1982,31379
1725,15365
1821,39621
73,25248
1252,36694
1222,16916
1059,2943
1800,15568
348,25128
1816,49552
1735,34828
1826,24013
1463,45665
611,45447
594,31703
1903,41394
29,7328
1581,31597
1882,10901
1262,16077
1762,49823
82,34126
668,13092
1972,19139
1732,36487
1513,16612
25,5467
345,49032
1893,22843
263,2246
155,36642
1387,12676
1165,36573
1886,47474
973,38004
879,24177
660,36840
730,24749
1399,5467
1233,25962
1880,49730
761,9145
1143,21775
1178,21266
1838,32245
1250,33391
752,36981
36,21825
1508,1974
1013,14031
357,10571
341,6522
1099,19413
390,23670
1669,46389
1722,45126
341,8834
513,10661
1665,9158
1782,33142
71,14122
98,16219
1600,18139
55,40744
915,15986
589,31318
1662,29957
1091,26232
1183,4948
1773,34960
1298,9251
937,31835
199,38958
979,2976
892,12933
111,17149
1099,16027
1775,48522
1983,30267
690,11060
348,35759
107,13046
1117,24359
1209,15891
608,18842
1384,47593
18,25092
1210,22980
735,28701
891,12902
1315,37857
235,3306
141,28584
427,10309
99,15670
618,34318
316,32006
1989,39842
717,3933
1851,28256
929,33120
316,13892
1486,17198
1776,39132
1735,41593
1259,21998
540,39850
1988,47399
659,42009
251,16174
1682,10194
1934,10723
878,33036
1904,20430
1157,23288
1662,3249
1945,45830
677,42067
213,1613
453,5079
222,17448
648,17381
84,35455
129,5683
620,9997
173,24719
40,761
259,10052
27,43634
1203,16612
331,32495
1658,26218
1697,8913
1478,45843
589,18699
1065,6618
353,39947
640,24851
749,9344
66,3009
1863,48198
1257,23162
469,50002
1650,39688
1813,38382
984,31120
85,7470
1308,34206
1762,3131
1502,9500
738,42971
834,23360
1834,41295
697,30463
358,39017
1665,45417
1953,31438
875,5528
1395,9851
1897,41052
32,25871
1313,11674
29,41523
227,11449
1712,23187
696,22904
1187,32766
1005,5881
1592,38662
1572,5547
674,32615
1411,34903
1374,39290
275,13642
138,29928
671,21032
1697,49998
539,30520
1100,18682
927,46253
780,11373
1613,2387
1204,41808
1666,36527
1880,32773
405,25792
288,19394
296,47155
329,26300
1358,32078
19,49243
1635,20957
291,46266
1076,47660
115,44702
358,14658
1380,39815
604,8636
1411,22747
204,35720
851,17074
590,36711
902,26234
1884,22449
1332,15460
905,30447
1462,37509
395,4679
1853,47099
202,35501
1392,16544
1513,35373
1314,47878
1498,45903
413,22824
1903,1780
1034,46709
577,795
331,27401
1354,5730
81,4478
1287,42603
549,45445
66,16841
343,15752
335,26648
1344,43604
1621,36454
978,23361
775,27899
1812,39453
1140,25386
1390,31405
1763,13082
311,48096
1056,29661
1522,32459
1994,24145
806,21576
1423,31645
651,19005
951,11539
559,16744
1018,3489
640,43275
636,6744
671,16987
1213,12988
749,24016
476,46507
1252,19722
801,6408
854,31208
1787,3081
1019,48774
253,13249
1362,26532
2000,48974
1112,17856
1057,48547
560,14744
13,13782
620,33167
1419,35627
1769,24076
1537,15804
890,12833
807,7483
1098,44564
268,775
1009,32732
1101,16584
1181,49106
1506,24986
866,36631
1844,42530
1276,18964
435,29273
679,19745
70,11760
84,11650
1047,47361
331,15386
818,24081
719,24163
1645,32181
704,28093
1984,10508
934,41170
947,48082
310,11082
1374,29088
653,1027
1888,26401
1848,11645
1031,17653
1102,18345
710,48874
422,31105
38,46817
1541,14088
1618,9522
354,14427
95,40233
508,10252
1087,15219
824,24622
337,43672
201,21678
1735,16246
286,4730
1882,14481
169,23726
949,43186
95,36717
316,39535
1509,9881
958,47297
245,48697
111,40349
4,44721
1320,12467
377,35346
1594,35598
728,23470
529,28615
404,12665
989,18624
1791,2328
1569,7702
957,15393
196,14408
1168,11867
476,16240
1305,5285
1492,4580
1268,12421
519,23550
1733,10049
20,28176
436,14454
1459,45444
1013,41121
1303,37646
1098,39624
1185,12698
942,10287
104,35361
1282,1963
273,8978
1211,3612
1643,15646
1153,37180
80,35311
1766,42098
722,5736
1711,43468
349,31185
1919,45886
960,44140
129,41348
971,7356
202,45058
1300,27787
385,37607
1579,41504
1075,17170
1948,8664
1237,46329
491,17005
1748,31491
1987,25379
1407,27254
1510,19491
886,6890
1585,40108
1477,13524
289,23338
1538,8070
1318,37273
83,28427
86,15861
1581,44437
953,43329
1451,3145
737,32476
1952,35424
439,30940
1001,25610
946,48279
1829,14853
739,12349
622,26605
862,32205
1782,49781
1428,6494
799,20357
1039,8416
410,16342
816,1871
209,27589
991,37130
1347,37144
1440,44033
519,28070
598,22535
975,19244
1367,32195
1631,28128
1236,25457
22,26238
428,39701
257,37224
327,44204
70,31451
420,39110
1291,2365
1338,34571
530,49490
1372,31324
340,22576
288,34245
150,5980
163,13625
1472,19279
143,44830
1294,26916
1340,4715
262,2289
1972,29264
837,27080
1520,1447
1043,42060
1134,16076
941,17452
867,2646
911,34253
56,22104
632,32959
1973,45238
1934,22975
247,48907
577,15528
1507,39902
180,28162
1254,45244
236,15256
947,1586
1772,6349
1373,27425
979,17734
427,1082
970,26109
795,5434
1553,14892
166,26125
1610,34657
1585,6695
1047,29951
867,33364
1385,26980
1644,25720
1525,6952
705,47311
552,22749
1012,16356
1660,40892
888,42700
779,49263
1620,40535
681,27884
590,24832
857,25488
984,45716
1394,34702
1701,491
1655,10602
943,26858
849,5181
985,12915
741,27817
1572,32344
796,38057
1451,2056
31,20420
1130,19771
108,11104
278,29810
1223,42135
1815,36896
878,16018
55,29737
1332,25734
508,6335
1175,11776
212,21732
1330,40199
1125,4745
1676,9700
1544,29107
939,42403
25,23466
707,29595
180,10041
1556,14096
882,16995
688,2957
1580,28245
100,16320
297,22190
585,47248
1891,5285
280,48426
869,6639
1944,16036
1883,30105
519,15019
257,47029
1926,33501
205,1425
170,31531
744,7869
174,42897
1589,8187
1102,12141
4,44712
630,18407
353,47401
1261,31938
636,32752
1926,11340
1315,35184
1556,20088
670,7444
1448,8677
1177,26409
1977,14841
745,44063
942,24702
1200,33503
1670,31033
282,45458
924,1692
1623,40189
465,22648
1107,41994
574,3395
1046,8570
647,34186
1531,19146
1905,45287
928,13029
1902,47509
750,9915
83,20579
929,35853
724,3993
594,49946
1284,3236
1216,26379
595,20402
1127,4593
1488,16919
369,18065
505,22363
1596,32760
55,40909
1758,40260
1665,44076
1410,20499
1213,19715
528,24188
1194,12602
1611,8854
269,8325
1534,17115
1319,39529
488,17293
213,19548
819,42155
1571,980
504,19101
799,47793
1835,33039
1978,2580
1286,30651
1428,39002
1986,4090
1161,4945
1176,30162
2,43493
1873,22250
1595,5969
1809,43213
4,42551
1941,32775
1605,47677
1301,7573
1151,10200
1962,47514
1521,5300
14,20947
1094,41656
1122,47205
1123,20334
36,20288
726,7852
1378,23790
627,6878
1258,32990
410,22774
1559,6579
22,15830
1645,6414
666,15369
1676,15939
1237,42778
827,45217
1952,26506
972,46185
1773,23940
1309,29441
473,49438
92,1863
727,34725
1183,47916
403,33771
433,48315
398,11046
482,8140
301,28124
1335,30682
1442,3016
838,35296
1986,11147
927,23188
838,7370
374,40424
1146,1351
587,35917
582,43375
154,12018
4,16077
1021,28757
1516,21578
1071,32869
801,3199
454,29270
973,31315
1683,15469
324,41690
261,39061
694,8019
62,39193
1551,25843
1090,32487
267,38419
1127,8513
421,6153
1165,38792
1815,46593
389,22822
236,38878
1243,49962
1018,5066
904,31415
798,26390
1976,43953
790,2620
1647,20969
1219,34479
659,11461
1335,2316
1025,2250
1908,527
1773,39152
1441,40735
1104,26268
268,29078
1276,39438
1173,27774
846,9378
45,36831
679,48581
844,10361
1448,11187
120,36717
1255,16018
452,29543
525,14195
329,39428
49,28694
1273,2782
1316,32426
578,29420
1690,43281
1199,47012
1761,29484
163,20522
987,8004
1991,46824
1212,13992
1655,47704
950,34724
1547,19415
194,11347
963,20997
409,2610
1708,19338
466,11173
540,24607
1449,1207
1002,47609
193,7360
449,4942
1027,15357
582,48192
96,4286
744,14729
1883,3853
1986,45502
1148,13250
839,27238
762,26183
1138,23176
829,35446
1355,37784
809,3519
1925,47342
229,10660
359,35666
143,30612
1659,31783
1202,13445
443,24979
1454,775
903,14525
718,12663
374,7592
278,30291
621,49135
650,36678
216,47183
290,30349
1046,31274
854,30901
621,2437
595,15979
1683,9077
1008,41442
437,2481
744,16905
188,49549
169,46202
1511,28278
1623,41535
1991,37158
1259,43836
1995,18621
1825,15697
719,48614
386,48691
904,3608
766,16346
61,44022
932,260
766,31899
1772,35633
1169,44512
1091,38931
1609,19189
802,24554
1607,30988
721,1475
994,36606
1893,14390
307,40814
1094,42111
1436,48709
266,4830
1702,2777
108,10144
230,7384
920,28847
1077,32327
904,40
1023,45341
1641,10938
843,32226
1806,3540
1647,20975
1901,44047
429,17954
1036,28973
1631,47970
143,23661
1062,8168
371,48772
1086,40283
1680,26480
237,49831
362,29155
1110,39519
1025,12369
471,27565
1862,33914
1396,45897
1411,38755
209,41864
1274,48583
1641,42807
717,1499
405,12935
990,5713
1068,12447
1143,13825
1756,45185
1630,18749
326,11109
52,3059
99,43644
928,36046
1262,26042
1992,17749
592,4981
1405,40495
1985,892
924,21776
227,45470
1309,30600
933,42716
960,42140
1048,29024
1040,20808
246,13377
1817,34576
1472,17449
1483,20492
671,28725
1480,36797
997,49064
942,11400
1044,43530
1242,12294
1875,39361
1977,11963
930,44542
1394,44296
1366,30022
1823,19461
1471,30905
1563,1092
1306,27500
1521,45349
102,34615
1759,25743
1448,39099
1716,13073
813,47839
960,6452
471,10829
1236,20125
1062,48429
820,42864
646,5875
406,8437
1864,29203
503,24546
1792,1287
98,40956
818,21032
1504,31801
1369,28107
236,13956
959,34865
549,19960
1854,43727
1039,3468
1667,43056
1129,9760
1314,28978
963,10910
497,6740
326,17427
1945,23056
776,21106
1498,36506
1712,46129
868,10808
56,45981
758,37500
236,36517
73,49544
1160,29979
1731,14452
295,35508
1996,49347
1392,21866
1590,10894
1982,7493
58,10634
582,37822
590,34843
1483,29611
660,44832
1750,22697
225,23263
599,10983
1075,19812
936,18021
1321,13252
1657,49178
1655,8902
154,49627
1150,8501
1392,40591
174,32115
135,48757
862,14037
1871,34529
420,18147
1246,18205
1371,26121
1286,26279
613,6755
1338,38040
1905,4281
532,49518
689,6765
603,37467
194,37080
16,24273
12,6065
1759,27870
1268,15880
394,27933
1396,22346
975,23773
1673,3003
37,17164
1591,23504
1688,46598
351,2953
869,8822
468,23612
288,19847
580,26322
1281,14200
1587,23738
1918,2522
318,17107
1714,17908
63,23668
641,24461
193,28900
1951,23595
678,22568
1897,44412
782,31180
1223,30962
329,26233
1693,19229
1008,12239
111,20505
585,6661
521,36655
103,20905
728,39582
957,3467
927,22441
195,13092
1284,28939
1211,4971
1584,24789
1625,39222
1130,42721
1354,29017
416,13680
1414,41343
1567,30480
793,31494
319,8549
1174,18831
709,34199
592,27090
1411,45949
29,14631
577,49606
184,3680
836,30261
1970,11932
1529,19564
633,16103
313,35455
866,37947
756,14275
1043,33758
1028,4012
199,1799
1082,13846
570,31159
1918,33361
1599,26505
1918,46063
1756,8157
87,3411
1525,8242
1044,43597
1437,23568
338,4299
945,16223
72,36895
1318,29357
125,46551
1073,14859
522,15307
285,21467
1511,37296
691,11379
441,646
1015,45238
296,5212
332,14614
502,15935
573,32093
1055,30956
1458,10098
144,48841
1614,41165
1657,38787
445,34233
699,1536
254,8028
712,20689
1963,31887
257,10690
1253,47453
217,19146
156,6793
1110,15964
285,14754
285,43440
817,4906
1099,40750
1411,35223
563,18406
384,4711
1953,24127
1020,29208
1559,2326
923,23533
1266,46396
853,47141
1296,6635
1269,47951
490,48063
581,37747
390,4834
1960,4611
932,49378
1258,45145
81,37469
116,4952
1137,27155
179,41859
387,44709
844,6028
776,24109
1449,46041
1591,1481
108,6436
557,43971
1735,37086
816,12647
1803,20890
1613,22824
378,4255
1999,10012
309,6997
1741,36934
1701,17423
282,23258
1456,13335
1455,27830
1495,37250
474,20789
522,27400
88,12429
1400,28872
1021,46575
257,30129
554,16093
1881,21284
1958,44788
1983,48896
1137,31988
1286,17300
1065,48100
30,15564
202,34135
384,29514
1928,41076
796,26564
1723,26308
1918,26017
1655,17590
1111,9578
1399,17447
1485,45798
1343,49081
1549,6689
349,2780
1797,44913
1319,36577
854,44645
491,46731
1880,37436
1918,24709
1956,11737
1766,48155
1408,41915
329,10447
941,15103
1761,6597
631,8645
426,41539
1051,31153
537,44313
892,16970
1551,25564
847,37851
782,26613
1019,12781
308,25852
1543,47033
182,40761
1953,4012
1363,43744
854,7204
901,20544
388,32378
1939,3472
511,2441
187,30828
710,36852
887,43582
222,34395
1100,26599
1614,35279
282,10426
148,23373
1969,19729
571,44903
573,31200
1581,1236
1529,22530
917,45169
693,5104
1267,300
748,43589
130,30713
633,17803
322,6450
722,11727
1277,26916
104,41641
269,46810
584,24746
1905,42586
1026,38445
402,42677
695,10335
1139,41757
1995,4795
798,33630
868,17072
1781,20944
755,24338
1054,33481
357,727
1177,24033
478,39822
1849,20636
155,2356
1462,15625
1677,37441
1810,45982
1702,50008
375,48404
1927,2769
1902,26205
967,38585
760,31622
634,16663
66,23156
1631,23495
1330,23140
1835,22907
1986,47752
1535,30501
1868,48524
516,44459
1402,28280
986,34940
538,35017
1701,34833
1360,42350
327,21490
355,36406
1831,1806
380,3890
1001,19381
1117,21340
223,711
786,15917
165,17671
1589,193
1320,19658
685,33047
1536,15035
740,20747
1215,44212
1970,36790
197,19693
199,5538
925,21143
1453,13182
1268,26705
1895,4261
557,432
1776,27261
108,48439
804,25262
1067,37897
276,25563
1404,1653
1280,3869
1732,8257
1768,5521
490,26293
238,2518
290,8544
1368,38339
1124,14378
314,48779
703,47694
460,3414
755,11882
257,10311
125,40744
473,48661
384,38533
311,8394
1167,10907
1361,25102
155,25195
694,14310
795,17032
1001,14288
62,9606
1616,18337
17,22790
1845,27350
1307,14530
143,8077
935,45763
551,12524
771,41325
1083,24232
1219,16532
1679,2414
298,38676
398,3227
1900,47
752,11424
1645,20774
48,41278
834,18640
799,18647
1145,33850
718,31140
578,1392
1135,27479
335,41115
47,31798
709,29647
128,47951
1444,18605
1418,34012
1946,35207
1819,12026
783,32975
1914,37973
1067,3323
1191,12912
1425,31484
1042,47366
877,24499
944,36701
1494,19467
1601,34543
478,18616
1959,47489
1598,25312
1835,7631
776,24690
363,8138
1843,17862
1198,44061
635,29710
881,36785
301,22374
1650,16782
1493,41285
232,26205
429,44053
688,12693
1038,41753
1808,13484
442,45577
1230,34716
1549,10734
989,40732
789,21013
1915,32034
1040,38058
1467,48867
1632,3129
1587,5005
1286,33037
146,25648
9,47221
1538,31856
882,16721
1536,14569
954,8860
1607,32033
41,14876
1523,43524
1700,1196
1916,5318
768,3819
1311,37209
1885,32284
988,16330
1216,16802
1270,841
1144,24904
87,35140
1053,38877
1866,49748
335,21863
498,36960
934,29370
514,18776
826,5027
1312,26235
503,39109
934,33555
876,8024
1337,9919
872,7706
1615,22627
1730,25757
1608,5776
778,28123
1893,6964
1484,45872
1478,13146
1497,29669
876,12036
499,20093
1744,44414
1688,29123
855,35722
13,40480
1346,23809
1799,47610
750,36776
1623,32842
1434,17782
1076,1253
1930,48497
1404,9659
1705,40808
1894,8736
1976,46246
1133,21293
1747,43113
325,12798
1769,49174
245,1427
1738,39625
1813,5763
519,33950
1112,49600
719,10481
1068,17934
386,38013
1389,34550
1378,11374
35,48890
562,34413
1577,10326
1096,26165
1347,44739
205,38990
1321,4451
1404,33525
705,4101
1779,19181
1898,27397
352,28142
1836,21005
248,36938
277,35443
641,43102
1551,48418
1859,1447
1575,10842
1648,19174
1278,20383
1933,44362
1155,35537
1614,8384
976,7106
748,14735
653,18553
304,10927
1220,48359
68,14016
1095,3368
1824,2375
812,11431
284,41261
559,14987
937,2816
1232,11212
411,6142
98,31629
755,33177
1040,28000
520,39178
1516,36476
985,30334
954,23752
1001,33104
1612,10397
979,14587
420,41888
88,36917
1360,38167
1379,24833
1879,39729
866,45072
291,37975
788,38895
1438,33855
1380,11592
1100,19308
202,30089
753,47678
979,25504
1066,10650
45,18384
1787,32537
788,27655
1979,34435
973,37446
1027,23257
1918,18022
974,17317
903,10517
764,25891
871,37806
599,16586
61,541
641,13248
278,45835
885,33412
1112,5455
1018,8236
1499,22411
643,38516
331,29679
594,35031
1173,48608
1410,34087
1057,6536
951,33977
1508,15602
78,27946
124,44788
294,39030
1468,33129
1129,36042
1309,9834
1141,33888
664,1658
1187,15238
472,39562
984,13163
1627,17073
243,11795
716,31831
989,27136
152,32990
810,18908
261,29631
1608,2460
694,42000
758,19077
1424,31253
1769,14159
635,46850
627,7585
541,2000
1874,35309
1854,1844
204,33003
1294,35710
1856,18101
268,41155
1092,30589
1623,28709
414,3780
1658,25189
466,46187
684,47020
255,30346
149,9662
806,4457
1434,48291
269,26711
1516,18651
820,29217
824,23475
1033,14600
1190,38221
1818,535
116,33107
904,20389
812,8837
220,18614
8,45182
1730,17640
1373,18230
397,27034
1103,12444
594,22318
413,25566
372,6867
633,6324
1732,49529
192,19693
527,38182
1660,36912
1923,27841
1692,28678
76,4079
196,26801
191,8997
1298,19334
1642,6301
281,45832
1390,7920
288,28612
1810,5798
433,29683
254,30816
322,37228
1148,37527
40,9539
1638,37452
1848,38063
781,28798
1922,32616
550,10543
1086,19317
400,30459
1562,9832
284,21666
1932,9337
1560,27836
1318,26553
639,38390
1676,1677
1643,26240
1336,34677
1749,25191
556,6812
870,44769
1189,1191
265,46556
202,21541
1099,27781
307,2214
1227,9919
591,9685
979,16044
345,37073
1307,12636
1856,39969
1139,13979
358,31164
710,20741
1121,45795
1680,14722
1188,37018
1441,34583
195,39996
1209,47305
1558,6414
581,37880
186,17720
677,3678
256,33020
302,25304
900,11317
1424,43037
133,49585
296,10762
1677,10155
1796,17189
1257,27854
7,42410
1312,2030
1874,28086
126,12532
1166,24512
687,20076
793,48366
1913,644
159,27201
1240,35423
1108,36207
488,1361
290,15971
12,47637
329,5112
989,7975
278,10001
824,28304
1749,42639
1191,343
187,4891
1502,5554
1797,31268
433,2708
1566,24252
340,2761
1319,29945
1338,465
396,33974
307,49645
990,24680
863,1574
48,17994
1169,6607
294,37431
1106,27989
946,48781
637,3422
781,47511
78,10920
1685,29684
957,11788
643,25684
336,47148
1785,39909
861,17299
1017,45233
1869,689
18,7239
410,31038
1873,43724
1010,10023
1524,9541
1196,7456
988,37823
1316,21013
1911,7398
47,35391
489,35252
1843,46259
107,23377
240,22117
1901,5333
1890,9467
1233,43894
1712,41415
148,11143
1961,4924
1709,37993
71,48239
1070,40124
640,23971
1945,43601
1166,13758
293,38167
432,4703
329,31010
940,14850
639,21950
1864,44068
1477,22612
1078,7347
1916,31066
174,42914
844,2500
1322,8968
905,1239
1974,490
447,38249
386,26414
537,38055
707,39987
767,28064
1787,48021
687,34432
702,42006
508,40978
1641,36248
299,6360
1918,36030
1265,11267
713,32162
1609,8867
939,4237
1796,5895
1437,35331
1188,4070
757,46894
423,33263
1730,42501
626,2357
1304,18783
848,6528
1008,16750
283,47395
62,42674
586,6088
1827,21701
1805,9497
521,11723
458,1441
1879,3940
286,35201
1244,45255
1611,35003
272,41154
1991,6868
1299,36332
1524,46163
1611,46725
257,34762
1129,47856
550,16319
1241,11206
1800,15511
245,39748
85,44140
1002,3778
1589,47098
221,36294
562,1844
1939,32195
58,5421
1236,46401
1013,5143
1274,39750
747,16780
1174,36697
1059,45968
1502,20792
1007,6957
1572,26551
1567,5928
4,34876
206,11575
1169,35794
112,6868
1097,6695
653,39226
1957,12008
1039,5193
1914,39024
1773,6351
1372,24199
747,22765
376,26104
497,46415
1111,30093
398,11178
1217,37289
840,18146
1572,6338
235,41611
1430,42427
795,11920
79,12849
237,12834
1421,9129
607,1134
1221,7097
1154,10284
181,47347
792,36546
1429,37305
1430,42242
136,6188
230,24227
1456,41364
1133,29236
943,15250
175,5672
1959,36135
966,508
344,11538
1594,27786
1624,8671
207,6153
1396,3688
330,18447
936,18488
1771,44366
1768,36878
353,26046
1303,48844
1731,645
529,46325
1448,47063
514,7580
1857,3224
1817,9802
447,35053
953,48396
1669,29722
1868,37390
1363,25
396,2532
817,28025
362,862
447,5795
1767,46700
405,8020
1846,11918
1313,27442
1992,34987
1378,35564
1050,31805
630,4282
6,47602
1638,25300
791,40292
1465,15364
23,37115
1808,40192
1971,36670
1647,30700
1428,36732
1314,31424
537,48057
491,11941
928,2584
344,36425
1156,10339
1385,8537
1975,28941
344,40463
1075,7834
917,18545
523,24967
448,34356
489,37942
997,49104
1387,4101
901,35931
983,37713
402,38993
1234,35756
791,49183
619,34202
1474,42459
159,5916
1599,49156
583,47790
17,43663
1519,22699
1954,35644
599,25437
833,41318
23,5847
1979,19104
1003,10326
961,16092
1530,14879
1122,21144
1102,42095
590,37739
1501,24170
1423,2983
286,7109
463,19355
1745,14920
1890,36653
3,28857
1580,33780
546,41758
1930,45228
330,36996
1800,23704
1653,35972
711,26336
51,5910
794,13064
573,5657
1737,22063
1085,11668
843,41266
413,19801
294,26961
1632,16264
1300,38558
1679,45911
420,31906
1364,20364
1671,6703
891,6709
1010,29187
1402,45163
545,16217
1890,13460
1229,19616
1578,25392
539,32772
364,13693
1957,49608
1794,21981
1618,22163
869,12941
1187,28161
1364,21704
235,19855
61,18457
640,36763
1702,44827
359,41650
788,5043
1400,2678
472,41908
589,37613
1923,11426
1946,40450
812,40024
375,34956
906,14139
1144,36390
400,49940
1584,15641
1626,13491
216,49873
78,1586
1443,1355
1429,8621
1520,19829
1136,31764
888,14451
238,4867
1753,24028
345,32043
588,49281
1692,41254
1029,861
1585,15542
134,15769
1126,26155
1721,46999
250,24968
864,20037
534,4574
449,32870
393,2628
1950,7844
949,18051
1443,38957
1150,2329
704,46847
781,2009
487,38135
1199,25840
18,18714
1487,20283
1480,26482
244,12806
295,3563
1099,8620
1094,9031
1196,35485
1444,31623
254,8007
1154,35543
258,36083
1172,11200
984,24369
896,32046
860,33471
114,39675
1193,46227
1047,460
1553,5469
304,9263
1042,32883
1506,27145
1078,39547
1000,26288
1665,27806
504,36936
1507,45362
728,33318
963,25059
1881,6955
68,4754
858,18143
739,6203
487,9926
1359,43991
1644,42651
88,47890
1778,16732
1398,13967
276,19978
1288,28853
1365,1180
747,13441
50,46569
900,42146
675,12865
1617,29221
1224,17798
1468,33461
589,50040
545,10740
1866,46392
1595,3684
461,9403
882,40873
1591,11489
1531,47886
277,31325
485,1656
1019,26335
628,49304
320,30493
239,30208
1115,36054
1160,35724
1876,25070
1882,19154
237,18741
3,36129
1657,16980
438,17786
1854,41016
1581,12885
137,33544
1443,40186
641,29200
1418,36034
1951,28163
152,672
1310,29412
1190,4971
1953,27702
279,26755
219,32240
1593,1739
623,49630
1069,28027
827,24809
1182,46217
411,45641
1700,39348
952,30537
1031,27478
560,15697
389,41959
736,39669
1575,2325
1290,26462
1261,37215
334,8632
555,28851
390,39211
792,19054
1139,4788
596,46751
879,44902
573,23109
1023,38803
1963,4633
1157,500
1184,19389
330,10242
1875,17087
949,35287
1102,14503
1993,17087
890,2330
1562,36273
152,25771
1657,11349
237,34158
1793,49605
1895,19210
467,16089
537,34002
298,13796
756,20907
1110,4158
929,30405
1322,2247
1420,37705
697,22820
427,965
241,42307
876,7459
1544,10575
144,18323
399,15932
1962,20566
219,36763
1044,9851
704,21471
1609,38865
1708,35907
459,46977
304,18564
794,34242
685,25066
1803,6745
1219,32629
735,2204
1101,42185
553,11461
1829,30191
1235,26764
891,18110
145,39096
1499,48617
721,42455
1918,50022
109,14103
1444,11897
1131,10232
603,45878
1589,40718
1173,46002
288,6337
1352,20529
452,45859
367,5934
586,47389
462,15792
177,49305
1438,3250
476,45140
1160,2781
1571,47127
843,46079
1900,25061
1881,20205
543,42897
1056,12138
182,43898
870,47836
1961,37782
1857,44765
677,19876
198,16962
1113,40054
1763,39847
337,11480
1730,40479
1105,35789
1682,27529
1082,7937
271,25707
129,29796
581,38233
272,10962
544,23878
1208,32049
115,31841
1917,8398
389,46105
248,1636
1068,6366
1264,21636
189,2783
45,25461
603,45074
1753,21365
469,40589
271,19336
555,45523
547,13118
1876,32166
1411,6572
143,25596
1789,17584
723,13922
1723,6612
686,27091
1231,43210
1558,49192
1279,44945
1104,27594
993,28536
187,9230
216,14595
1468,49438
1112,3389
1431,28398
522,40859
75,32694
1403,9952
989,30565
362,7750
543,42429
45,2426
699,10631
1694,41888
1968,27705
1943,18728
1903,45199
197,25108
1271,44717
320,37150
383,26799
748,11481
850,43365
1602,27284
134,17286
1215,20965
530,14541
1031,14551
1847,7215
350,43297
1672,45843
1979,30807
947,29316
1729,46
801,2924
295,28946
120,44568
1148,15678
23,39803
1914,19688
845,43782
1607,33963
1145,28194
1578,37031
909,7086
248,8037
258,42903
558,37557
1114,22940
205,33838
1692,45527
1727,37950
146,5056
11,39617
1813,26933
1079,35688
273,27969
1049,24343
629,34858
991,11895
537,47846
1129,27575
500,25679
1515,25550
522,29213
1867,31490
1205,43547
220,8821
373,44536
1528,5160
1021,19320
1440,42162
1602,14516
1167,11747
1127,40441
870,11938
1959,45143
195,36682
1508,1049
1624,11979
290,36738
1556,31545
419,44666
752,1121
1520,15213
1435,29958
357,4748
210,24561
1162,47875
572,14659
1097,27609
1824,9418
313,826
685,34925
210,40357
1225,636
1849,40285
818,10193
753,24510
1681,14683
198,34597
271,4722
235,40126
476,17872
459,26910
1716,22893
1758,33059
1293,3913
345,48767
1986,37593
502,44790
1531,15653
127,3175
1334,15923
998,29542
821,29149
1299,17983
67,45385
48,15226
804,43927
822,4237
1340,16474
194,46140
300,35626
1945,22521
918,9041
991,7750
232,46525
1879,39805
345,5279
1962,13002
1504,28672
1908,47165
972,37955
1712,18761
1075,5527
1365,3433
423,19657
1927,30572
1184,24544
317,9358
80,7955
1415,33261
1684,27776
1194,14546
1420,19584
938,22214
947,41760
584,38941
1173,45700
769,19556
64,43197
1192,41271
661,14453
1480,9091
1129,17018
301,17496
1225,41545
1669,23174
833,40280
592,44657
1300,36043
442,18895
1210,11356
1571,41602
1122,7572
572,27373
983,32984
1096,36629
399,9799
37,26565
1139,38998
723,30664
1692,24017
113,4156
1925,14693
882,40775
1560,19220
1062,39697
168,32330
318,5378
1426,2032
592,35953
1663,18206
1171,14788
1687,26864
1327,46719
362,19190
1900,16208
876,3207
205,17401
1773,19506
525,43641
1535,13165
1338,8879
344,15728
462,17318
882,10667
197,21305
1309,2036
1923,40513
582,16582
1315,20832
1821,25229
658,6131
244,47113
1719,23106
1876,41718
1711,27926
1679,19943
1088,49108
400,19349
1415,31106
1871,7388
1485,14363
1776,7410
78,12859
1890,27917
996,40029
1695,43243
1189,19375
1390,5631
1716,41994
621,17644
1137,4501
144,47536
621,35804
836,49182
12,42535
1776,21199
983,39053
1338,34157
912,47879
603,37488
1925,3815
149,34781
215,43114
1263,38314
634,2174
797,9359
1254,19161
1641,20525
1608,20551
309,5731
827,47702
1528,39495
1546,28676
1237,9638
121,11290
1365,33258
244,30656
621,25615
1914,40876
1579,10478
41,10924
1191,24371
1117,17437
567,26908
1783,45391
383,30157
1111,9982
192,25177
23,5630
1973,12240
812,21650
1656,33355
1831,513
1651,1006
757,48592
824,21554
537,35551
1971,5059
942,31249
360,6479
1342,27420
1762,49425
1634,7282
266,24542
355,1453
890,3834
1669,30445
862,24534
551,31305
790,10138
332,19680
1145,4832
1279,29263
983,9856
1194,26297
997,26680
657,31083
1469,37684
31,15531
1335,41719
974,40671
901,9277
285,28612
190,39643
804,45239
1380,18419
564,19698
1128,32607
1231,11462
1941,24819
192,11844
1480,14612
1583,12758
63,32915
974,24416
254,23644
587,41413
1398,33952
605,36880
1143,1116
1639,13323
1760,35553
1361,23061
1009,20500
23,30212
578,21895
1831,2047
1040,7591
1114,23710
479,5138
476,16301
1702,22909
1741,38620
222,16225
965,14287
1384,1517
17,5798
1454,28194
461,10745
1349,46890
746,47771
746,21463
1649,36121
1915,14803
461,29573
398,46955
1702,26395
299,10153
1649,18058
539,20532
1077,4781
1308,12112
47,7938
1690,23744
418,30404
1986,2955
1820,2043
1957,10135
1586,37688
404,42413
398,26199
1479,5456
1967,13059
1526,28263
365,46859
311,10907
781,29332
1330,24936
512,7129
332,7868
839,44121
843,2796
1174,30094
1791,45853
1782,29217
661,39190
810,3398
1965,33841
501,40154
661,34333
72,19559
675,25375
180,41592
316,35665
1949,28055
1902,21938
583,16246
375,47244
215,43862
1757,31013
1753,20440
1836,1516
1809,41796
1120,17220
426,29227
556,48161
1191,9003
1556,29813
842,24499
1115,6354
1424,15850
1879,5550
317,626
1288,4767
1564,25218
665,14553
203,49556
1436,25789
369,19339
871,36933
125,37728
982,4085
1739,25282
1599,554
432,48922
1796,24618
531,4513
1230,30072
45,32332
57,43526
1324,38824
1759,27246
100,18061
677,49849
1933,7000
1608,19718
854,2241
615,7703
859,45857
1633,11761
623,37684
416,33549
492,17278
1957,10979
877,43333
912,19189
1807,37382
88,49297
126,14283
53,628
521,25990
1945,4909
840,36227
556,3710
1192,43800
599,34051
878,36579
1211,2064
1676,24816
451,28778
1657,15305
247,38696
1671,20646
1038,38685
319,47985
1547,45891
879,40207
590,39196
904,11881
244,31287
351,15831
315,28680
101,46832
689,17968
1993,11200
1466,46777
1637,1461
319,17113
1904,144
1941,13492
1981,15823
1449,25904
213,49892
917,43523
1062,23568
1804,6583
1284,9520
521,13042
303,6489
1468,41648
1786,38119
1919,46471
1255,14092
62,27307
1895,24324
453,33794
854,5059
585,30119
1837,11019
233,5795
610,45480
1929,4974
1968,11616
578,43268
138,31831
699,8022
1097,22330
808,2252
1892,407
52,21390
596,33345
1661,48920
37,2988
1945,12292
1278,17131
98,7515
1652,32019
1075,8910
903,15110
1572,17018
84,36717
593,4669
194,26030
925,15431
807,12489
346,32446
1373,44320
78,27301
912,41926
687,41289
740,16579
920,44997
282,7097
1762,22000
1859,24441
735,15697
1701,47005
234,12225
11,20955
1807,20251
331,6833
816,44481
1921,9465
750,11684
736,28429
565,28057
1019,29433
13,48156
1290,37933
255,43194
630,42516
471,47158
116,16870
910,4395
1789,7975
1918,32869
1874,12299
422,4608
1316,38283
1467,23584
12,22097
1328,37279
1006,7147
586,2010
1371,33349
229,35069
1976,4467
939,19280
1736,31216
941,49289
1032,624
407,26046
1714,22094
1253,18879
1783,11237
1799,48311
1349,12105
1679,34581
1055,30835
560,10635
1560,36898
390,31681
798,42172
682,12313
250,6332
1548,47997
410,21245
1468,47
126,31610
1997,34847
888,48511
825,35804
1270,3558
1800,8457
1753,36981
670,4961
1115,34529
750,24003
300,41081
587,17763
665,24297
1206,46305
1962,1683
68,27382
1580,35366
759,10695
311,12872
1391,48250
1031,37043
1096,5569
166,48928
1719,29800
1007,29184
1468,25581
1017,38573
139,31716
193,1361
254,16238
426,6277
731,34431
6,26069
1734,10751
315,27695
1585,24137
1082,1778
1743,45656
1924,18298
1525,42128
1868,26959
576,3799
536,49491
1065,20607
1225,46241
800,40326
15,7770
504,36291
1953,22218
1053,28422
896,42504
1995,33312
1374,36002
1786,14876
1053,26484
423,35148
1842,726
1317,24228
210,20437
344,8220
1024,30371
341,42248
269,40943
400,47723
560,21086
1091,23247
668,37825
441,367
650,34957
1813,2055
353,34379
1246,26417
916,19400
1702,16385
211,17017
1628,10817
215,9959
948,5667
445,23247
611,8540
743,25468
1374,18636
1397,18398
811,33594
233,14250
854,3842
966,20011
1007,17239
580,12498
1439,28349
845,43615
417,12237
1041,17663
1179,33353
206,13275
24,49682
1412,34012
1495,34808
1004,35953
1859,9732
68,48105
583,3011
1616,5371
963,29866
1558,47575
377,8391
1092,8857
247,13790
1126,9327
538,30996
619,30982
1905,42986
1373,8791
1259,35299
854,13315
300,26979
1280,12090
434,5283
754,3645
637,43248
1567,35351
1212,9109
1942,12803
810,32627
250,28676
1185,40129
1040,23960
1,33002
1265,15636
41,24196
1337,38765
1018,427
1303,26403
1100,2112
1245,41176
502,39579
1453,194
195,29033
1526,33094
61,28573
1763,4480
1167,25058
489,22223
1692,40267
750,24275
408,15130
933,43808
445,5165
219,19756
58,26969
1102,24255
307,46029
1789,9137
725,4775
1207,18312
1698,10725
367,33207
803,4101
1934,10472
1618,45566
1375,27614
716,17992
591,44384
1057,26247
1468,1890
688,27162
100,9264
401,7456
1003,31963
1422,13917
520,23693
886,30104
723,10951
1141,5223
116,22748
868,36451
1615,13783
981,12637
1679,29397
1849,26703
744,16048
796,17761
1896,33176
315,31740
270,45915
1150,24188
308,44617
186,36550
465,34780
1509,47779
93,48160
1512,23233
1885,27831
1576,1462
1546,6861
1788,48476
1342,39637
1306,4996
1041,17130
561,32743
460,14426
98,41268
1334,42921
1428,27103
1481,22042
1410,17770
422,22805
599,16750
801,15156
396,41145
1575,29666
1871,39413
1392,14357
1732,38981
1224,44609
1704,31551
597,44508
1230,15307
599,35858
1683,30692
592,22471
1498,48718
404,46869
1141,6934
1402,32756
38,13857
31,40774
1989,24071
217,43499
1491,29670
1477,7327
1336,27660
1239,5848
66,47619
51,16080
1100,16384
1782,14417
1457,11309
1716,47535
937,40737
1567,1037
1688,34367
1769,21630
1953,27123
790,36718
1578,34422
833,36072
1093,38505
1631,37866
1857,48072
1275,40634
190,14076
825,21383
1694,37639
646,49934
1352,32394
1356,23987
711,44970
84,1416
883,43292
871,21295
919,4566
1347,41225
1198,46313
1709,45324
1490,26123
473,46145
91,32822
94,20578
1498,25837
544,20609
934,42919
603,4450
1566,26034
1487,22310
267,15645
56,37956
1603,41703
1312,8417
415,32164
1872,43497
987,17300
1839,2156
1782,13705
1622,239
1546,34478
1563,13163
854,25177
847,8539
1608,6562
1195,37573
1304,16567
1964,49864
511,19960
2,41705
1239,12843
910,17278
1474,393
938,21712
1240,428
1750,45094
566,12077
1503,25563
1784,24730
1708,10595
144,32538
55,33341
1832,19789
524,47347
1004,34201
713,28165
154,33620
1224,36235
234,49119
1758,28242
318,9864
760,24593
414,45974
613,20803
521,27280
177,10365
398,25815
109,29581
334,45780
939,31842
797,14667
715,47113
273,16976
835,6625
1440,36872
1034,28693
1626,8577
554,12552
764,13196
1228,16073
1888,48278
1491,34262
877,43014
454,33789
74,22149
1033,13147
976,36013
697,35681
189,17669
1322,28113
672,36908
142,641
1483,19624
1214,18349
1900,1726
968,12068
844,23454
208,28571
119,37633
350,38940
398,23454
731,26784
849,23724
611,44059
1896,45432
710,35921
1759,2246
915,40091
384,6912
680,26855
128,44877
837,22715
1959,27096
451,26433
1183,36576
709,40427
1519,35158
1806,35610
1053,40808
489,20919
393,16610
1396,42514
1912,34224
726,35828
1470,12138
1988,2389
984,49719
729,12213
509,45374
1187,6807
810,43535
1962,41122
798,13798
1687,46458
1491,28949
1650,18010
303,16482
457,14839
336,23215
149,6178
1280,11500
1189,49696
1812,4132
1267,45958
298,25604
446,22302
1955,15735
1118,49126
1416,13640
1840,47130
399,38221
1937,7652
574,7181
404,7095
1598,36166
1288,26447
433,36036
57,24005
1349,45447
1936,13079
953,15355
671,12073
1470,47491
15,37073
1807,34402
1997,3924
669,30322
1625,45845
880,6819
592,26436
1467,7864
1196,17642
19,15506
1586,15250
1094,17314
602,6300
1174,23488
103,26196
1755,36738
970,16018
1993,19975
926,8415
874,37044
1377,19905
885,16233
608,15300
731,77
1561,22360
346,36426
617,26602
851,48121
1584,49486
1857,48820
1732,42756
1423,15975
1266,21128
969,24409
744,2088
242,12507
902,49790
1887,45704
1329,9434
927,36690
486,27869
1640,23743
962,6511
1829,44431
1449,34025
1714,15478
1577,16958
1679,47517
1487,6114
921,35336
852,36265
1171,25755
1005,18542
866,33339
1708,36399
356,15546
975,33685
1512,9664
1001,29136
1487,45039
1014,26153
116,31469
1086,29092
733,41154
1235,41826
329,30442
1991,34251
10,31692
836,35383
1513,36730
726,2139
1616,4063
1744,46788
496,46804
1276,20801
1279,1534
1031,9458
1088,48208
1384,32099
750,3596
1640,11041
1913,32220
8,12566
394,34766
584,23459
739,14529
366,9600
890,7717
1545,876
375,43566
1855,8499
472,24079
251,33146
1270,36028
1115,2703
481,10249
1106,20323
1760,31987
832,45641
1426,4045
323,13352
62,31750
1182,128
222,25324
275,35734
544,14410
311,43401
1911,30857
781,13230
795,24401
1255,31623
1184,27833
1313,6429
1896,15581
1521,18187
1333,45785
216,40879
324,15401
1991,27317
976,42684
1736,29637
1195,46208
90,16023
623,5118
1860,36464
1493,37868
1108,8241
1829,32378
1673,27024
627,10721
13,18181
896,19311
664,31794
822,20043
1120,16173
732,38793
632,20706
1161,38459
1448,37154
1425,17647
1458,22565
1990,35797
762,36882
819,26406
124,41064
1654,37891
467,20948
746,25909
724,15969
764,46730
1646,26505
701,38627
294,22061
861,26153
1401,183
1943,29104
1735,438
500,27273
1593,49794
1969,24845
1528,20025
1774,24547
875,3531
866,23772
924,16566
1644,49964
309,19443
829,26586
1718,29138
39,29097
586,7628
1288,35021
799,13126
587,25422
490,26597
1750,41926
1744,25128
418,1737
1432,14919
1681,10667
1577,28999
1374,13799
1425,41742
1472,28627
824,15290
1243,6661
216,43197
1812,3216
976,45525
671,23714
1235,1224
713,47155
1608,15091
226,33794
1556,4764
3,37131
970,45163
1353,47786
1276,41196
925,40011
1750,43757
741,40423
327,31871
685,43290
1480,39620
1706,686
1751,36612
395,38471
906,31454
1138,40678
1335,43839
1675,44251
1623,29749
1811,40693
1500,30044
927,29429
1624,19851
870,44116
123,3568
14,12520
244,11530
1347,12733
1905,35569
1348,38986
1506,37141
843,6068
889,42493
206,19592
1141,19785
711,42573
1882,6527
10,28672
1163,1412
115,3546
624,13923
811,23343
491,27709
1688,18393
699,47316
1380,17443
129,3655
1895,22313
1817,43960
1003,4892
1369,1808
1404,3584
1736,4317
174,45509
267,11071
493,26312
1062,7106
1236,47827
1126,43421
1885,33922
147,37741
874,3534
241,24358
1898,39025
1554,22921
321,22769
1269,19274
908,12406
967,24334
1166,32767
331,16079
677,23563
1350,10477
1084,31029
1848,30348
455,36992
1415,1249
130,848
1821,31490
940,40120
1911,16172
272,28432
1455,6161
519,42318
1783,27503
600,32527
1436,38158
195,30226
545,12769
576,17211
1327,48855
1012,38937
872,40544
116,29898
917,21793
1940,45306
1148,38181
122,30684
51,34238
338,13021
1943,27408
1120,37110
898,12288
1104,43255
1218,19813
1301,15819
855,23395
1500,31780
562,40977
1674,30001
1989,19333
1748,13420
503,22405
520,23320
778,43470
1184,33851
239,36202
1616,9562
201,7060
1373,39900
109,18904
1800,38488
661,32860
775,3472
1844,26604
364,40087
632,21296
568,5752
785,43030
486,11261
1307,38932
1446,33174
967,25080
1778,48165
1180,13829
1071,5080
598,1104
454,9865
284,13888
1291,32593
1607,23410
1952,21645
296,40961
940,12408
392,12764
348,702
72,21009
266,19786
906,12655
1881,49586
1520,40542
528,44454
1495,39295
535,23828
835,6331
1128,1193
1491,6631
1024,20528
1605,28739
1135,24599
1860,27404
1722,30432
530,36323
1302,49823
1625,21724
1588,4284
343,27578
1425,13089
268,150
1429,9800
1590,31043
870,41192
100,33905
259,8326
386,16723
1554,41044
1712,45760
107,41895
1481,30082
1298,49480
1276,23579
577,32089
298,19880
405,38726
1838,46138
944,1813
128,45162
1818,46529
1062,40153
948,25625
1070,7872
1876,29117
738,26580
1034,45480
126,15061
186,44507
1558,5343
945,28322
314,7316
503,20981
1043,4824
930,27969
1423,19719
1811,12084
901,11402
969,25936
807,41183
885,15488
1302,47183
1874,47493
1077,9951
1044,29682
1405,34917
856,13134
1491,36163
1552,21799
943,31442
825,6013
1637,21300
559,44619
1625,49257
602,20717
1468,38357
1234,30652
1972,12295
191,45641
718,9812
689,45010
1584,11444
1724,9847
1317,26003
220,9020
982,48781
542,3540
1874,27083
1639,1649
583,47741
334,49374
515,37243
1614,31993
1787,29841
830,23517
178,20084
1353,4311
561,24885
1009,31057
1238,35192
1807,39803
1804,43861
1537,21138
1185,10851
1342,9540
480,8313
1448,47616
1162,11727
983,23592
1839,7369
1563,2628
450,25445
1380,45757
1521,49983
160,27393
1620,34346
72,25381
584,7074
472,13019
771,26379
756,5697
1762,1741
543,38660
1202,14548
1136,13563
426,32381
607,6922
734,15610
1529,9206
1114,8233
449,8792
247,16610
1693,7672
81,528
59,21813
1726,28781
771,47255
1051,15998
1979,30503
1515,45921
1437,20588
1986,1607
345,21937
806,2305
1997,40594
561,33392
196,11805
665,30452
200,46386
1400,22505
1580,21147
669,47989
1397,44603
632,35163
1608,35943
1084,30720
1380,24728
1204,29790
768,9196
937,47274
896,16394
1632,9963
62,13161
1351,21639
891,1152
956,14597
827,21067
399,53
653,35878
477,29224
1706,22075
691,9328
253,16854
969,9801
33,607
639,39558
1522,30697
110,13077
1545,22345
1560,31525
963,33357
1020,27992
188,27087
427,40361
1328,36005
1062,29309
399,29106
1053,4795
154,44995
441,27497
1847,8705
1875,29639
1065,30347
621,11383
1715,47371
725,698
1615,27193
742,18287
510,42027
1392,33666
1121,5994
1421,587
1340,23201
1840,6348
1862,35951
756,45556
1627,45580
79,34829
1424,6056
559,34006
1024,5710
704,31595
697,4274
553,11004
1994,3913
811,3239
566,49133
632,12760
1888,12183
1020,2701
407,5306
1734,12596
1571,3920
1388,23755
1578,10949
241,7004
1690,46429
1539,34113
1345,17357
1730,23212
1555,2639
1361,29880
325,12655
1027,38961
1245,18656
1861,10473
1291,9941
34,9195
43,24573
811,38710
1410,35917
606,8887
753,37037
1631,6987
657,22552
941,27435
1302,42888
1350,5891
331,3497
1033,34826
1479,28321
1457,27197
44,12000
1152,21180
1686,13182
400,46674
1555,43181
1810,48459
1032,8816
170,32129
320,22675
1782,43486
1363,2403
508,42286
966,36422
365,75
1142,25474
717,8400
1291,6721
1101,32605
1608,9970
844,39345
266,14416
510,31919
685,9997
950,15384
289,12198
1620,9142
1813,9037
703,46532
11,50010
506,21227
1006,43608
781,17275
119,12982
1710,29571
1835,39537
1440,6796
1960,13789
1052,26503
416,49558
1976,10726
287,43155
1887,36769
706,39266
557,22453
839,38532
953,17271
265,21674
649,45340
1433,48356
549,37970
1990,23236
1873,40609
1147,26291
397,8647
722,27582
166,1199
1101,24129
835,39687
1278,6966
1148,12784
935,25570
1531,15534
898,19670
980,29291
1771,13075
1318,29542
399,8219
752,7970
74,15001
152,42681
1833,26641
994,49234
463,45618
631,49788
1694,17621
1470,9373
1283,36632
1361,18821
322,46215
427,33417
1113,23371
191,32092
1425,45002
348,35537
951,30792
1754,29853
100,25194
461,47542
1384,22204
1418,31518
1423,17796
1724,28875
282,36371
1089,6821
343,46818
498,1393
484,21582
1716,46048
1869,5248
373,28605
380,36818
1812,27951
1380,25634
1403,40174
1422,3204
1703,15993
643,23925
414,40468
1397,37129
1213,39017
964,33467
1251,28870
898,2227
375,43471
870,2947
1884,6479
1004,10773
1075,14541
827,18257
411,19524
263,46297
1509,42264
1207,39887
1802,19421
975,3127
659,48124
1108,97
233,17781
552,26309
1651,46734
1030,33078
1406,27343
361,16302
1277,17771
328,23054
1954,15541
581,42076
1539,43534
960,40757
1505,36114
1232,34181
398,22494
1881,16011
966,27331
1803,3856
1754,3808
225,41194
647,19519
1371,4789
1159,7661
1644,20038
1984,8600
338,7735
1069,10705
1042,47219
267,43160
1286,45068
375,44908
456,848
763,23671
1132,23080
1143,21069
864,28201
1698,12584
1926,6362
1965,45833
1845,44945
1869,29587
570,42228
327,20046
322,45500
1917,20266
1517,38339
675,790
1353,27729
97,28637
673,12285
355,36901
1019,33350
1041,27663
625,21655
1934,34379
488,27420
935,46082
361,23333
1159,45670
558,7103
1093,41519
1563,23190
966,26357
1267,41210
1117,10441
313,16389
312,13642
1671,28585
231,17905
1252,28145
1109,25334
396,47653
348,23075
1520,48718
566,7775
1793,41077
353,41506
432,10107
1581,4587
1665,7481
1524,21266
317,19936
1731,1252
274,36557
670,1131
1649,6436
1215,4041
1022,31163
1942,37721
53,35053
1249,34650
1168,41853
546,38379
394,4201
1393,19606
1309,36064
512,12477
605,39919
122,33271
567,30431
553,35744
1178,3637
975,36494
1435,44944
1288,45286
168,14189
1358,47636
1495,10141
752,47158
873,40390
1530,3488
314,9697
1391,31757
1070,21028
157,29287
1593,26058
973,24802
1408,44417
949,36521
529,15250
473,20170
454,24462
110,49490
1664,35797
885,12755
1742,38700
1723,28340
1191,49529
936,26363
370,43898
775,30953
1755,41030
911,48988
1549,37017
1380,11839
1946,5026
1052,45801
1828,48192
809,28987
1083,27
464,4098
1868,44902
367,35455
153,10248
1167,9678
149,42203
1213,16396
865,32664
677,37239
1319,24479
1251,48561
908,20911
503,5553
1077,21748
1089,28208
977,36342
710,40212
1181,25512
1795,44420
612,10132
747,35532
1110,35114
1559,20093
69,37269
788,2390
397,11341
337,20400
461,46046
772,48233
589,33344
1843,22057
1804,19612
260,15078
1290,2936
515,16837
1763,41331
1510,14824
1671,27432
1052,21706
1032,25862
601,12933
1303,29505
274,24571
915,4243
1036,17353
911,25629
923,31887
449,32132
269,24239
149,5381
798,42566
287,12803
606,44853
1140,49146
769,32305
1699,32332
109,15161
773,41654
1986,12676
698,24344
1422,44417
1257,43004
1824,48398
1807,26446
1896,2920
384,34309
142,12278
866,15627
1406,15700
283,16147
1828,18065
326,11423
1481,38077
1732,42370
717,28793
544,37167
1125,14463
1216,14574
1308,9950
1577,9584
1743,15473
588,34641
741,46724
207,34145
510,33846
1713,31621
1192,46269
1970,21589
405,44947
532,29693
1499,45798
1491,24591
687,45143
412,7386
765,7504
425,44221
1895,33097
1650,22213
869,6960
741,26453
1971,38910
356,31890
545,15006
567,47250
1515,32596
349,47264
1746,10677
1122,1706
159,2883
1496,41760
286,47574
1658,26686
510,33981
587,27337
1528,36026
1776,26261
1999,27182
1797,38493
1054,4292
1927,25694
656,9495
308,48575
214,18667
68,20123
1840,30895
1227,47357
1218,46077
917,16130
206,8293
777,10423
181,2610
1942,27324
1519,45626
345,21733
1928,33588
1192,22957
1227,2903
1096,5771
1665,43087
455,35209
1711,37560
279,29845
554,40860
1762,15837
610,25333
1516,28659
739,9300
568,42188
66,38373
1259,22453
1651,46805
1764,13259
718,11013
330,46950
1266,39428
1951,34204
1888,3615
1377,34235
1004,45626
912,40598
1909,16157
1486,11288
640,24402
1216,14880
815,22538
1801,3997
1034,42742
1170,38649
1511,42134
139,47277
1236,9125
185,49207
935,44359
799,21032
1743,21320
294,37795
918,25983
364,30090
1692,893
560,28912
1525,20156
983,42215
231,21183
1851,44547
1798,4848
1393,46480
1948,2216
1443,9687
926,44964
86,630
1412,10912
1184,37398
831,2329
304,7938
1651,40946
1326,14296
1928,34989
648,210
44,43506
1721,27346
1170,44471
1439,33009
792,37120
154,47570
772,20294
708,20880
1945,5576
771,5104
579,11664
530,25810
29,18023
1370,29049
1405,46389
1742,36116
1814,34769
336,44542
1038,14765
878,1110
1977,16097
734,25071
1170,46808
251,41050
379,41309
22,15585
1566,12378
1609,26155
9,49314
478,37676
1365,34121
1434,26390
560,48884
1991,23331
1101,15901
1645,7965
940,14221
110,33793
423,26242
1029,35947
687,39527
371,32636
783,1432
1223,8701
1896,9925
1648,10748
1222,11570
518,25304
90,24859
1139,39911
37,22774
1585,24215
672,42204
1323,34723
1510,4605
398,7596
1700,30810
122,31375
1601,24791
1987,37779
513,36088
601,13567
1204,10983
896,30834
1219,15120
409,10467
721,10259
770,41453
1217,42532
389,20127
220,17271
227,25033
622,1340
1293,32793
1749,23555
826,45220
1913,18389
1754,47466
134,3347
769,10045
1307,31867
1620,15686
1871,40743
1073,5582
322,49757
1497,33539
1139,6904
299,9881
1846,17104
1053,17681
1185,22640
1837,37007
1974,17839
165,31440
581,38956
899,8064
1105,16394
806,36600
498,43951
36,5314
1662,5250
450,459
1192,32023
1798,13910
873,11253
1343,7939
12,5536
1574,15026
786,46121
1753,39164
536,9210
1819,9162
899,12081
1014,28421
1782,45214
1700,36930
1881,6859
628,8034
54,36018
1736,44188
1466,4925
1860,35854
394,6273
1365,20814
485,1579
1445,41891
1982,49736
484,48542
655,10026
412,46215
892,32129
1507,25745
377,23062
78,37504
1273,44079
446,46522
1919,7603
1994,12835
552,25676
371,47839
110,11830
825,14445
944,115
1084,17925
1588,31663
964,7751
792,43752
720,18325
73,35996
662,27456
20,6275
859,16303
1096,18161
1888,40210
1353,45952
1953,11443
470,1467
1887,24586
1697,43990
442,16927
1840,48698
659,49858
395,22824
1860,1331
1948,43597
1540,41677
1012,22668
1868,354
161,32757
1561,16291
1648,48483
700,15214
791,47771
1261,6471
53,14689
1375,29439
361,32791
599,39820
1617,39439
1805,33866
800,46605
1151,42381
1789,38764
1297,21871
1250,3223
1969,5678
762,33361
655,44689
1094,44815
1137,31569
611,48556
1526,15050
1131,3980
886,29867
1599,31532
547,18652
71,30038
1676,10055
331,14254
468,10267
1720,9304
1101,37044
1381,26134
304,27468
322,15854
435,15332
1057,15229
1848,3048
1434,48825
771,23950
1331,5630
751,5131
485,28679
1747,21698
1655,30852
1077,23880
1558,16171
1536,3298
48,11888
936,49935
1957,13957
1134,19945
1319,3263
885,24488
1857,34257
657,21849
526,13202
1603,26208
201,12947
1473,6786
517,30389
89,42301
1891,29349
1450,31604
1089,31358
1638,45077
1565,15247
1179,3819
1269,1137
1424,42990
1637,44641
1383,16433
32,18611
1071,34924
375,42961
344,11633
687,18396
368,41810
1842,28515
1940,24991
1902,7082
1597,22118
1717,30717
256,9081
47,4563
1393,15201
1104,3383
218,4462
670,2674
1697,28582
911,4430
141,4234
338,19144
1006,12664
922,21147
1332,22157
440,20761
1679,11970
936,9076
561,11959
77,16745
1825,1245
1379,40186
1233,26154
6,14385
1865,13208
1201,39031
180,13577
277,23494
1533,20667
1201,28285
1636,45596
1918,33371
319,3131
648,21168
1843,25447
164,22345
193,30606
736,47200
1676,28394
1672,33953
169,27454
618,25206
1375,36326
522,33972
1147,49196
1040,47877
141,26452
1401,41325
1035,36608
1855,41891
422,35311
59,31496
1797,24280
16,21317
85,27394
554,13339
1738,40986
635,15481
1628,35545
177,41400
79,44993
79,33623
1807,34473
1595,31930
1458,43987
1444,40962
1415,36725
1103,21562
272,26364
2000,6469
1438,46316
1693,47375
942,28458
1930,29457
293,3769
1754,34888
1728,49290
1172,3047
1122,25464
1924,35643
154,11127
1923,32549
1679,40176
1406,38389
571,13011
807,45736
1321,9151
1868,30393
538,9291
1841,958
343,34774
1935,5033
522,15859
1130,27864
95,24892
210,16720
1936,23588
1942,43009
633,14456
1710,215
887,47515
1312,48940
740,43779
1157,30178
1879,34976
808,21009
1778,19973
1715,11324
1679,36653
470,26390
1567,25873
25,38440
1189,28179
828,168
1202,16564
1863,22123
1438,20675
981,19911
1573,9931
766,40979
1998,17378
997,25146
376,29410
1179,47108
70,4243
678,32155
1442,32958
431,12804
347,31941
84,48666
1402,3268
744,27502
1865,45850
1160,46450
749,36663
1256,41005
1564,42107
1634,30544
1993,16780
1201,43308
343,30243
453,30073
550,31764
834,12697
413,13313
1652,35656
2000,43580
1969,16412
1445,775
484,27015
1944,27423
247,21842
1721,36025
868,33466
1609,37667
1494,26931
1253,36269
1150,27926
844,36888
1,10392
422,3733
206,18001
411,49540
241,21705
1105,24265
648,15911
55,14881
1043,43008
627,2160
923,10920
482,40279
1309,10003
94,12357
1790,26809
1450,41312
707,13762
1827,18387
635,8173
129,13767
1864,19476
1985,25703
988,26161
597,27694
773,27581
1734,3246
844,39392
1108,47744
1841,30728
888,17032
149,5043
1436,13378
1834,7734
1023,6288
1924,45104
1856,26160
1874,22552
30,41871
749,20825
1189,20438
690,46045
1295,37273
1134,899
138,27365
782,2891
1513,41178
1708,49804
1828,35596
1232,21527
121,42743
391,32909
1009,21325
671,43545
1763,20100
263,32045
1365,20332
1891,12070
242,26347
1544,24363
1256,22885
950,15777
1926,18061
596,17930
1039,47622
878,15837
804,1868
1205,8776
225,9245
1565,26184
1338,11545
1205,41396
374,34533
1401,35413
1735,33435
576,36418
221,40994
1642,28447
446,27659
844,46371
737,18972
1426,4751
1870,48958
175,11199
1154,2883
1606,46246
994,48184
1425,11676
1908,48472
828,25436
113,37461
1628,33575
30,28899
1170,9570
548,35281
1627,6515
193,45206
1804,32058
726,31523
1039,32235
1518,43192
1058,25736
1545,4866
914,10602
896,1896
1821,25351
21,33342
79,22503
1159,21964
1204,17980
9,8067
1104,15178
1528,12405
55,11325
1455,2060
1086,36582
1108,40756
438,39905
1511,31536
1391,4538
1095,34711
1669,26589
1187,44132
1001,14504
932,1936
1593,5671
128,28184
1778,47349
1796,16357
1911,18761
885,12057
943,39155
437,1020
1186,45295
1360,2794
524,6118
1064,34246
356,31314
552,46216
626,9639
1373,41672
377,44548
1066,26630
416,9864
1855,18851
259,9647
174,43731
1413,23728
1057,42703
1941,26323
864,761
1387,34661
166,36698
679,20447
1968,46880
1338,23955
1857,28636
1488,43519
910,22051
1630,48191
920,25417
362,37606
1373,2689
642,28805
478,14791
1918,47715
1300,14617
605,9221
1631,41625
812,1334
135,31710
1805,2191
767,14145
1217,30810
1920,16553
1550,23383
1166,45165
567,47790
1853,47800
298,39657
912,6884
152,30939
1359,3792
1066,41638
1478,32111
292,9264
1113,14270
1866,47589
265,17913
725,4661
1598,49066
694,14441
1581,41397
447,24451
1073,31137
1475,24835
1064,15718
330,34595
680,33001
336,38657
8,1307
1214,35330
791,35330
1204,48665
1396,38339
1153,1847
239,27093
1333,13927
1730,21988
715,3709
316,39471
716,26142
517,23423
526,28742
210,29166
658,42962
1986,9230
260,33445
1631,23026
521,37466
1932,49040
1628,35089
116,23257
1570,35350
95,35595
1757,11911
1474,42378
688,19690
311,16308
1705,38238
1725,1107
166,38352
1985,18486
9,30900
304,18186
803,18694
368,7605
449,42709
625,25359
744,17219
325,30424
353,10028
105,20745
1658,43052
673,1137
1264,17360
389,48666
1731,4492
1835,11164
1728,1365
1675,45183
48,22248
1506,13431
925,38454
1727,3982
1517,23219
332,29495
87,2334
1679,208
1254,30149
1960,9891
1084,44801
1213,10269
215,32825
1626,41486
1956,16960
1276,29212
1365,33798
1317,30361
869,2980
1343,27306
1644,28944
1155,14128
290,38683
567,1753
672,5062
1660,47290
1449,28319
893,3795
379,23670
115,17162
320,36878
1206,24985
1974,23469
1892,12057
1544,17818
1391,32272
418,44910
1364,2502
326,42239
552,38556
1087,15539
1370,2338
488,47592
1061,29191
323,27070
461,23011
490,43913
467,16548
1728,4811
755,9943
234,16245
1178,22755
1057,19593
1934,21383
553,29672
934,22450
459,22095
1973,37929
413,32974
399,21354
57,7472
1644,41026
1757,36137
1616,29392
881,820
505,35419
249,16078
127,46671
650,16078
1234,12122
957,12345
848,39032
1474,17854
1743,43201
1412,22117
88,11784
984,3035
1277,48107
688,14458
442,14065
169,22544
1610,38730
1706,2780
864,11161
1702,44282
248,25614
101,29032
361,29449
643,5900
468,25694
1619,46805
1519,4231
1709,46100
1596,44815
5,5725
1994,25963
1883,17297
1780,7017
534,37635
977,5085
1767,18474
16,3775
1261,50041
489,24056
1797,30720
242,12385
1322,30121
1657,39313
1917,13331
460,1805
742,12455
2000,46141
994,7776
1059,1888
1004,12166
1275,26995
1613,41231
915,18339
918,21852
655,5702
1791,9727
1469,31957
1043,49925
743,2256
1977,33291
1385,32228
223,27862
99,9534
1567,21356
97,26577
2000,15067
1646,37325
1385,21949
1852,22656
1447,22826
955,21024
1974,48452
386,45813
1177,6574
967,5561
700,45367
1293,43443
1374,36445
1998,16716
143,17426
429,21348
553,43241
317,13916
1873,14266
148,24342
1441,16875
1209,26180
248,4518
125,11683
950,5656
1749,20858
715,34449
348,30285
1554,30958
279,14087
768,22000
880,45567
1214,7333
1756,6103
334,36963
503,20058
1933,1169
1415,31860
1128,27121
1005,1511
275,32325
1256,12427
719,368
894,28764
1628,42171
1216,12272
340,45555
1602,19411
466,14239
1246,42817
1801,32865
1260,41042
496,48267
1049,33939
81,37830
579,42396
1821,44174
1305,44713
1212,45714
508,13020
989,40165
1150,33556
936,34033
1872,17293
1847,48904
911,129
7,2430
887,18519
1330,45201
668,32186
930,19531
1833,1806
984,30270
485,33560
1193,14477
1033,48757
1963,7037
1900,21664
618,21271
136,9521
1661,27855
187,8735
1279,17283
544,26816
74,8180
1345,13790
1783,18381
1893,7609
719,6218
1753,26500
1476,29465
1713,40578
448,33762
1845,45085
1134,33698
1387,6169
1220,145
1531,43459
1227,24945
1588,33661
1138,35558
1875,38399
830,1656
871,5857
182,27013
1543,41849
386,7465
1534,18701
1624,30175
815,45651
1364,44911
658,13754
663,40415
1525,18569
75,5219
970,42792
43,20731
992,18592
1319,46754
1095,25869
1670,20373
36,5242
1361,1485
1157,28081
1419,37149
340,5640
743,4807
591,10098
231,5112
1960,27210
1732,22219
1334,5508
970,9738
1077,3059
1155,20367
1259,22899
1241,36472
1155,4908
1886,49214
1291,29190
39,33151
969,15611
502,247
1995,24649
78,20947
517,34717
1389,45050
260,34240
1650,46172
1718,29433
1689,37334
522,34731
1333,34983
1122,32690
1246,49333
1258,19469
1117,2825
1187,28247
25,37017
321,28712
1384,42329
983,13504
1407,42175
1414,46779
1644,29731
1526,18341
750,38962
875,5668
581,42642
33,5051
1117,12592
1834,26605
1916,40591
1538,31267
187,33487
1534,35480
721,33310
205,19879
1621,46960
1935,26339
658,33143
1069,45816
991,12645
1306,41274
500,16051
358,10753
1599,6577
1218,29558
1623,29167
400,18319
722,26801
1547,1211
602,43009
499,11586
1828,24437
161,38990
417,17207
1197,45385
1773,30874
913,46499
514,40891
178,22551
494,1942
883,48710
1112,34698
1571,47416
1406,16179
841,45791
678,30660
1909,15035
21,48643
1981,38177
324,34029
1604,49550
458,48821
1321,40734
564,1293
171,40386
1455,43398
194,15382
80,20053
1882,6495
650,38450
614,39329
647,2860
1394,8084
357,49062
1815,43588
729,37398
1057,20253
128,31905
32,39475
980,48148
409,30861
377,25930
314,32458
408,34420
165,39638
1966,17251
683,31589
1960,48295
1541,38795
375,22243
236,28761
655,43285
923,13001
1039,43895
1203,5950
216,31430
948,26119
838,35978
712,24499
1812,5392
217,21457
603,41197
1121,37462
1400,25399
1731,21914
97,49752
858,43856
279,44141
565,17208
1085,34067
1831,10689
508,28727
665,48607
1218,44529
791,15611
1396,41565
844,20835
1439,48305
185,36952
196,28684
1390,47226
437,20076
38,41385
792,19100
407,48302
638,38106
1812,35744
162,6850
775,16622
354,2568
1595,47806
1814,19327
1801,1170
1318,26165
1392,49556
1900,15063
835,41282
538,4286
991,3193
1137,47677
295,45246
221,14126
854,38577
1600,12780
1992,35112
1664,24141
867,8368
1952,21576
815,40285
1084,13077
932,38108
1016,49073
1723,4496
534,1898
660,26498
884,35626
419,15949
615,1049
1746,41856
805,14559
838,33711
725,10185
1728,7223
513,11024
1652,24799
1595,37223
1491,19917
1598,45853
324,15478
1047,42958
1326,42166
887,13124
1919,31051
1070,48596
836,43449
342,46084
1972,22716
1786,43746
23,27499
1327,35976
910,20443
746,4474
1122,20198
1472,44513
1685,37756
734,1961
68,38586
1166,25108
114,13863
832,33109
369,12126
267,44072
495,43935
1054,41451
1252,14829
232,26839
378,12498
1708,27341
1812,25767
412,29361
1797,38530
1563,6485
93,44454
675,31273
1909,42480
1860,14797
1384,49551
1878,17632
278,26398
1349,17256
1555,12049
1049,8817
1028,47510
213,14194
864,40946
1979,37552
1573,45097
852,47657
1209,23681
1225,47121
1710,32997
1934,8451
1999,940
1404,42850
752,17960
119,43464
1589,23915
1308,28922
424,626
517,42651
1258,36019
305,38353
1435,13160
161,44207
1474,4978
826,15819
495,16166
1355,45227
1303,46129
331,21600
1483,30297
1981,20346
1857,25824
1124,49536
1218,22446
1662,15693
303,14357
382,22682
1598,36730
1395,9029
1963,28295
1489,4967
611,24348
647,41455
1824,12773
1617,12110
1497,19920
442,13050
734,27652
815,49423
1676,5817
576,41571
913,40648
1294,45665
486,30402
1943,37653
1812,10539
1671,18963
1130,16991
1297,17050
12,5455
214,33906
612,2986
1021,43001
590,37719
1835,4129
1177,15070
591,24424
791,7207
37,19072
923,25620
381,40944
1033,2472
752,9831
835,6078
194,19400
1947,29161
322,7529
150,13008
506,20318
171,928
594,2852
514,41144
118,44086
1088,31376
822,9369
1635,38865
1480,15954
527,49301
1471,4060
1206,46565
1173,16312
1869,27616
1163,38797
927,26262
975,43461
1243,7857
452,14598
1238,2375
1167,10022
521,26983
34,37662
291,44387
323,32019
450,6016
1625,3582
1910,18372
1430,18333
388,9141
1743,9776
115,18704
500,22521
1748,47980
425,20809
1277,18114
1446,46862
1411,33560
496,46463
322,32512
658,44594
973,1288
1102,18332
1570,4664
249,47821
155,15958
1934,7011
66,16980
563,10681
1460,20776
1575,22654
796,14513
125,7833
842,14947
1739,25267
675,36750
1793,11247
1648,43719
737,20080
1711,33299
101,6024
485,37508
1730,7709
1427,16411
1096,7952
1471,44419
1768,36960
384,37281
989,2555
1771,38539
1836,49763
643,25494
1125,37082
854,8948
707,16349
1853,37631
700,3124
594,11357
1268,34932
1758,23491
1165,8279
1850,13798
713,33879
540,1330
429,2599
704,45187
1165,37782
143,3849
1390,32988
680,40362
1777,38146
1602,20062
1274,27029
1244,28830
1186,9283
1298,29646
342,21518
1516,5317
1166,2366
1371,16430
302,4570
414,33825
88,39218
1165,49759
367,27932
1519,24698
1720,43978
419,33198
5,39494
608,4353
748,27303
23,19959
1789,34630
1165,31139
1621,41878
855,31582
870,25272
1552,22804
50,6530
571,49621
918,551
1358,9240
905,39298
1590,5250
1447,29711
1354,46107
619,34750
894,31134
1084,49948
1545,25088
771,18418
1293,27402
1073,42723
955,14974
981,21983
1116,1309
871,44902
1479,29938
1382,24249
33,37672
183,43164
1011,43064
1342,42345
1252,22122
1558,19690
1845,43995
758,43749
661,11200
1671,47461
80,35177
1372,33463
1888,5880
1580,42439
1585,11773
1709,33189
1403,49795
1456,9737
1096,19226
392,15239
85,21194
656,37924
1102,13052
261,19359
1032,46705
111,39574
543,44594
1035,48314
1085,40753
1126,27972
290,20368
1198,32367
1173,5883
547,14919
1177,1736
556,48626
1411,19055
170,18959
1598,43917
513,42163
330,17198
888,1642
860,48297
1925,35199
1579,7750
1688,12404
69,7374
1085,31332
947,21821
1557,15180
312,25611
1915,3636
326,24392
820,40268
1454,19211
1370,16972
1878,4311
76,46490
159,10065
1008,6653
1321,38970
1032,3798
225,13184
80,22569
95,35384
401,20443
1398,5809
200,39889
756,43447
1464,26908
1969,27160
1501,427
1541,47029
873,21760
1507,26307
1634,21571
315,38393
1975,2769
1553,45647
1195,29475
565,5748
797,18808
427,6429
793,1319
1764,45977
149,21989
1958,24594
594,28372
818,33616
1871,18028
1186,46394
773,18608
956,35906
117,28485
53,630
260,9335
214,40071
607,5549
960,18127
849,17812
686,29576
632,19843
1573,38565
1852,10089
430,7364
1591,2850
648,37592
543,13219
1108,29142
1889,38396
1454,37622
1218,36629
756,13537
725,21780
130,41510
1260,15153
1376,27320
1582,11191
1754,11053
241,12130
326,34222
883,3078
1609,35694
1601,22518
924,48322
1434,29474
1083,46721
1449,18509
1728,47161
7,19710
313,27977
534,11691
1460,10483
1076,28191
730,22465
1865,20342
702,11579
1902,15414
1040,6565
929,4074
1707,9651
1193,43757
204,39061
1253,2874
1063,10762
296,3431
33,21240
857,27021
1951,45447
304,12121
1834,47489
181,24305
1410,34008
1238,5143
1288,2632
1901,7903
1711,41269
220,16576
1734,42022
727,33144
406,4436
989,34396
1897,6622
1467,45273
279,17486
1255,9567
828,16313
1726,37661
599,3136
776,33924
946,48719
1010,44120
1347,32400
401,32436
1706,39147
72,18517
369,11085
270,803
1688,15600
1951,14987
1228,42135
1627,34024
1340,29268
1298,14681
1656,45043
696,19202
602,49797
411,1036
1886,46091
528,14956
896,47864
1714,41846
607,19836
905,32316
467,37684
572,13853
1383,24824
1841,18893
919,43977
361,48792
1840,2279
1148,9835
429,40579
707,46192
1543,23750
1330,23950
1319,5850
794,27744
631,3333
658,13213
1804,9938
3,34377
824,17490
8,29199
248,49935
987,13903
964,49520
788,1961
1798,13403
886,46515
171,31282
1824,47323
79,35176
1063,21416
1998,24270
1797,9063
670,15991
526,17327
753,3458
1273,41975
422,11290
1801,35216
535,21279
950,17075
1338,35981
1790,8381
181,17819
464,44099
1964,21065
476,33959
1288,2481
201,34157
928,5531
726,4440
1608,26681
517,4888
756,29908
1348,46257
392,26178
1897,47567
235,16279
350,40877
1708,14751
231,48552
845,45092
825,35747
1400,258
1375,32431
1859,22640
1562,31561
673,38183
1458,28550
1763,12348
821,5372
1271,9806
1256,41260
1494,26538
1118,32736
1486,22530
89,38210
1920,42240
50,44228
1530,4505
1739,20087
7,11159
432,11149
566,12085
1511,7710
1684,30088
777,48200
1710,33532
1246,47582
1778,42309
954,46013
1542,28735
97,27517
1508,17370
1475,39328
1284,10132
1211,37128
800,48733
1971,153
1874,39012
83,13018
1482,42454
431,36078
1668,14957
1882,6320
156,19455
1259,20891
1314,48683
110,49813
1892,48467
683,10220
135,582
903,37496
1560,5091
380,2994
699,43059
1288,22501
408,2089
1233,19421
142,23557
1988,22813
345,32101
1927,37676
368,40340
398,13605
1980,36185
1216,16361
1093,3950
1064,8151
1476,31878
738,45488
282,7291
26,15672
1587,35311
1332,35132
1648,44441
1957,730
1500,48120
990,29529
1847,41162
1200,29288
1801,34465
1698,19875
232,21778
168,40296
1674,4324
344,16794
1434,48180
1828,14021
942,2124
110,26097
513,15443
724,32099
1044,21297
107,1056
10,36392
638,27681
1631,4665
1645,59
208,36490
845,46593
1206,30834
1522,27176
1758,48095
220,36553
860,42590
571,8358
731,20822
1018,15897
1144,407
508,31146
872,10820
1902,892
1433,11167
486,8299
47,45846
103,11728
246,41627
1735,22514
352,29043
1252,6624
793,21022
478,32883
1159,18923
67,39775
1932,24771
172,40654
1253,8140
1419,3049
362,30199
281,24932
893,27149
66,46738
1975,29332
620,16522
1834,33174
822,26182
370,38093
1597,45007
559,15023
1888,18328
1977,33497
1087,18015
161,34388
820,5761
197,24448
1469,25711
871,29701
1788,16954
1908,12843
1105,42810
989,49787
1784,18132
104,24656
594,29336
85,30667
1263,24316
943,23644
868,44970
734,41761
377,11042
1304,10897
1359,33788
639,33758
440,11371
1561,6441
1247,48285
930,6035
883,10491
384,19681
1,20080
472,45541
664,38709
301,37771
1671,1561
1640,42049
1004,8615
82,16564
614,27636
929,28416
388,31980
1652,36259
230,24664
1938,42306
167,13358
1791,7501
147,21627
1860,23670
1584,42477
1937,27727
1357,37957
1586,17611
82,11717
1795,47831
979,16414
1666,27587
1475,36050
1329,36942
1837,38118
1819,9761
403,9980
40,39479
241,7269
1097,12718
480,22675
1549,45044
1806,33043
655,25112
1589,27007
1288,19206
996,21866
1877,10391
326,32149
965,21659
715,33576
655,49303
640,19984
1668,9059
551,20024
1216,28756
695,46449
1165,23311
1783,23064
1876,24945
342,20589
1195,25870
1015,48039
54,46935
125,30996
1544,20389
1079,20677
1211,8050
1561,3942
1097,7900
7,40394
1804,38701
1505,43005
1421,17
1317,25806
434,45218
1452,18062
1744,32876
1707,32372
1769,15192
507,25577
83,14642
1424,17711
1981,34844
1695,5043
538,41662
1748,46642
1508,45699
769,32475
783,35948
1935,44864
718,14332
425,33749
602,9796
826,33877
536,911
449,42930
1118,34274
870,43448
1572,10060
1976,22385
392,3477
1551,43420
1101,47662
246,40443
1585,17723
849,36980
1142,4772
1910,42644
40,14766
1957,29053
1751,8693
1572,37980
1353,442
1954,15034
1716,41930
1112,43721
1808,36713
1696,48818
919,35391
1027,26071
1002,41844
1720,24763
1596,19806
1947,15229
693,308
689,36122
811,40030
1962,29172
1548,31455
177,14305
1284,38957
1722,33241
460,5068
128,32151
99,44444
204,37667
692,39636
2,48893
1173,25330
1855,3635
606,3677
378,30525
646,36438
61,9776
39,39842
1259,11567
1754,48286
790,24697
1139,37962
1892,43635
15,47615
1491,45452
736,43926
45,3698
1190,36413
108,14295
74,28447
1878,27495
1119,32197
1113,16541
1064,12448
307,36643
436,25033
1557,7692
1469,30266
710,18965
1313,38871
1144,46052
1326,38252
1319,23835
1321,6128
10,18833
1371,173
1656,40035
573,42000
1503,49450
520,21231
1965,4098
1276,22999
913,46975
1501,31357
616,44210
421,11657
1946,22724
1631,887
7,3655
1659,47071
345,25609
321,26225
1704,34194
368,10093
1508,2898
1863,39964
1879,12702
1458,9511
887,39784
1839,19925
739,13856
1204,7958
752,32081
772,46061
531,45028
1145,47276
1244,27921
1649,3419
1927,20103
1499,20134
977,32156
343,26604
1750,49029
1364,41930
44,18773
1249,3109
1932,7443
753,24740
1896,14739
1445,588
1530,37833
288,22619
174,11817
943,37628
1103,42179
1507,49314
187,19987
1797,21764
376,1276
131,25434
1401,26954
86,45795
568,38033
1789,10629
1529,13061
222,36571
451,48895
1367,10802
1915,41689
763,16154
971,24902
1451,46373
72,48119
1033,31137
1603,49468
755,49579
1819,37484
895,40533
767,28291
1783,16166
1983,5165
355,11888
1472,38588
995,21591
1790,11543
1254,2642
1938,31558
274,10261
1891,8613
1493,30286
111,9034
787,28378
1369,46119
1398,14500
1768,18786
329,42159
859,18518
1640,11817
1002,17432
1406,3302
1097,6750
1666,5648
108,31387
1359,35425
974,23221
1215,21481
1089,38318
1883,33107
851,15492
671,15412
636,49449
904,42236
1587,23548
449,12652
1879,27196
1591,48841
1279,22435
230,31968
182,28353
591,28657
917,17337
756,41429
458,20648
958,17209
1515,45943
1381,26322
827,38155
490,15575
568,22729
580,26983
577,15021
220,37147
1116,19211
206,44785
1541,11262
1202,37735
1674,12522
898,44796
566,12880
1650,18778
639,38427
398,39521
925,35626
1059,20633
1523,37242
240,9559
129,25044
266,181
785,25103
1840,44908
976,33770
1600,18003
198,32314
1913,33191
891,2436
750,15557
121,19493
414,2569
1190,29424
73,36126
322,45607
1051,31942
184,31036
747,16305
1712,10022
260,12113
537,38975
585,47253
1512,17508
1366,42580
1291,17142
915,9556
1725,43195
1286,26413
1291,38568
511,29910
1507,40584
1017,26556
1926,22161
155,6303
728,31661
1868,31759
349,29477
1142,11510
1252,26641
291,14070
1879,8505
1160,42013
1363,22533
469,7208
919,45164
1876,41799
629,33324
1059,11443
1542,43693
958,28223
745,28962
1223,45433
57,35860
856,10905
402,14612
1493,49903
218,43862
1102,1787
1746,43970
573,22525
566,25994
738,49817
1315,9243
52,26575
1621,47124
629,27342
1170,30410
1582,3059
413,2409
221,37198
944,18080
457,36874
1391,9459
1611,34786
950,48335
688,2395
1358,48507
1503,24325
667,42129
70,17933
1279,30375
1751,48761
672,48873
1402,10623
1149,20674
1355,6790
1642,15011
707,23547
1326,3560
1495,10296
1437,9490
1961,24817
394,3957
1448,26649
720,7685
1425,21355
1136,12568
1507,39802
974,18987
1578,43573
1877,40451
287,11333
1287,7932
1293,21505
636,4136
1342,43216
469,36149
1442,6644
886,876
1089,21834
1736,31055
1593,49306
1615,19151
835,7679
709,28118
217,5472
613,2763
1269,47829
1655,6258
1468,924
1344,45646
1853,8496
38,16349
1255,14097
784,42725
856,17156
1011,39739
177,13650
778,22245
196,6937
40,1491
715,30612
1891,29661
526,16130
439,22524
556,18974
784,19775
1570,23958
1635,12143
245,935
933,5160
59,30703
1663,29824
1941,11611
777,4187
411,17729
1290,17472
1027,32123
1777,21146
1008,48128
443,13896
1111,33564
426,44531
131,37162
483,39135
558,13456
960,38878
1888,27229
670,41292
1604,28140
1255,48964
1077,16482
1233,21544
623,36171
472,13558
907,36648
102,34885
415,10645
678,5540
1296,5970
1937,9811
1914,37865
1583,24472
212,39636
521,36392
810,21209
1523,13700
1455,47967
1216,28006
1899,49418
1624,29235
640,43874
182,44093
1731,32393
1271,18429
1924,48998
67,16280
1323,13988
1533,50010
1080,26080
1471,25281
1785,41052
1523,42024
1697,29663
1248,3022
1547,24733
3,14259
1382,49336
69,24029
1639,28032
333,10531
1443,11510
186,1951
273,22937
86,25870
1183,36176
1361,8452
702,26155
1360,38938
1712,797
1260,28037
561,16228
1879,26984
513,12121
419,7854
1925,34984
190,6446
945,9126
1638,47771
778,26843
535,49678
1324,38721
795,28125
1901,40457
369,8391
1585,14041
1887,21472
1426,44932
830,28253
567,35545
144,43373
309,2457
1175,48779
1567,43633
1070,6660
436,15269
692,28895
41,11063
1810,19783
96,29165
397,43126
668,45241
513,21960
1493,2992
1583,30016
1468,26858
925,41608
400,27031
1571,42189
583,24210
109,932
884,8114
698,15894
1230,12225
269,23286
1699,46050
133,44568
251,12769
450,35558
623,24033
1019,37306
504,14028
116,3528
1653,5563
1180,34154
937,19213
1591,26833
795,36198
1052,15284
1695,41940
1357,44531
940,47130
815,6636
1637,44747
1747,22585
985,28425
721,25489
1456,3380
195,25079
1367,16409
1209,12573
1708,23850
1923,30021
98,41776
1449,40160
1761,23147
1593,8651
1946,28329
1652,43280
266,8677
1149,20734
1603,20598
613,40181
802,40625
1924,15412
1912,41369
1426,47129
941,23786
1146,49582
728,40405
1060,42927
1483,17574
928,14984
483,46216
1720,33752
1360,11832
1632,41955
1899,5782
1068,29953
393,6397
84,549
1208,12758
1930,12370
1688,1657
415,48493
777,12740
925,18241
802,39648
71,45037
722,34861
612,8208
508,11857
391,42839
175,13727
380,37080
998,45415
1762,44997
1628,39552
432,43389
505,31379
1983,2167
1514,41170
1309,48524
1454,2162
256,25937
1739,40115
1576,29764
1759,18930
820,36982
507,24335
1792,46045
326,18769
645,42873
1988,27297
1518,34744
1642,18933
513,48050
925,5581
1225,11156
988,44609
86,9891
133,23234
1312,38354
1222,26768
1288,28014
1759,1434
1050,34197
971,34905
145,38080
1452,2397
1428,48466
1775,25773
1453,49370
50,21915
1028,21249
1005,9349
1956,40502
1915,20851
796,48532
791,49408
1360,32097
529,8743
1250,190
1256,30557
805,22721
1122,8711
1784,19150
1511,8449
932,13011
834,45560
439,31084
1727,462
1744,47422
1989,28711
325,12597
1456,33955
1182,24762
653,11540
115,23702
1984,358
626,1060
52,37999
1282,34684
562,8607
587,11240
1496,24172
1549,11398
1677,19591
514,42034
1992,28893
1083,36331
725,34933
406,31398
2000,39241
1663,8857
785,32723
591,18891
1265,23909
1839,36386
6,23632
511,31431
1914,37237
521,21456
144,11595
1248,30197
137,38512
1064,13043
140,9366
931,16309
592,49464
1299,41110
1967,38714
1068,49618
244,28014
804,18285
1638,46782
1461,401
1825,47338
1452,28065
953,41294
273,1551
661,41874
1100,32013
1141,2831
1025,41821
1312,38854
773,48959
1948,24873
677,29748
1217,9321
953,12090
998,31094
160,47685
655,7022
1789,44378
1934,6410
1311,10401
72,32812
1645,45123
639,863
1965,32454
955,10414
1490,5071
1919,41991
259,27801
1576,47197
375,37919
237,23777
2,16688
457,1376
69,26326
1921,40313
1966,34321
369,28351
911,21127
1075,32044
2000,39667
1928,22911
788,47957
345,26766
1450,44331
1106,44552
1562,37738
1677,36108
615,41431
1543,27320
241,21162
938,47568
1029,12119
1201,45591
635,48547
744,32630
1965,1319
1777,42312
1246,47394
781,23038
697,46840
1640,28079
1711,6383
229,5297
484,21165
1253,49639
526,34717
1918,27399
489,42423
946,7978
336,32458
1609,42196
380,34860
1218,15538
429,18618
1173,21305
333,2950
847,12753
84,48913
1444,30181
1726,34375
300,17734
1483,23629
1339,2219
890,15648
620,25545
995,47083
313,4606
681,42488
849,6135
1930,49046
1168,27369
1754,31649
1158,24363
459,48990
950,29488
518,48753
1007,13747
1847,24964
1247,325
1013,41708
597,17901
1864,37951
774,48673
409,23997
1992,27794
553,39801
1737,36460
985,25224
1828,11035
1205,2597
1274,1765
1207,10927
1968,38371
441,48465
1189,24108
1817,9489
1480,9061
1883,17995
1812,31500
641,42277
1536,30053
49,24140
1664,2569
721,45542
212,46115
239,41303
634,41347
1149,18610
1631,25441
408,45442
1786,44525
1675,2082
908,5355
1723,18549
445,26429
241,20564
640,36520
324,18970
1116,2955
1189,13958
755,26694
712,24958
379,31456
1711,42097
1144,41460
688,44829
327,6801
493,47714
1619,37171
918,5091
1977,44128
1751,11776
1018,18997
1669,20125
1241,28628
1859,35535
849,320
44,23966
1684,10943
1183,45665
530,7705
1763,27507
1727,13536
864,15278
1003,32391
1616,1278
412,20955
1044,23350
1245,40388
1172,37541
1141,9763
1789,15627
1679,20821
673,48678
591,47939
1760,43150
1274,16295
1601,39395
884,17040
1385,7423
1515,27737
1405,10481
1949,31145
449,24561
1887,9831
1883,46852
734,10808
1980,3150
402,38635
211,42265
1689,34733
1372,24065
1173,2586
1440,16406
1188,5287
596,47798
383,49043
1045,27761
648,26854
1204,19626
1679,12690
765,10526
638,32084
1611,25463
1950,5096
1605,35011
935,8741
1240,8851
1508,38239
1972,26423
1424,46503
205,15321
1389,3695
313,38023
1702,16314
233,22643
1553,5009
353,44863
1835,10308
1524,9421
1455,11941
1791,11582
1117,48548
595,867
1152,6353
57,23632
1733,45539
733,46596
113,47765
1576,49361
831,21426
1556,41272
370,38400
1761,28110
988,43719
386,27922
1774,46700
1670,17363
1638,18118
1242,36787
1562,30674
1903,8405
962,25554
1513,34090
1578,10274
820,31074
619,43440
1581,33074
1741,33862
1285,2058
1187,31350
1853,9073
599,48315
1550,6831
941,36504
1242,49743
593,26608
1664,30527
1324,19071
1774,17109
1665,1098
208,24743
1566,25270
59,26380
74,31554
39,9834
1522,46485
1194,44325
491,38251
1828,31922
653,14759
1557,43460
389,1835
940,1338
121,2481
1676,11662
1988,25021
1154,5681
171,12667
1671,1485
746,29352
1251,22369
1519,21180
816,49388
374,3092
1050,32275
1574,29672
1273,43569
1660,16835
246,876
1999,30289
1558,42565
697,43493
231,47533
137,29004
1896,24929
1656,116
1218,9817
1273,11726
1917,40403
1705,36560
1016,36063
925,9270
909,10286
1998,19618
1058,4092
310,37703
1062,1447
1216,20537
739,12165
1334,45991
748,40145
612,4229
1597,43585
823,24389
303,22673
775,8776
1437,30034
962,7611
525,8671
30,12042
1546,19234
1216,5288
1848,1472
155,15673
186,46682
511,31169
1163,31610
2,26602
554,560
530,7993
855,37742
363,18541
1452,157
197,10793
749,30163
1444,42178
1825,32472
1456,43942
414,674
357,11712
313,26603
1813,44913
457,31127
1279,4511
580,17987
7,40567
407,15745
640,49353
1694,49673
771,18610
1122,28598
626,30977
236,13165
457,29224
1580,24371
541,48385
497,35652
1456,17020
1816,6835
252,49230
1708,27629
1623,32425
1698,11113
1560,4019
1344,29371
866,10949
1043,24620
1210,25302
401,48246
70,13189
103,15043
1999,45412
1649,3454
1254,40368
1487,17839
331,28398
1690,47777
1321,35740
1082,45473
1686,20222
718,6220
1011,49475
108,37775
221,5
249,30430
505,47837
951,29168
391,38625
102,18431
1261,38650
865,27631
858,4122
1528,46858
1706,38144
1905,38432
1825,28917
1476,48922
1391,22591
511,9141
28,43954
922,1210
190,42654
1077,47817
1972,33737
350,22004
1810,30812
1182,36688
1827,45235
1025,23628
1392,3281
64,49133
702,42798
777,24086
1457,24699
1089,22504
1664,45372
1011,46655
68,1572
511,29900
1492,42978
141,7634
1718,3050
1132,47739
1973,3982
1026,9269
1901,47525
421,35980
77,451
656,28207
395,18059
1516,22373
1257,19169
920,5496
498,46121
1957,44685
736,4243
1102,6969
1142,28261
1828,32657
1265,14505
1115,49337
135,31184
1799,22713
1491,24933
1874,47068
31,24747
1364,45950
45,49184
880,24850
45,24820
460,13053
447,454
1390,17544
882,32071
1808,15770
909,21416
1494,38050
84,46332
1666,15814
27,32684
158,21520
1208,13447
645,17326
1829,23195
1307,21146
1802,45300
1992,21196
933,20275
1210,35165
1184,35327
1898,1851
146,30891
1351,43426
1894,40697
1898,29636
1256,39759
1701,37385
712,44515
169,13479
67,22847
1704,18253
585,14215
1387,35517
476,44117
636,37917
815,15519
1118,5511
1226,26362
1934,24428
421,25902
1482,37050
722,24958
444,16044
1181,48496
1990,44178
1706,25797
1893,45143
1204,21413
933,32817
164,30341
532,3266
72,10497
962,20020
1950,15197
1551,46984
1552,36830
37,15667
69,40832
1452,33175
1058,11822
941,26072
715,10856
1054,40228
1933,15340
1475,38252
232,42132
63,23049
1924,18392
847,42875
744,3382
1644,14151
697,1229
1165,37349
1625,27178
533,19045
834,9256
14,3971
569,9102
593,22099
973,36547
62,42995
1921,24850
1289,44887
444,15811
1188,41847
1891,23071
1173,36411
1207,7328
1161,15970
197,47006
1771,42470
130,34774
285,26655
1731,39053
1522,14507
1819,16838
73,27778
1969,47189
1868,19902
999,6008
1481,49811
1702,33715
1408,11378
278,23768
1781,44884
1162,20237
101,2905
332,46613
1072,13937
216,41158
1780,31547
1725,44712
1719,4917
606,35929
988,9350
393,191
880,12902
1044,9865
1323,16784
1153,23033
1335,4233
492,38217
1189,1632
1059,45744
1733,10333
64,38552
1747,41714
1427,33446
1778,30489
1840,37707
647,26461
38,30845
900,41015
605,3825
854,48398
1972,9932
1765,48993
238,18644
1773,41138
915,10713
1135,45272
315,18581
903,40187
333,24271
1566,14932
807,23273
73,21028
715,24471
416,39735
371,30037
1063,1718
478,1252
851,36441
412,5477
746,45906
1230,40674
933,34919
1291,26528
1562,12528
1831,28396
906,37764
624,37551
915,38675
1775,36462
835,43115
439,4783
875,8077
1551,8933
1913,38140
923,44559
439,4998
744,4730
486,44700
1033,609
1937,32706
1122,41646
1364,16006
1001,39582
82,970
1862,46477
98,12944
279,16614
818,41991
1631,28784
405,27152
1546,49401
1427,35790
571,27280
922,26024
465,8264
596,42539
1893,27029
1149,7492
290,733
1101,46304
948,11228
1596,32571
363,17241
830,42814
1606,23458
1964,15162
1330,1359
1065,9491
1572,33809
1118,20228
1846,24079
1172,47587
1096,49396
1542,12467
1458,29826
1737,3914
1432,13228
1816,16167
1022,14153
991,39564
1905,44918
1166,40922
1722,25870
1768,28021
1061,38725
262,7946
349,20178
88,32546
1842,16712
1149,8735
834,29654
1279,4427
1440,12841
412,24936
1764,36500
1064,21092
1307,22984
1184,36778
26,10821
1087,26167
327,28673
366,9833
1289,46447
1240,30730
1393,39915
32,38487
876,725
1090,38021
553,12797
1204,153
1085,44351
65,199
1741,33771
1213,32719
187,48721
1886,10530
1805,28882
1367,14854
902,5675
61,19390
644,15476
225,35562
730,29518
1357,4940
1261,38159
1281,25567
1875,48884
1198,17063
1048,29870
622,8817
673,40025
147,28308
1968,11166
1483,32947
410,244
555,11648
808,30313
425,47368
1089,8785
827,46146
1619,27914
293,8032
259,43558
382,3669
299,32280
608,47123
1554,36919
1629,24595
551,44834
1114,28451
626,14386
150,17185
846,22040
1365,44742
134,15228
586,568
386,7528
777,7822
269,34477
1528,15872
600,9178
1641,16061
612,17477
323,31417
270,46637
1898,12160
185,36251
539,11709
1554,6495
962,36553
1396,5536
1421,1087
1735,48593
223,34230
28,18039
227,29300
312,7548
1150,13388
686,28445
1074,11088
1842,12235
1454,47099
1819,4250
1430,43287
1416,44820
1376,17567
1949,10839
1951,24700
1791,31102
1847,16623
993,46128
878,642
371,21933
449,23709
587,8916
1087,28780
361,45371
1461,22881
1146,24520
1799,42737
1571,46606
1541,25163
1767,1504
1732,23696
256,13799
614,36126
1221,35864
955,8226
1960,34431
1093,28583
9,8485
1968,2584
987,31003
664,27555
948,37573
1619,6269
818,37537
352,20551
175,27402
161,34552
816,16353
1354,2158
1319,17532
530,32563
532,48652
1918,42869
609,30296
1406,31066
945,39809
81,34601
1902,16925
1173,17091
1440,9207
1672,1234
532,44998
866,42703
1784,20367
856,33488
1371,44441
1371,47958
226,8607
1680,40771
1016,4842
1601,36599
1723,22316
1925,2025
1479,6708
1712,8370
959,20520
1814,36210
1325,45613
436,34332
1200,5797
487,42081
1986,32242
492,10195
1666,20849
391,39408
1508,26670
441,26110
1080,32209
364,4765
464,13622
1240,43871
289,16248
840,49141
103,34377
1360,13709
1264,31959
299,15710
353,24685
1472,11985
162,28751
1480,34933
390,36751
1641,40579
1663,43285
351,24611
677,4447
71,21603
1295,10334
275,1264
579,21233
875,13981
913,35085
303,49605
1665,6476
1157,43677
328,34804
422,45160
930,44981
1568,15398
1673,39587
290,39936
1673,1259
1812,20624
1298,39559
401,19440
791,23975
750,33302
356,28942
1317,11610
220,38451
253,18707
13,46611
225,11223
309,18339
1365,8003
80,1719
19,2586
73,32684
1473,24707
658,4148
706,23383
1572,25134
1797,48974
1682,6889
1995,29910
1987,31121
827,23324
438,15834
1780,48051
1782,10341
1702,2191
274,11956
1290,8485
1845,19844
1024,15298
656,8593
1121,43911
1731,30359
686,22985
1630,35734
816,44245
306,10227
1344,39950
926,33283
7,26268
796,5747
209,33068
501,3761
125,4034
363,44760
1930,48150
1492,15403
849,18954
1649,45473
1920,27853
653,29009
874,29190
1845,19647
1466,35735
1350,37790
41,34623
612,20133
1267,5287
863,45188
350,39347
1360,48454
774,49524
697,17581
441,26411
1270,23125
1097,19780
1044,44246
408,12656
1533,5947
503,26042
1662,20619
1247,7383
1628,48479
1871,16000
1175,31545
559,49423
231,18773
2,4511
1535,22985
1879,45077
917,2033
1995,20336
255,6672
1514,25240
471,39645
161,20650
1817,17510
504,18153
1682,17136
766,50055
451,38393
1328,46154
1079,33919
1544,32035
1047,27492
377,31221
180,44780
187,27785
1934,47874
638,44027
60,15771
595,35629
1019,39100
1627,26006
1593,15638
432,8061
231,3862
1492,35111
35,31087
1529,40325
51,35407
964,40805
1628,47058
278,42996
1892,27547
1182,11937
1359,29328
915,27267
1984,12503
631,22383
1714,38763
1344,45610
534,49262
162,49404
65,25395
1018,17869
642,47226
829,6083
1642,8664
851,42386
1715,7935
335,30539
793,16372
69,26805
640,37354
1464,3276
673,46685
1753,37667
36,41506
467,46886
564,41359
477,25708
209,360
1209,49608
65,30130
212,22425
945,46087
763,26748
180,898
1135,3252
809,22003
849,489
864,46063
1885,45471
1317,10716
1246,30217
633,16063
1333,15801
1621,36020
1051,9573
1197,36429
409,6264
529,8274
100,25040
1412,41713
1664,41882
1076,13488
343,24226
865,3191
606,35565
1884,4836
236,22871
503,22849
1376,43756
1719,3765
1889,19094
1359,32847
455,40166
447,34565
1523,33350
730,24137
136,45806
1972,21058
533,4385
1042,35021
1409,16882
1560,24
958,33374
1647,38778
1754,28166
345,48926
498,34630
237,29536
232,27282
524,47318
455,39437
1960,17095
1032,35543
1992,28918
197,9862
1534,40954
1756,13769
1065,44283
1389,546
1387,49964
1619,29321
1391,29156
424,226
590,23760
1780,40373
1206,16007
1527,18021
1538,1311
561,43072
854,15532
1573,33868
675,36654
1353,12299
787,39001
1717,1966
117,23228
1042,22444
1921,14334
1574,41636
807,7360
1047,39328
1760,5088
1702,49266
257,17803
1919,43699
1568,31397
2000,42883
351,1827
338,20815
845,36910
1513,43546
504,19731
1795,18351
652,13217
1385,38722
1709,32646
1774,5797
1923,16413
1586,46742
1103,26976
1737,26476
1592,16780
1009,44953
1952,7963
603,18381
1992,24448
1101,45655
1541,47814
337,26957
476,10748
1704,12882
1243,47650
1336,45040
449,32979
372,34961
970,28091
1734,7315
840,48821
114,12137
1219,41625
448,11386
1344,32562
950,26316
87,45445
1307,21969
522,16753
153,10706
1965,16857
1445,18213
1195,23084
1941,6045
1551,26646
1207,20
1969,39098
212,17744
1223,18190
1066,20783
1209,34829
881,42205
1850,30264
980,31090
21,11535
1819,35415
748,23694
1750,43526
545,46359
427,37164
1634,38862
1590,38953
492,47831
1978,43464
859,47987
728,44462
625,846
1105,40206
1216,19059
252,21116
1615,36606
267,39754
587,1526
960,23626
1373,36379
654,39108
831,14054
1134,44122
1671,15540
914,38727
285,22672
1787,47893
1102,39985
1115,45369
493,29546
187,39998
1939,48904
819,42073
894,34219
296,4601
118,10622
1100,37320
1595,27434
1072,15784
893,19666
1477,43813
249,8683
1151,37564
1510,37912
548,4158
1389,46726
201,48436
1727,45765
561,2499
219,34806
632,8850
481,2106
868,20820
1365,31422
978,26429
341,7349
895,4077
466,38406
1985,7232
258,2285
1580,25524
426,19307
395,4019
464,6243
199,23217
853,27102
560,37855
1219,47706
1071,6000
1119,3795
389,37597
287,37343
1118,35567
761,43705
1172,10586
990,13286
852,16003
1537,37630
1839,39420
619,38869
1754,16293
711,43735
1516,48465
1940,18731
1313,13473
847,25669
445,48774
1943,34940
1384,24204
1311,19092
454,2889
46,28409
1949,5259
1391,29223
1515,22850
103,37047
136,43885
1704,32488
151,46515
511,44556
403,302
884,47810
1086,31360
1228,27406
35,37955
1748,18798
1145,28891
167,37984
495,33932
1607,11560
884,5512
707,10425
1094,14661
1661,26272
67,43623
1736,33416
1858,17615
465,28620
1303,40340
1408,45578
325,25935
1902,9849
1969,48966
594,19093
1761,46898
1442,12260
1708,33633
778,8694
170,12502
718,28060
737,1932
636,9027
342,2663
1052,43947
539,32361
1918,22623
456,8681
684,43277
821,37062
1469,46298
354,21151
1882,19532
841,23820
397,36808
141,42764
753,8994
240,6982
405,10815
745,49060
350,49163
1409,27935
1879,6886
330,27156
1033,38811
349,36014
1519,45949
1317,2656
1627,41933
1947,16956
1573,46373
1331,9519
848,32948
1362,12353
700,26130
1871,44883
1181,45906
1264,36655
593,37251
154,10836
1326,26869
677,31396
507,4968
1787,8665
864,14666
1133,11637
1922,42083
1360,799
486,10094
1082,23966
357,11351
38,39772
596,28767
269,18766
1545,4345
1857,49279
372,1162
404,926
1442,16707
3,35247
720,26169
1308,18595
1418,48612
1000,49507
1693,31019
553,13679
1471,19531
1417,16119
45,19593
1312,31243
955,45488
890,26953
132,1740
1468,42353
30,30843
888,7671
211,25966
1657,48868
134,4585
1481,27393
1719,45252
1421,11555
987,4849
1419,20630
390,30287
1325,24044
1607,22450
1366,2610
433,4330
294,33070
239,6269
1355,10771
309,8226
1709,23950
1600,15074
500,16148
574,7848
401,44353
1927,36111
57,47475
1005,31347
1180,6814
1398,13229
439,41030
1753,29070
807,47814
1358,32064
258,8725
1410,31178
1265,1991
855,47696
1945,9494
1843,30347
645,13964
1633,24680
943,29492
1907,2882
951,33162
557,33909
540,38645
131,36752
1303,42462
531,19483
879,41079
251,25420
1428,11492
892,34259
1957,45951
1310,8956
1412,45445
458,5072
1094,6354
2000,45428
1260,45682
1745,3142
1867,23815
1994,29745
1576,11211
203,40972
34,30744
111,36227
83,14679
80,48728
1359,46077
1490,8627
748,12871
1945,25941
240,34826
1144,44247
1461,48594
199,44985
387,47708
303,1013
1556,525
861,20496
591,44903
363,20861
224,48333
435,27381
725,11554
1454,19627
443,48940
700,13395
259,22973
1557,23649
1160,46706
279,21019
1699,16410
1128,22462
1646,41670
943,26930
1114,6948
521,12452
446,17780
597,33145
1514,3070
890,30620
464,46921
1872,26776
1477,37895
1994,29370
282,31138
1336,10456
243,1062
375,30975
1491,396
253,5345
1689,14165
1627,36469
939,7415
356,9695
1248,46255
1798,39175
1405,30225
1987,31080
1910,11909
1067,11467
107,20644
1810,48407
200,35834
559,44346
178,10875
1877,39082
1665,23689
887,19812
1804,43915
1139,15246
443,9323
354,22017
813,716
1375,42201
1273,40901
893,6391
261,36461
783,48761
872,23338
782,25097
499,21577
92,13413
1773,26164
1997,2868
1025,42170
1917,6313
1377,42812
1753,47331
1422,30980
631,25585
603,21662
815,35724
904,22029
1036,40593
1992,26436
307,32117
1586,3365
1977,13753
566,11678
955,40715
1574,43128
1059,26399
1134,27095
54,3507
1634,47243
1891,13875
1399,17920
1635,22630
1745,9168
682,5296
1329,13627
618,1509
125,1886
1386,21362
960,9026
221,45504
1551,19201
1283,22062
710,33576
65,12483
369,24243
769,24897
1551,10147
899,18020
1203,23442
1052,25184
414,23971
1309,34084
969,6837
1865,36588
1398,26530
1692,650
1879,37870
671,45443
1010,8419
1940,12931
1213,39749
1259,2594
1821,33513
729,25002
1648,5543
1360,39706
445,37919
558,39910
1223,8174
1481,45652
1411,23994
1093,13205
1329,37626
366,26121
1583,49917
713,14107
1845,45074
382,6159
1136,21364
1187,39916
97,901
1317,11749
270,4930
1911,31414
431,24834
80,6714
1927,4648
1419,7986
683,37647
331,25676
1903,43430
325,28171
1667,34433
1161,47583
923,48216
330,3795
579,45593
254,27986
624,40496
1598,33
125,24157
1038,45537
1890,49430
1498,38580
915,25076
88,30606
393,3530
1197,44261
1284,7724
1755,37041
601,8205
1543,25286
1557,42328
765,100
1426,25269
1421,35848
1368,2239
1351,50067
1131,21546
1321,15253
1457,37114
1175,39707
1417,34241
932,19718
1433,3788
318,872
1330,20411
1869,29108
784,33961
197,26858
1695,40480
985,9781
1960,22746
191,35095
1270,14168
121,49518
1931,24708
75,3009
1657,2412
1767,48983
1062,5729
1753,3837
1893,25470
491,20117
1384,4241
318,27530
1007,15197
1687,42799
1306,33508
1669,28101
1762,7002
1594,5449
279,8242
1239,11341
702,1474
668,44117
13,15745
95,36662
612,41559
98,35405
999,48465
1979,32861
754,37650
527,33786
526,26852
170,38940
1896,39488
114,42871
1707,27799
158,21558
733,9894
1082,49722
1163,5566
1204,6336
224,1328
1713,42276
1576,9988
869,25161
867,32002
1879,39404
1215,14275
464,29148
483,37084
943,9465
1503,35210
625,36674
1139,28074
1532,16259
1570,33333
1471,2333
641,37700
214,7607
112,30532
973,7153
336,45202
3,29787
1104,17625
1285,37509
1303,25868
844,44052
536,6935
582,36394
1955,8934
1468,31622
1078,21178
1695,3480
1277,38101
1924,15460
558,26238
1004,4547
492,29152
109,18920
459,47017
632,23168
223,14475
596,11176
397,31294
901,837
276,8249
1792,24105
1548,29819
1339,46741
957,26296
1788,45996
73,30518
1122,8990
523,7175
630,10305
1130,41212
975,41167
127,38480
281,11070
1774,27901
1573,45714
595,46161
1829,37570
1320,30580
858,27086
1613,41508
1859,41883
1350,15803
662,39163
1705,18856
204,24377
110,6646
970,17694
408,3536
948,22456
1310,29946
1316,37748
1440,13131
173,27779
3,43227
817,10586
1123,12239
373,3414
623,10615
1006,42314
1312,21974
358,6045
1885,18986
981,24340
669,30126
7,18725
1251,48393
1633,19404
785,19565
1004,502
713,6215
1834,28112
975,11820
1496,38189
1098,39348
1575,13235
1972,25074
663,32697
813,34193
1050,18269
559,32693
606,45138
1842,3698
528,24362
1265,47738
128,7199
1067,45532
297,24249
1921,40206
831,1267
307,29874
1130,315
188,47544
1767,25083
1503,36512
1077,25467
1097,21325
187,5289
613,26453
31,41396
208,13299
1678,18496
1015,44817
1606,24145
1040,46749
1668,18456
1627,25767
1574,4480
1825,34382
1642,2801
296,38003
1154,10207
1578,39399
1020,4033
337,15453
1108,8483
1830,45262
1573,9559
143,42135
1416,26102
68,7609
1802,37167
690,30706
1461,8337
1763,47958
1702,22630
1510,18537
315,18824
729,5495
854,2671
320,16552
1372,6964
142,47662
1385,984
1329,50011
1890,43520
1083,39963
594,47011
1032,532
12,21861
344,14697
732,5598
126,43976
633,40579
1202,164
801,19536
1312,19603
710,383
1452,12692
121,47731
712,18485
368,16187
1105,18905
779,4036
523,20878
1875,11985
644,46140
1063,19424
768,14419
1759,24870
716,12837
1996,13350
1955,15479
374,3365
392,29626
1643,34134
344,33842
114,27299
1368,34870
1310,505
1295,8887
1227,35690
760,28156
1404,19968
1613,2869
1654,9845
1953,6957
1524,46606
1335,46677
951,19817
1683,20863
385,37245
1506,32860
1104,23165
1563,15924
1359,796
142,26708
611,47062
1397,43141
72,37783
33,26136
565,40034
1403,6566
1350,3696
219,27314
1067,44592
323,4471
1009,9920
1771,20494
230,10583
1478,17831
1363,8511
726,45980
1459,495
1997,5542
1845,12099
184,4744
1805,16925
767,20567
57,30985
1099,33101
1487,35185
823,21363
575,48955
1421,21956
823,23412
1600,23002
290,4434
448,45317
214,1021
423,21623
1193,40734
1985,45405
1696,13819
292,10396
1449,22677
377,428
1306,22085
1789,33915
711,36880
1597,25426
1625,7594
1301,3899
1209,10559
1690,14043
1741,45779
1883,6102
865,37846
1475,19400
411,32305
1821,20043
1725,23370
18,28774
1257,28967
1978,48169
1667,37544
1439,34018
278,46364
547,7624
983,4996
1900,47738
1038,45189
1019,24260
1656,5155
1555,9604
690,2267
1232,24722
467,22860
919,33246
1443,17609
791,24075
1097,15020
1217,47850
468,46979
742,24447
1480,38431
149,8214
1986,34615
1662,23732
894,31153
724,29136
1125,3066
630,1065
213,43778
1127,14670
1307,18044
321,3273
669,38320
78,29538
1128,11707
1723,27264
754,12816
1994,21122
318,14711
359,34177
304,33708
534,42787
735,12601
1120,2643
1373,19079
117,8983
717,16316
67,44520
116,48361
793,40642
39,8406
31,8877
1936,34332
1374,24653
1473,47497
963,2231
526,16031
482,22201
904,33515
205,36307
1352,15220
1327,40957
1429,41697
1399,25537
1864,33285
285,20265
1908,24208
659,43268
1570,2002
578,37759
1629,37079
136,15979
456,22283
1408,36304
1806,47922
1636,35453
1208,7216
1337,35834
432,28388
1283,35051
811,50053
1658,24434
1088,15137
1253,12219
1967,18887
1399,24008
376,13490
176,47466
1484,44607
1071,42569
918,31242
106,2228
870,45554
654,41046
1863,39517
223,32908
36,47276
1065,23597
199,16731
1024,42228
291,4172
1254,27306
320,20916
1339,44011
659,45452
8,12306
1952,13652
1904,43508
569,1811
1013,9300
311,42542
1226,32202
988,30773
426,31629
680,45618
542,7768
219,11810
326,46172
531,35194
672,23982
1877,32929
1662,46785
189,25177
1365,33859
121,27276
598,16502
148,25643
1498,34962
1617,28371
483,40070
633,36219
233,45391
948,12627
435,45933
230,23405
1312,38488
195,35469
1839,47174
1158,9639
1547,26418
1991,11118
682,21288
868,5346
1070,29808
1428,5150
1412,5018
489,2524
1564,5132
601,22633
884,2260
635,20115
714,34276
90,20996
1171,5949
1556,18504
317,36964
462,23671
199,1597
28,39759
391,7075
1637,46900
1885,48047
1750,17877
1081,14025
793,8904
1363,39681
1094,40555
236,4215
753,36543
725,34881
850,15470
888,43214
1367,26828
658,20851
1321,43287
5,11795
943,13044
1426,4239
1579,26380
885,24757
1241,1936
791,7189
926,7241
825,10817
621,44221
199,20295
50,26332
969,29443
1533,13158
1548,48670
1201,38878
420,3452
1693,38553
467,35113
1832,5586
877,349
873,31004
1258,28601
766,27311
669,8812
1136,37285
1351,17179
388,30889
1192,34975
1426,8354
1764,5999
603,45850
711,36322
1048,42872
1144,34571
1825,23338
1147,14464
1390,35364
1347,30057
390,9959
135,29133
1830,21405
1909,37705
1286,27533
1001,14020
1206,7701
1201,19565
1694,23433
1809,36303
1493,36929
1678,34314
959,21851
995,12447
1829,27530
465,5420
1649,29538
911,24686
1702,13130
238,5959
370,41720
756,14431
374,27072
1650,21714
658,12961
1891,11697
247,17128
916,38786
270,26857
1792,29981
394,19905
137,42791
1088,30859
326,32010
68,10287
1701,29328
74,17124
268,6345
160,22110
738,2533
1443,11865
115,25719
879,36643
1585,40586
1698,48070
1555,30825
1703,30261
1238,7407
1614,23676
1731,47278
968,40240
1518,3464
2000,14691
796,28323
358,49817
1439,47273
725,24267
1906,45164
65,3108
601,40176
436,8096
618,24275
1227,39841
320,10928
670,11129
1749,48278
824,18004
1947,41005
749,11545
1911,40562
549,34726
1314,29547
1429,37621
1062,29073
654,44630
400,19303
689,20913
1520,23905
631,24962
1285,16022
390,29383
224,25601
104,14592
967,39048
1826,20860
1882,40984
228,28165
1917,45876
1356,33063
1312,42312
1257,14157
600,39362
720,6795
777,48223
1472,20405
208,4184
657,48031
643,25629
599,48721
808,791
1282,29626
381,32200
952,24963
530,31584
405,32606
1985,2223
236,10189
1344,19380
480,25004
1201,40263
493,37419
424,32527
561,35116
1528,412
1454,45487
1205,46472
1748,5813
1937,11880
295,17466
85,29119
1176,45607
110,18755
842,14494
652,15654
994,24821
237,29944
1681,25022
1956,33131
660,15485
1350,12329
1228,28264
1442,11732
529,27220
563,12884
1618,17163
964,29788
1429,27803
1274,20358
1943,32681
624,26702
1944,24387
1369,38717
594,45411
1444,34325
1403,20897
1903,37150
1444,11754
1842,48802
1898,49959
1610,46257
1137,21082
192,29703
1030,26974
1168,11772
513,31168
1364,26340
1756,30198
367,34710
448,6853
1480,33125
27,2545
1439,3587
556,30705
1852,7330
1776,35065
1809,46080
485,19901
1950,18104
465,44375
920,30607
298,13815
1805,21298
1560,31622
1645,5949
1791,32980
670,10996
1301,25532
1212,27105
1432,23720
561,14150
784,36254
653,47500
1932,18015
236,49646
94,27235
561,39085
1801,30327
334,23484
878,19190
1020,43054
683,27194
552,23961
1033,3752
197,11792
829,11041
293,2867
844,30861
595,11240
1,2616
371,25083
1729,34377
1989,5348
440,36695
585,11865
133,48364
1237,44792
1419,28439
423,15456
1959,38571
1741,11468
1756,577
1277,7458
1955,23154
1702,32988
1736,21092
160,38806
1564,3729
1001,14108
1880,15767
107,36790
24,7756
1416,18105
609,35671
1880,45679
1490,13015
552,7365
1450,15218
195,4751
1553,11663
112,29542
1554,11797
1706,4796
298,12260
376,1717
1876,6599
32,31835
1125,2249
705,31979
29,29664
1847,10407
988,49166
1389,22370
418,40340
40,22748
429,13492
66,23123
1231,1448
1857,33736
602,42316
1188,25884
1123,43659
830,20588
274,28206
1739,28147
1262,13920
1336,10834
633,46674
1714,28638
971,41179
1633,19278
1117,27810
1551,46151
1127,16584
1632,4999
865,7249
1481,13166
1173,19031
1746,2088
1531,43969
1162,17693
345,12622
1279,15903
1406,13985
1937,15369
1099,37627
210,12452
151,30611
548,35338
479,14946
966,24852
146,45387
1216,358
42,22745
1541,30946
593,8744
1818,3898
427,15935
305,12378
505,21306
257,39957
796,2477
281,32034
1173,16875
1190,18296
653,2644
1516,23322
1784,43369
824,25463
713,46871
1224,34091
1638,5684
525,43667
122,15844
937,49099
938,17138
1656,43312
65,30422
1533,47274
1745,31928
179,28844
1987,19277
551,35236
1205,6450
283,23986
493,35802
525,35475
370,38451
529,25688
688,33020
194,12980
588,41179
1843,39275
354,4311
567,41465
1226,1122
1776,12998
1685,40133
972,1107
442,10804
185,3163
1851,20639
1051,462
450,26525
314,15035
90,24297
285,19571
1051,1559
446,3114
77,3562
1260,14008
1088,12754
648,24360
1305,46076
1483,28351
324,2031
1506,5305
380,26180
60,38977
1528,42247
1385,12866
628,12565
875,37071
18,10861
653,42504
729,40299
554,15475
1178,7684
1559,41677
1457,41299
1872,28642
770,45330
159,29142
553,7996
478,13236
1451,3995
388,30263
1055,13195
2000,17251
635,22502
305,39713
1244,24942
853,24437
414,9125
1533,23002
102,22787
1412,23727
869,29515
1782,14189
1479,15196
408,20789
40,1962
1165,24766
667,46592
1131,49945
904,29898
407,45459
1155,13842
274,41024
772,30828
811,7167
1086,7907
985,6458
1066,29562
1829,48749
145,37387
995,25978
1143,25215
1190,48390
78,16113
485,2023
641,18706
1239,17409
252,2773
913,47656
162,15341
1578,1407
1184,14074
1022,37665
806,47690
1548,5659
388,49151
1770,29365
1474,39383
1876,7669
1277,40741
743,13778
1277,49179
531,8479
1704,35518
1061,37001
199,32053
1168,6172
1465,7685
1594,24177
1946,18895
1788,40139
725,26508
787,32329
271,45264
1656,11705
709,34328
908,49088
585,1770
360,47592
607,45537
1735,33812
1350,2895
65,45870
1675,33890
1605,21973
1121,42794
1412,14315
746,20353
1150,47193
649,36289
1739,14650
1826,27072
322,14319
1173,12317
900,4750
1877,25445
224,33038
1426,10252
133,16643
1242,37057
1282,6627
791,29231
1049,32161
1752,41735
724,24570
791,8300
1325,5532
126,41692
1619,17113
1990,27243
22,2612
1568,30202
1154,28823
275,34936
732,9044
1986,13235
1270,36919
1162,36273
915,1467
1535,11883
1851,7004
1139,44797
440,44651
130,24453
600,4884
1543,10272
884,2088
700,143
1478,11744
1945,7656
1166,33677
1875,34307
1396,19375
1363,19559
1005,43742
1171,10216
1999,7755
518,35005
1382,23032
584,32313
1193,14547
1288,11476
1505,35866
1704,30758
225,44328
1271,44311
28,45510
649,29102
1033,47983
981,19343
449,8941
287,24478
498,2875
1769,28147
523,46471
1739,7690
285,18291
77,29409
1841,27954
55,42053
299,34964
296,25864
1352,1983
975,19554
1783,2609
1156,31664
1649,47033
74,20132
1841,25365
707,39148
829,37322
816,986
954,5824
827,889
834,27150
763,38481
1596,39723
1774,41936
249,27142
744,14756
1364,46565
519,30565
1739,12740
897,31104
701,49635
710,44249
852,15552
571,18296
556,46111
1886,36862
1955,29953
1484,30818
601,18812
389,35576
1867,9766
963,6975
1070,21155
1049,5043
45,24660
1270,23813
556,6774
1522,34962
1352,9558
1181,35710
1311,38316
1023,48225
1532,12660
822,36397
1105,23489
1584,10793
1179,4042
339,3998
1283,9
626,27445
1102,1630
1148,9254
1547,11743
904,40578
410,46120
369,21702
176,46818
1706,4317
1068,35561
911,6819
66,29454
269,37582
956,11688
1364,7684
1405,46053
542,23660
190,14067
1561,31048
1994,20175
1737,20443
314,10776
570,9640
201,44553
548,9824
239,24670
345,31649
423,8287
579,18395
1910,33297
1857,15858
1254,38518
391,14665
9,32526
482,11930
1447,4294
37,24873
964,25272
1062,8398
531,6197
1496,36134
824,35887
1054,40545
1521,22672
1277,46434
464,35607
128,312
482,47960
202,13437
1300,42706
1390,29866
1035,43169
1571,44018
1069,44447
1751,42122
1218,14194
1029,28811
1628,37489
165,1122
571,47076
1984,42849
1624,12822
1624,2827
620,8341
1138,45493
31,48862
1532,18053
455,37111
1304,13150
852,18607
1394,10416
675,24539
1649,582
1825,2715
413,8366
611,28262
843,11744
1913,9612
1566,10977
1195,22413
626,10705
107,18452
1936,49736
321,48433
70,21441
668,31095
1619,27117
1673,19146
648,24430
1306,43958
1083,25949
1004,12878
19,10115
860,33213
687,15799
1866,31082
643,31132
854,33412
1404,43869
400,18161
662,18089
942,17254
1806,49385
805,1339
724,13133
1986,40323
1105,5045
1174,38085
1761,4140
1036,33452
1608,31178
1023,26735
1286,47021
165,12495
1646,18314
114,31081
1589,27328
772,29620
756,35699
867,39923
1696,14367
37,24385
213,24500
735,3742
1396,2063
1171,28606
1057,22693
1479,47867
1755,36762
1516,5457
667,45482
1930,29336
440,29820
273,23333
95,47457
489,33399
374,25359
120,28660
844,10679
1803,17919
1474,2608
709,14141
408,19505
892,40198
1184,240
710,44675
1399,17297
1536,45715
1257,12461
1825,3725
909,27526
1373,47459
1222,13556
235,27456
1431,31548
1041,24846
1929,3415
774,12870
639,16241
178,43441
531,14606
1587,33313
249,30140
1687,4516
1716,18005
1648,44627
42,34426
441,24395
1381,1954
1890,2335
213,9524
1279,19764
87,6628
713,3112
1015,29508
735,36393
1241,47536
960,11412
781,28147
1783,12795
328,12905
1413,33269
1934,31869
685,2313
1365,36540
479,21833
888,8988
654,16191
935,32713
622,19385
1362,46512
547,4296
196,19194
1054,9967
20,30624
1303,33424
1104,3266
392,36396
738,45736
982,44909
1755,35266
384,46713
1573,8476
1072,28291
463,9305
694,35921
268,15715
1876,14707
596,20993
1030,44005
1115,33432
1018,19543
1768,22234
331,9969
458,21802
1466,7689
1152,25510
1968,37895
1364,3385
88,38617
1477,7796
24,22641
183,18138
1812,1875
1869,34111
1928,45381
310,739
1899,34442
147,30624
535,5604
9,36089
1510,19841
1252,30122
928,24166
1563,29534
429,5127
6,24414
732,1824
1993,32918
1111,40050
1204,34628
1772,29420
1002,37355
677,43147
658,25836
671,18308
1327,21589
423,21606
226,19511
1269,38737
869,22592
1829,22700
735,13929
1577,2451
132,4323
238,24743
306,13037
1730,37273
783,20744
1077,45054
1048,38555
1071,44108
1629,2871
350,30526
1862,44873
670,33367
860,18691
1890,4606
1428,20863
546,31803
1542,9675
977,10827
850,837
519,18137
1630,6698
1382,40558
1719,385
42,14769
1768,41107
1218,39427
148,22668
1477,13090
791,26092
21,24206
1080,36148
1952,12443
958,39738
1678,4584
887,35343
1893,23391
1521,5874
1225,3161
338,15872
1598,46802
1465,37356
1878,12841
1926,43761
1871,18528
20,10121
320,5527
1373,39490
1512,6552
1765,9614
1676,40577
1006,6080
1000,3282
1422,30490
184,11056
1030,40029
873,36240
1732,39602
1811,1141
420,2014
1645,33268
466,2567
339,21810
626,41610
705,39079
1967,16240
797,26334
656,25729
965,24106
551,30355
1349,12681
814,38625
1054,49655
218,48713
337,21287
634,46955
305,33307
1516,15801
1011,14797
1948,13141
988,2444
1299,12041
972,47141
1998,17051
640,46296
13,20913
1530,2887
1236,3410
1458,16764
1268,31043
442,32080
594,16892
1474,532
862,7858
216,41876
1134,33066
821,6820
826,20679
936,43934
1974,37525
822,36808
823,17572
767,24236
1325,15383
892,28006
1208,44623
338,31836
288,19570
266,12099
1,7210
317,12968
1317,4896
1538,36718
927,30083
1763,46556
925,32127
1989,28850
1297,32818
1900,26748
399,27194
299,16709
1821,47394
1543,43586
1611,21624
623,2071
1085,1690
1524,25106
1755,23108
609,3614
1652,36868
569,18374
1958,20014
1790,27888
1770,11238
356,27361
1345,39607
384,49240
295,10554
1495,49005
1004,49706
100,13531
576,16453
831,4382
1855,3403
710,22439
1824,20255
643,26792
823,21466
94,6283
1208,34423
1746,28765
757,25199
1174,1874
301,28838
221,12334
163,33697
882,22351
1217,43443
895,18904
209,6287
1530,22916
281,12424
414,49303
599,44877
1635,33095
1701,44829
329,35671
1360,29807
1608,2620
16,7154
1453,28772
1394,39541
198,23704
1691,48315
459,31978
1722,45407
1507,30129
1208,48141
1853,25151
399,23282
645,3160
224,12205
285,37585
1914,23426
1879,31163
1160,7510
1653,7389
1654,32159
1581,11383
28,13695
1528,728
754,4814
1727,39065
1802,41281
1423,25507
741,2596
702,3075
432,1184
227,22807
1637,45445
1646,6982
1603,36572
110,23023
1642,16461
781,11844
608,23808
1867,42884
1556,46644
840,42224
1142,30774
1324,34718
349,40130
1595,18392
1222,24013
1062,49301
828,4254
54,9375
1548,40117
1673,4473
346,12923
92,36060
903,24104
1197,25503
1888,35706
785,37191
878,42760
208,18035
333,15462
575,21338
1929,44981
82,834
711,18689
1344,28814
1142,1574
1164,9756
1780,906
106,22469
166,40339
182,21066
1093,19814
1278,9645
1521,36973
264,4741
1399,8511
1573,13861
554,39432
819,8067
171,7002
1271,21133
1702,5840
406,1699
1692,961
1297,15349
277,5295
1545,35922
162,28714
1583,36625
717,41487
1588,42807
1052,13989
51,32619
1119,26048
325,7328
1596,33890
962,17953
1869,1061
153,7141
564,38615
1976,27449
520,30875
1191,40008
1711,28120
865,30719
132,8228
1804,14207
1126,15579
1666,34121
1173,22263
1850,17746
815,759
1995,27870
941,5678
490,19513
130,16299
1797,12873
747,8737
1619,21452
1730,48993
1299,15109
1887,22860
1400,48516
715,49181
1441,39578
109,31935
352,14921
719,32894
565,24745
1560,25225
1563,25822
1431,45133
80,14905
1403,32644
1441,41272
1963,27477
1042,8257
1228,12038
1265,15399
1244,46333
1940,10685
984,9494
820,45734
143,33045
1562,552
1108,43087
583,23867
1634,4313
1834,17104
572,47680
66,33878
1946,24244
442,22478
212,42122
626,763
1383,49429
586,35251
1230,45281
235,7814
1446,7130
870,387
322,21326
1045,11905
221,37990
789,11826
722,32374
1741,8516
393,550
86,18222
1867,4017
457,25899
1386,36134
179,11621
341,18564
1578,21243
790,49947
645,24052
552,4065
1989,11509
1921,30273
1979,27192
768,7722
731,48716
1243,1494
1317,18199
1528,22011
80,47252
529,33204
1722,20039
1770,3369
229,11962
2,44073
523,17832
542,21099
584,4375
1910,32020
676,26608
1897,41775
1916,15903
323,41061
1705,38116
136,45371
303,32817
583,35187
567,11549
1789,9871
1444,24753
644,36267
1308,31795
977,30055
1454,23249
1258,7174
954,38672
315,893
156,2806
1206,34713
503,25300
1961,10420
1911,30764
1364,38156
1115,27999
21,23935
1408,36813
948,19385
1698,27667
1399,26364
765,39221
529,24985
1987,42537
68,4428
702,10737
960,2889
1262,48681
486,31184
1111,40851
1186,15558
1125,31619
780,41758
1438,22445
1831,15427
1395,3882
701,10921
1166,1355
903,34772
971,694
145,18638
727,15050
408,14154
608,46205
523,20186
1343,41601
613,29719
925,40664
384,29074
770,40734
309,22270
724,36357
1201,34166
52,7618
2,7058
1582,20862
100,28857
1854,25779
1626,41225
847,37048
1376,3429
1190,3103
182,12213
933,28618
1724,114
890,29718
1035,47921
915,19522
1372,39519
607,19350
1768,31518
826,14700
167,48449
581,39624
1018,33830
1883,36228
1064,25995
1838,9882
222,45636
591,16310
1935,41565
1584,23196
1131,1689
1744,12731
516,21062
927,41540
1223,10674
190,19953
1699,15441
510,25364
661,24545
1260,45156
960,5674
763,42615
1122,3080
1831,37927
78,41132
182,33896
760,46740
437,11421
1230,32754
1287,46431
1041,8309
819,45286
1976,34165
503,46330
1096,20262
1254,14239
478,15199
1790,29979
1952,37768
1417,10079
135,25588
305,12615
1789,9239
1662,48202
1209,43069
677,1278
1988,30025
194,29728
1998,38168
1150,30091
1186,16223
1972,5963
408,8409
1098,10799
1970,14384
1092,30650
1952,28697
816,44467
1163,45949
1343,41248
681,12397
540,7815
530,24943
226,42522
649,37674
1075,47100
1165,33525
1700,32648
113,11058
1870,33366
690,41515
90,29153
1605,26514
725,10321
1009,20151
373,12228
675,1222
1232,34687
1196,32847
194,33085
910,8368
1956,44287
1604,32808
1884,32989
994,7651
1942,44880
1954,22860
1409,35449
1480,5242
344,7301
1437,15308
702,39693
251,46514
800,34907
303,43480
308,15449
1754,16998
1136,27133
1937,1551
121,6560
1647,25135
1660,15620
139,40134
542,28992
1158,42951
919,5244
421,32870
1138,43600
1112,41511
23,7651
577,12905
477,7599
892,226
1132,34730
571,34176
1622,5150
1947,34771
1270,24861
180,6279
1650,40893
254,25865
1322,47685
1520,36168
183,1382
1270,5899
1506,25991
97,28547
338,34385
962,16077
1282,17638
481,44147
1914,10933
1026,6854
1495,1497
1665,23678
1839,1637
278,35915
54,3264
1310,34165
84,36420
1973,45312
125,26075
276,37504
1891,23989
272,3449
292,2506
125,15486
1962,37103
13,26506
1666,5601
1362,39113
812,25674
1735,49232
863,3484
1425,33251
1236,12493
1291,36215
479,38836
697,8831
825,2167
340,31557
770,35833
444,10886
757,44390
1525,39477
1229,22288
1118,31129
1764,7742
633,11680
1947,9735
652,33392
380,14867
398,45374
67,2632
1248,9556
1668,847
1656,9134
345,11198
1394,23632
1799,34244
570,30126
25,33154
475,1017
1199,34011
61,47735
1246,34504
1981,1554
484,10964
1914,23166
1289,16773
991,9204
1536,7327
6,38750
115,42864
1830,28406
1169,17842
16,27864
1074,36004
1383,38726
562,49096
1517,31684
431,6700
670,11924
752,7180
572,33935
484,49189
1142,8132
1118,16756
1466,30270
568,7995
1647,41134
1770,3767
1073,12642
87,16224
1782,32205
1032,31617
369,9086
912,17994
1387,22188
1616,11689
1259,25289
511,39341
661,31191
455,27321
1732,31780
341,9729
1778,16905
1681,10540
1654,19925
1812,30129
348,32817
155,6047
1518,46795
1506,35639
976,26824
1714,32499
1761,8028
457,34673
1793,2066
1236,11250
1627,41182
1224,34593
765,27545
613,28134
571,32991
1858,33229
1288,2259
1095,9578
1728,28402
470,15668
1397,11430
674,47767
8,11031
69,24724
1123,25401
1401,16751
1079,19019
736,5899
403,8730
1205,18740
1005,23844
401,25530
271,30026
532,6044
543,7234
1536,8590
155,42271
1217,2197
1406,2300
1546,27597
1185,48458
1176,19807
429,27491
1928,49457
1784,41956
1347,24459
455,5146
116,33055
1919,11336
1836,33883
658,24373
1751,7916
1940,24429
1785,5330
1718,42312
1141,8418
729,3224
1230,35680
130,14278
1394,17457
1924,4841
80,3887
1226,16382
1160,36465
425,47614
585,11321
1574,6696
424,43225
934,7599
1889,7804
1419,3741
1426,13781
482,45030
1855,48333
1972,36224
471,14274
1448,28776
1423,35001
274,7148
1804,27703
464,10573
1460,41309
1335,46461
1526,23452
57,42516
122,29918
1781,30732
242,22466
322,10303
587,5729
239,7306
1908,48530
1460,9762
1815,48630
304,27984
690,8270
1332,41188
1443,24790
194,28247
246,2694
1076,25963
594,26569
1914,43663
1355,3283
1678,6518
1633,15039
662,7523
1246,43477
1963,7435
1608,45107
307,19197
584,37096
577,42841
1363,44701
84,2639
1791,11204
1100,31075
1766,36546
69,33316
1032,9976
1348,33660
936,14710
1882,22277
1466,5105
1359,17028
1784,37803
798,19671
1343,30252
448,27222
1426,11412
1893,4512
457,10424
1489,3872
1833,44604
609,12792
1998,47088
1350,42995
425,39641
1880,10752
1170,45529
560,49041
550,24332
1482,33584
1529,1857
1566,24619
1650,26826
1109,38730
1926,38022
544,45844
1616,43821
237,25552
740,28944
646,41467
1796,34898
1543,28901
9,33941
20,3426
1581,40144
719,32251
6,33526
1766,18314
877,36257
1362,9855
640,37491
1336,40336
1026,29898
541,15353
1486,13554
746,44518
1553,11387
667,12724
1152,43637
571,24571
1822,6334
55,19568
73,3508
344,37802
1817,7231
189,5624
258,22526
1460,6942
1824,38872
647,34308
232,20528
1003,20182
434,27310
872,32254
389,30765
539,40449
1211,10324
1710,898
28,2302
256,43863
1928,3258
38,32082
1833,27980
1331,46425
1721,20542
1563,25326
428,20112
421,6523
509,26907
1975,17766
746,42133
226,35373
1947,11021
1357,500
1491,45738
371,11920
794,46770
133,16681
307,13492
379,33584
137,36890
1031,398
402,23639
1107,26557
1786,49364
4,11717
604,35169
1723,9030
1434,18194
119,11185
449,47634
80,41982
1644,22952
1223,42400
719,12423
978,28368
1205,3400
20,11337
28,40313
1676,9301
1114,40335
271,30237
882,34530
1330,19263
1442,37866
417,46727
1856,11893
1276,46464
283,42863
1356,29536
806,14776
1062,47776
1806,34520
465,17429
1669,23359
458,29845
1682,30728
43,40847
1768,7680
121,21876
1112,7764
951,48617
1717,31263
1299,9614
1025,40475
1915,18417
199,4669
537,3763
45,4146
1989,49189
971,26320
835,31069
898,49668
709,16277
362,37888
1432,21291
1763,47536
1180,17616
268,4971
476,36807
992,43729
298,11999
343,20896
560,9279
809,9963
123,22074
1049,15380
1911,40889
1887,22176
454,29287
664,11422
1067,30797
1594,21632
1158,49592
316,16083
1814,24546
1490,705
1051,8842
1151,44752
1278,4767
1863,47172
760,18037
288,23007
1259,49193
1861,7901
1270,5315
1085,24322
1479,11396
240,17455
1573,7476
1904,26965
1695,20852
287,38466
1288,43019
786,12577
333,13400
1042,10530
712,48530
582,40741
1657,41971
536,16149
1027,34049
1514,5648
757,24750
140,20337
91,24210
1102,6686
1401,11144
270,25661
866,13880
1815,5269
43,12298
1066,42683
1043,18667
1836,17487
808,27807
1706,20427
779,49166
523,18698
1567,23867
24,7257
107,9276
423,13794
488,6668
874,4312
721,23252
1728,31134
1876,15120
423,24108
1093,44348
683,2215
124,7454
284,13181
121,26121
819,47149
41,20445
1266,38559
325,43286
1209,47183
258,47877
1754,13156
1278,34226
968,49139
1901,16397
1567,15726
1510,32248
1825,11485
577,18821
812,35325
1697,42964
1382,19038
699,18687
984,282
1310,21018
772,23149
1308,32546
452,49304
143,28496
1239,17192
171,10799
1867,25854
390,22273
287,39493
659,10610
437,5408
733,24665
114,17333
1733,23268
1203,35200
822,11293
424,25500
1904,26388
1644,7941
906,23793
1568,16103
31,35760
870,15534
336,30769
1816,27737
1610,49874
604,6329
1246,45353
896,27616
934,31560
1362,45735
397,31514
1454,31752
1270,25677
1560,40318
783,2601
1718,7885
1398,41189
1484,41324
1143,364
1132,23249
1779,25051
135,30281
186,30899
542,45256
570,23011
1513,47951
661,4750
1769,40614
643,15399
1955,31653
853,39987
1254,36562
1497,44715
791,31014
1402,22437
635,44741
705,45160
1492,3448
31,31016
381,16476
1806,7678
543,5641
339,29428
1873,20028
810,2182
1242,25496
1455,17244
1075,16726
1532,2087
713,26447
1378,32800
930,38589
786,27973
1973,34363
461,12589
1047,30883
1924,22600
1840,38280
1282,36792
712,22449
225,37956
1207,19467
701,18867
1928,24506
1815,1055
1992,43542
60,49426
162,49654
1339,19989
912,13940
1506,27413
642,546
1324,20545
1844,2926
1052,44034
357,19309
1710,19335
468,10264
781,11146
864,34259
898,9359
1467,32616
1966,22228
1555,36025
1417,47651
1459,4695
347,3145
1463,17704
82,1447
882,15822
1682,40819
950,33343
1987,15946
1004,20077
1332,2989
1627,33244
1276,24862
515,32690
539,35927
1941,25734
238,31191
662,43645
423,25762
1436,2348
1697,9388
1342,22547
939,41362
826,3722
1733,37743
478,24545
1354,6791
1744,36426
1718,33618
1632,32352
1210,22943
1097,38670
659,7406
1207,38191
56,4853
1970,4429
1916,45042
901,18816
1935,1654
1143,42921
710,11540
472,3062
1214,37485
43,49141
1544,25818
869,11427
211,25493
1238,14701
22,11174
75,37211
1924,31520
858,43917
1444,5287
1493,34561
338,16194
1660,48361
1317,13152
1727,6806
1200,13591
1171,2054
1092,2330
1725,25791
336,29669
1849,31268
1868,35109
694,44318
1316,24071
1009,3474
312,25137
1184,21675
1949,48714
42,13649
1571,9824
500,44610
1216,6252
438,17618
924,7925
1984,34446
562,30727
908,712
1840,6570
898,47585
1724,36287
604,10304
89,43577
798,48141
1404,2593
618,35363
753,6168
572,35222
1651,40164
1877,16095
1187,15144
618,30029
1125,11414
938,16562
101,22834
1944,24127
1036,45465
1411,34693
1918,6976
771,46894
1996,7232
177,15187
744,18503
1035,28034
460,28749
714,1662
571,29204
211,37993
671,24906
1309,18501
1276,39074
910,44660
84,31025
201,10439
1866,6208
456,40106
1378,14627
1394,32838
1203,46236
949,23262
1937,49263
816,40937
440,12105
642,581
595,12464
981,6449
165,37666
153,36200
844,1842
653,12389
43,16547
1893,15874
616,38039
218,12068
1042,828
1826,22497
359,6066
1058,24075
1539,20398
355,19669
1776,18578
970,11595
1554,48547
1051,37962
108,24602
1595,12300
1232,3324
1611,11449
1887,11691
739,42921
1760,21983
464,49866
1816,15730
1626,10739
899,9872
773,27093
1896,21194
1395,20186
1777,38601
413,29521
1034,5275
349,18969
287,30003
1749,5837
756,21245
970,11781
460,35553
97,8442
1560,44249
1781,33839
1696,48122
605,27766
1110,17813
1107,35821
620,2927
860,48350
952,48371
1605,49315
1254,7011
649,18949
1754,19520
56,42290
6,49691
1351,10353
631,39456
458,23351
386,18659
92,1072
1210,38041
1883,20103
1156,22510
328,7542
1341,23123
1396,17452
841,360
893,27629
30,40871
974,9061
1294,39835
576,3755
889,40527
1977,17684
1848,21749
1667,30078
32,23157
1174,6297
1691,17937
1136,307
1941,43373
742,28126
1503,31616
1393,20234
1731,47462
655,4413
136,15982
966,9876
1333,26489
1244,35547
953,36879
21,42065
289,16333
1610,29018
941,30860
795,19707
1420,13369
1978,30487
1805,11293
823,13310
1118,47265
984,42602
548,13283
66,4321
693,41707
740,39731
219,24111
574,49673
372,3047
1313,23676
1170,44501
391,2643
1654,20809
1139,3319
17,20486
1834,37522
1945,29795
1492,17533
1245,15858
190,7818
1879,14660
43,34207
877,7853
315,36294
1285,31428
1871,11499
1004,40984
48,4682
1345,31777
1498,11999
199,1551
1277,9608
521,9306
648,957
1553,18966
935,40560
1556,20816
1297,49156
738,12031
176,3997
421,46784
812,48650
205,25087
1041,45556
573,49127
1380,18789
730,49823
717,29595
1767,33417
400,38539
1451,20114
731,47917
1734,32561
1546,17093
289,24998
1151,45026
617,15210
223,22346
1074,15999
602,7550
531,10958
1738,10547
1096,44479
1930,49436
1296,46848
90,38557
760,28507
581,25996
1615,18533
1472,11945
1677,30446
1021,11572
1816,14776
1355,39505
973,8496
1818,26465
384,7374
258,1847
1121,49636
1119,24056
510,13227
1902,20775
1733,1593
381,10066
966,47628
516,11721
640,49857
1256,12456
1283,40044
1964,45910
1450,44010
1805,42355
1625,22743
375,34547
1404,28683
1845,3819
1921,28551
941,39877
204,35661
1613,5350
1770,2232
1721,18504
1409,27721
1083,12164
831,40426
237,20868
1127,42593
245,36873
796,12585
1187,43363
182,23433
1873,8411
1456,18859
1110,49927
1752,12675
942,11281
323,989
114,15697
13,21821
1307,45469
75,15963
1363,1999
437,8094
113,4621
1700,12023
264,28217
1620,24440
275,1572
921,2629
1375,16773
1972,26365
1597,1719
306,31155
1943,32066
1290,38716
449,31973
1999,7853
281,20534
680,33413
795,24968
1062,43813
745,16196
1051,7259
475,7213
1799,7027
43,24440
808,34965
959,29468
1953,40732
1501,29598
1069,24356
577,24594
1376,44631
1718,9420
1989,17194
1676,36832
360,24731
565,12054
241,14700
508,10357
1549,10870
247,28448
1103,37496
1630,28755
482,23006
1525,40051
563,28461
972,42517
1777,40571
1473,33847
1491,8313
1983,27860
793,24607
576,27096
1924,24327
448,31398
192,23931
1116,30927
1756,6974
864,8152
1092,9517
1797,6762
1637,16062
1573,17435
929,36078
1643,33636
1971,3449
1704,23938
789,26183
885,41997
1166,6730
529,43720
997,1901
1866,6924
707,22111
636,31747
523,26410
1629,11168
1474,42715
111,34366
325,2827
1005,32599
484,27516
1618,42643
533,26758
580,29683
1209,26585
935,39608
520,7374
1551,24047
1288,30999
1054,40030
47,26217
441,48142
600,22989
421,29121
1340,38494
300,31530
320,28895
618,47781
468,48819
1778,40275
501,9164
344,31412
1076,29156
1727,37207
1390,7882
824,19652
566,22795
528,878
838,44300
1312,37808
1130,39145
580,19765
669,28227
655,26156
722,15226
400,20753
1157,13934
1078,20588
906,13091
1465,23204
467,8424
1156,12936
108,18662
520,32915
893,28203
1946,36440
1732,35645
1093,48230
115,17361
538,44559
1781,47724
1258,10778
1565,11309
702,22975
1605,15150
1082,27343
443,11984
579,23985
830,3310
1165,21156
1344,27225
1796,41923
1101,5863
1998,10690
1381,9823
363,16288
1347,48425
675,5196
1485,36267
361,36242
1928,36426
387,13725
1973,8154
641,7908
663,8501
1494,34682
1757,30428
1859,30352
1883,47175
782,8376
406,47231
1014,3310
1860,17704
1354,47676
14,415
441,33598
98,38859
1662,8045
1335,7646
1243,38685
577,4318
570,13392
1186,3024
1911,19854
885,29
994,5639
163,35486
1958,35154
387,2341
1240,29061
1032,15744
382,37084
54,48695
279,38833
242,31586
1176,10242
1215,1147
100,22223
1822,9573
256,28809
1416,19669
885,10104
734,36115
1858,21275
1430,7864
225,39971
1136,1034
1303,9864
553,4845
1065,27886
616,7482
1770,10230
1169,9013
1125,38623
155,34398
1489,9258
1864,39159
1267,10610
1833,9362
205,39148
1917,15964
1993,13520
1026,37789
796,22870
209,28194
691,37229
1174,11501
781,24039
460,24379
1546,48847
1453,20402
201,22162
290,9466
1859,29273
61,15600
873,49447
1914,28946
1140,35422
1123,35840
1726,38365
1811,48991
709,11217
1906,20833
684,11423
1357,25993
1021,15215
929,34671
363,34455
265,2129
1433,47497
1304,4832
225,25250
427,4268
417,27003
198,35244
405,21543
1612,15607
984,44321
847,40779
1406,9683
161,28773
806,31834
748,8154
1352,33146
890,35928
124,6922
394,44016
1120,1110
391,32035
1573,21918
1999,48536
734,7836
1646,25745
1433,35911
582,11982
1045,22105
613,40090
1955,21733
204,30870
192,22490
20,33896
65,1252
1909,10459
412,36656
294,49099
1641,22195
476,36855
1235,26623
1386,25966
1040,37082
99,41278
1000,24294
1787,6308
1402,45482
230,39892
1122,11681
83,43324
226,31565
56,4784
1257,46838
404,10352
503,33940
783,45457
509,6996
566,4042
65,31123
110,31614
461,4278
1894,17625
318,22005
1681,16020
1385,24453
460,38031
633,48024
1603,39886
1959,18040
1882,47218
1365,6049
543,8692
71,22381
1137,9515
885,3333
512,49300
1812,9943
1163,31859
1056,43029
360,5970
753,12229
693,26421
1924,18107
488,3045
878,38324
784,29689
1819,27411
1923,40800
612,35058
1285,12665
77,38873
1121,17424
1416,47848
302,14582
1174,43282
1826,33158
1633,17030
1683,8395
456,34983
329,18844
306,20015
738,8309
1371,36412
1077,33460
1762,25028
600,11731
1452,29056
307,45021
1014,12840
791,17826
1491,36952
272,41614
1186,44831
349,12461
757,40344
427,25763
292,28750
55,33093
813,40335
1412,5517
579,749
1191,16324
1067,648
1038,24633
99,32693
845,7102
1467,28959
1641,33306
1729,43603
733,27101
547,33914
536,8711
455,27668
1045,3297
421,23992
1634,19520
513,6604
1585,37911
1484,39818
575,8075
1925,1732
735,42406
1189,25568
1037,45355
1450,25098
1990,4043
107,36394
791,239
1518,24361
1836,29009
1389,20841
887,42452
354,29954
582,26928
1507,24997
413,13598
1215,22485
1434,5794
223,32972
243,48498
780,16915
323,29370
1914,29062
1570,40581
1975,21875
1032,12492
1758,24037
154,40689
235,33134
142,22337
1375,34287
458,30037
1769,49186
811,18920
1102,32429
1599,47448
1693,11203
1891,5712
1863,29046
178,41584
520,11992
1545,8114
597,35970
347,25775
60,21602
424,19952
273,48053
276,4591
1251,5878
497,17471
236,8204
1579,41226
697,47792
1268,39683
1428,7219
1857,4353
1374,33374
1113,37695
374,1303
130,37371
1682,13877
912,44278
927,11278
1953,49776
1847,15923
1446,46853
447,10700
954,6490
681,6706
1826,27799
1961,38099
879,16500
544,42969
1431,8172
1574,7465
1445,46201
1975,31347
316,31108
720,45245
727,26513
1220,26556
1391,35910
586,895
543,38220
1060,23327
162,10666
1119,38029
1385,38121
1675,49087
303,30191
1092,10526
1278,16816
322,44836
1913,21301
1652,37958
588,28675
573,15218
156,47790
1741,46981
1747,46631
911,30643
104,43508
1691,46000
266,28559
1912,40127
808,6661
1344,32750
593,9490
1707,29889
258,30243
1522,4963
1071,176
1173,9510
1095,6098
777,34293
1529,2802
425,34306
652,46476
1675,15586
658,33860
1433,26877
1625,26709
1806,17164
1314,32925
26,33640
1493,13722
650,48736
987,36087
371,46534
824,35041
617,184
1571,40475
1128,24116
1969,41715
802,49121
1697,7187
588,40414
916,12406
1425,34341
501,45515
320,34461
348,36758
149,42133
87,1233
1887,26590
1299,49515
681,22014
284,34883
204,43013
770,17671
352,42779
61,49836
112,27260
207,44943
1,43039
1354,38491
825,36147
1198,25326
318,8259
1819,9103
1680,18721
974,41553
1281,90
1738,4544
78,44033
429,43185
1190,13165
1983,38398
461,40494
188,2920
388,23783
1685,35408
570,25741
665,26814
1883,44521
116,38449
1303,36919
729,25862
1446,38388
742,7538
1921,48823
1228,43758
1904,18133
423,7704
1904,47120
1817,49945
589,22305
290,44044
1133,14490
1419,4509
667,45854
120,1490
1557,35347
384,10830
648,25444
1993,15793
725,18390
67,12631
1470,18591
1989,38177
391,12180
1869,46840
1538,31523
1373,4830
1462,32685
410,31669
623,15664
1229,6993
1752,11701
1248,47015
474,24972
410,38124
858,19359
1953,6683
1720,46259
9,4693
1823,29345
875,13587
1822,45643
1936,37960
1556,19181
1597,3369
142,23249
1618,19433
1783,8563
1596,10534
1475,6883
720,41082
1450,25830
752,17792
1007,28115
270,3630
1535,1879
496,33168
1357,35136
188,32697
728,12657
1767,38060
1196,46586
905,2803
12,10928
844,48353
1042,23399
1517,48369
1227,25078
735,40796
97,1430
1697,12809
1547,326
1126,38548
604,15007
1330,12528
1895,18467
1512,1624
464,44008
258,33630
574,23249
1102,37890
529,25990
1706,21139
612,23945
1100,32361
546,40189
1850,29256
1,14598
1800,34304
599,21622
1762,41274
122,45657
961,19247
956,18313
362,12312
228,49046
440,33761
1445,40804
1068,19811
995,27595
270,45072
1934,10218
1599,45912
815,28918
1815,1356
486,44869
1013,49034
609,47873
915,6601
952,8393
72,23945
1078,44091
903,48389
741,19595
794,19150
898,42044
431,33266
1133,16147
996,21314
14,10379
270,967
130,29553
542,10863
722,5121
371,31547
1983,37232
1160,12371
1065,34361
492,43850
1821,39363
1664,10034
547,22902
1254,18755
780,25313
773,7133
1796,31198
109,3044
1179,46710
548,39181
1514,30955
1043,48557
1063,41579
1257,20368
576,49829
1323,21267
955,21437
1883,42077
1874,36599
1662,36077
1468,31041
1417,42766
917,28497
1846,45526
1688,35669
101,36809
108,42536
1442,37515
819,34843
974,28089
1362,49905
43,46385
733,38949
1091,23738
1665,3863
1715,21887
1835,46804
1690,47827
1243,5251
1424,24760
1876,42829
1066,19235
1851,11685
408,39131
1340,20981
1118,27649
1491,32812
1440,31469
1668,43259
1962,44373
22,30824
1015,2872
663,44669
1088,42090
802,32067
866,8070
318,12690
1531,45107
1921,38400
1828,4522
1390,34239
1670,40595
1782,35924
1010,35314
135,12304
772,6209
423,39890
1960,42987
606,48961
646,46202
1734,35998
114,16178
1128,27011
575,23301
314,31955
1742,43727
1947,20089
532,30253
1734,10776
705,40839
1679,4460
779,4415
1585,49107
127,13585
1814,14913
1471,28068
1733,6247
1921,4944
1879,35377
1709,14934
458,46012
940,19541
156,22490
1246,34240
1726,21117
721,33577
153,8295
206,35795
1394,26909
387,5654
284,12219
1333,46807
1255,23265
1064,15192
1666,37955
899,32750
723,6652
1979,46436
1437,27176
1272,48185
1527,47584
1583,37989
1079,20517
382,385
1288,36161
1739,26707
1178,31963
750,1786
444,45922
910,15792
265,2323
1027,24362
1716,49715
1127,36689
1887,17343
258,40143
1799,11178
1821,5709
543,30463
49,42826
707,2265
435,49280
253,43955
851,21213
403,15528
1977,46154
930,21901
1159,14200
155,9248
1761,13313
341,361
986,36040
1494,19851
63,38029
1250,27563
475,41505
990,41338
1526,44673
882,20408
136,25548
66,9191
1035,21156
154,15127
765,23373
925,12911
1404,43231
1055,44494
914,34988
1805,6635
702,37773
669,40213
1015,21910
1287,35367
1175,25531
1665,43061
1656,48929
1662,42426
580,32833
1907,2452
976,63
1380,35170
487,15987
1253,5860
1091,34352
1203,16100
1278,49964
376,14473
980,13869
1999,24173
895,19360
319,21580
910,32999
1868,12670
1962,24380
895,29300
633,3878
631,30809
1293,10723
1817,33217
1583,16823
165,39070
442,13378
1775,8106
601,47100
951,3472
403,35880
1637,38158
1326,9674
437,36346
624,28544
1036,39508
1071,38078
1850,30344
115,12761
1047,49119
499,1484
944,26461
1290,46454
96,15489
959,47921
252,30231
679,44367
939,39057
691,25937
278,22578
475,13733
1593,16480
1327,28394
1618,1728
162,7792
1598,19604
1810,21989
728,21439
1365,8568
1544,15561
660,43561
1826,35352
370,39861
292,17680
914,41850
639,36441
1126,25149
1836,29976
34,2458
125,40967
425,15087
981,20854
404,34669
679,46935
1809,46283
1521,8410
1150,28018
231,28938
1606,45259
1744,40129
1770,3392
1655,8290
228,18429
922,45558
1924,21600
152,17390
537,29229
454,12605
17,10538
1454,9343
780,11970
1845,21847
1554,1991
1058,37228
1379,4434
987,9510
928,28406
1016,6904
676,19538
322,32240
17,1559
1702,8773
1028,18298
1136,21296
1845,16798
1228,15145
78,25438
604,15542
1333,43602
371,866
269,33256
1365,3071
879,20537
1464,11142
1789,18732
1083,7704
892,10742
1834,1608
1372,14761
1003,20227
799,32274
199,46844
1369,11131
625,6714
862,25994
1017,39388
1413,39014
601,28922
1731,3683
80,30642
1884,39381
611,28302
1230,39865
1202,6090
769,3431
227,2043
1080,13914
1960,35600
889,30571
1568,18074
435,21316
111,45041
1159,6155
715,40137
1673,13470
11,2293
732,2904
1961,15024
1436,28780
1446,49581
1240,31351
1120,20808
1079,4681
1566,2174
796,37492
263,49752
1385,7324
1993,40711
1742,35936
792,15508
1227,23287
1999,31812
1389,11997
640,17549
958,43867
866,16452
1497,20364
1571,10930
1157,48736
803,46760
335,41037
1584,2378
316,1472
1622,27839
959,9489
1621,44917
1950,602
1575,872
1935,41365
1272,44128
1148,651
549,10232
798,15664
1169,40694
1080,2859
211,14942
119,41955
1496,3743
1721,46422
1400,10783
51,35938
1918,9082
1132,48953
576,49267
923,38853
1080,32324
1113,10482
275,4629
696,11287
282,32720
1494,37967
572,13447
491,21794
923,285
1881,43612
1340,15839
548,6948
849,13637
762,4824
1997,5154
1070,3737
1580,5785
1456,31649
442,27931
865,13900
1688,12951
191,14672
1125,23812
1317,44054
1870,11910
42,13018
1090,21444
998,47293
1840,3733
494,30639
1479,4151
1287,18197
1358,5749
1334,20162
1974,12830
1698,8027
1213,14708
573,11189
1579,29652
1682,27330
750,38582
205,17256
356,26141
800,18640
1083,20616
421,38394
638,13914
1156,47262
163,28892
815,42672
1960,35862
249,13788
1201,13549
671,32732
607,33436
88,30167
1669,34438
434,7153
1802,41610
517,47687
53,49380
19,6470
1396,12227
1572,2936
1490,4322
1197,41718
1565,36611
91,40002
360,10110
816,41701
1520,30030
24,43850
14,19974
1726,12329
1030,4353
869,745
1596,21866
1736,21230
1017,13066
964,21098
205,13892
1172,39590
1948,28625
1322,33665
166,29385
1651,18007
577,30074
1015,42753
1027,4993
1723,39258
809,26170
57,34099
754,15266
1139,12357
1418,45000
614,25951
879,13526
303,38314
505,34203
290,35151
1992,44386
967,12856
835,35866
1168,47618
1840,23443
681,42463
888,36859
1533,45776
401,24673
136,1439
840,5467
1668,33088
1329,13683
203,4916
162,25362
773,32514
633,6302
1230,29798
817,29358
899,42640
1135,31107
71,48818
1458,7064
830,10774
308,5923
1526,18052
1269,4954
1185,48500
669,7683
352,43075
657,6211
1472,42843
79,12716
1886,23399
1926,12379
719,22350
161,46288
943,14758
629,44242
300,1199
1040,41318
1041,47393
1192,25400
510,5606
1031,2498
526,38561
899,24824
1748,30563
1923,39144
1154,36729
878,16440
1838,35792
1826,22546
888,39548
674,34978
1607,17117
659,46681
1599,39877
318,9682
1889,23044
1405,37242
1926,19845
1664,10731
270,6495
854,25465
839,22282
460,46373
1647,8579
964,46551
1003,20286
951,45565
1946,33601
518,25817
273,8567
1958,40850
693,39123
1538,25240
687,19871
75,39224
1027,38431
917,16201
992,28848
1032,36754
1144,27011
403,15986
991,17139
1216,21804
1916,20518
380,22800
1411,23599
1771,29777
1364,24879
23,31841
740,37628
9,40775
762,43553
1911,29442
166,49547
892,39736
1720,199
1753,24432
1934,11019
884,1908
512,41938
1444,19446
1123,13692
683,41005
560,43902
1564,190
1415,15282
1882,16487
411,29317
853,38469
898,35597
1876,36082
241,16399
796,6391
1916,37400
1987,18328
1381,18248
1224,23454
707,46851
1304,19756
562,41328
496,2861
497,35946
866,47877
412,17761
1750,11964
1171,4215
1640,43122
738,24521
1127,14854
1801,2850
1661,12585
280,37691
666,23481
795,29493
855,46168
1672,16255
1001,49756
1839,13163
1967,12143
476,41133
1078,19429
704,46395
1331,9886
1851,9349
1599,19814
1064,39748
403,30619
472,28465
113,24671
131,746
1231,41853
510,20815
988,48640
907,18125
1149,15352
619,3421
1544,9496
1169,42392
1340,43730
492,45716
1533,47515
63,35180
584,21213
679,23580
1437,18780
1098,12784
1981,48473
656,33496
458,954
863,24980
1120,8088
1729,37042
1451,40441
860,14922
1607,536
1260,11940
1265,42166
1022,20037
193,47508
1718,34682
1702,11097
754,35600
386,1673
1105,44722
510,42385
497,41210
390,32101
1165,15842
788,29315
1398,41264
226,37298
107,45629
1535,23621
641,19602
704,35060
1600,26827
610,34294
1700,21156
1447,41847
462,15344
1723,38290
1255,28287
438,21853
1499,33774
314,2024
3,26704
61,6366
373,45025
930,36749
1097,23690
956,10982
1443,15536
556,25900
1839,29765
222,30573
1253,39697
627,1499
624,21585
1217,48776
784,35829
1144,20137
1951,8312
1282,12049
1537,17217
1728,4959
1760,33592
1891,3052
1451,37840
1532,1685
143,1606
53,21840
372,49004
771,9433
1322,14448
937,44690
1251,18879
1973,38687
1387,3520
1230,19723
1197,45784
1026,27046
913,35541
847,10875
754,2101
1422,6735
241,1715
1887,14970
505,17038
1926,41537
928,13620
49,20026
989,43125
1974,40586
1880,38998
1097,40473
694,35449
562,21591
1728,16150
540,5759
808,5071
1230,49003
54,748
1225,31883
1886,15859
1001,15337
1943,42063
1629,3004
870,23257
885,40549
1200,34128
1920,6279
325,43733
1202,48999
41,48803
86,40898
1538,37091
1518,14632
543,48391
1704,23874
132,8095
609,48183
1547,17260
104,26041
385,30668
1902,14809
909,620
1124,6551
1675,32768
1248,31386
1108,34255
1447,41854
1838,47115
91,40603
461,43726
1806,27418
376,35578
1453,48026
1512,30613
1540,21809
1701,2507
41,20291
177,28453
878,3058
23,14357
1072,14756
1875,46926
1228,30503
272,26377
1038,38563
281,28668
1692,39203
988,29881
982,14099
704,20928
398,9557
1601,12946
1261,40132
168,48549
913,26278
1026,29395
1324,10844
1123,24090
1240,40598
1117,346
351,19981
874,17507
488,36000
867,33229
1244,10368
1582,41500
643,404
610,46367
1686,30255
1489,21030
1869,37034
920,14324
722,25957
297,24383
584,3275
94,29526
1738,16589
933,13979
873,43770
37,16955
1739,31484
1822,7118
655,16997
1383,37219
1789,3918
1058,33710
1072,8284
80,3101
900,3576
1363,48411
888,28282
293,39948
1257,24823
1047,12786
1150,40164
820,31607
103,19025
1924,48656
1682,22758
315,16017
1158,31715
1512,38192
1690,31852
1882,20389
243,13457
922,19057
383,42731
355,19954
1801,39812
693,22314
1009,24229
714,21258
819,46043
1039,12877
1296,35514
729,20675
1635,17621
271,30349
1698,46860
1299,23090
682,26921
1827,41279
210,37117
306,45961
1708,20746
1226,10569
1518,37624
59,44102
361,8257
303,38406
34,5397
1635,23335
1960,13119
294,46447
1197,2752
871,45184
74,9713
846,41585
671,17144
595,28730
53,23973
1731,12087
1479,29456
1372,48621
1511,27163
193,4704
1563,10243
824,14332
1025,17830
1488,19046
872,10517
1545,605
436,37843
335,15823
1023,1716
380,35470
1099,28460
193,19185
1823,31153
1293,9308
1950,27452
1510,7076
1527,4313
817,43220
1160,4464
1674,17677
1527,13122
334,42585
593,22925
1794,17028
461,40700
1959,27970
1710,9539
1878,2950
1336,3546
636,19926
1611,12252
516,15799
68,16626
159,29058
1882,10033
937,9414
1414,38681
1329,34041
1060,24898
1948,29079
1050,28281
1686,2242
1255,44535
548,25315
1854,17313
1557,688
1420,15120
520,921
409,24423
1109,45562
1617,46780
1676,29063
696,18417
1049,36201
1751,2568
663,37885
1606,6475
1252,3334
766,10100
1970,13546
616,37125
1130,27651
757,18444
1361,3597
1001,31402
1413,30674
902,22260
1196,2883
1166,45898
113,24458
537,36787
1118,26691
1747,20494
1858,35004
823,23562
980,18774
136,14498
436,18411
365,65
1559,8753
1913,26498
1299,11283
246,49346
1774,49372
1907,6669
1333,5705
897,26830
1182,37927
747,48836
1655,36639
1844,16726
1856,1874
851,26248
698,47897
1120,26881
655,4806
1359,49927
49,9122
975,44096
1190,10794
517,36842
1108,28384
630,14740
1874,43730
297,7227
1848,27457
1100,21345
1903,13652
1511,26135
140,6597
599,46053
271,38146
1802,9886
1544,21486
714,34492
1288,40954
40,26688
1154,20728
642,49214
1941,28291
1503,3779
1005,11729
1051,33116
1873,18920
702,5238
315,35848
901,44237
1758,15906
996,49264
1223,21622
1727,40459
1557,34714
1467,22339
702,21921
1160,37257
222,28998
1223,35978
18,27097
657,22879
186,2458
854,46851
389,17383
591,12504
1485,20641
1624,3780
865,7764
309,48488
1874,19308
1995,13191
1923,25820
1154,16398
1275,41948
1344,18249
1836,45584
1247,32384
1021,25811
215,49437
1144,40686
54,49508
1352,7643
1069,18108
1223,973
1794,44685
1094,4908
828,3191
1249,499
1013,47872
127,18179
502,25980
820,12064
907,27715
1963,49988
481,15915
968,47343
1559,42174
1185,38416
362,32201
420,30764
1836,33874
528,33202
969,17159
871,36983
119,47257
1548,28236
1350,31083
1570,15170
753,10506
125,3161
83,14645
1883,22244
148,16242
1410,46821
192,21451
1616,49399
1883,44083
1011,23558
1997,13895
655,7763
258,20682
606,19548
1475,35740
1078,33027
131,32678
1535,16485
1838,44687
197,12335
1075,37704
553,4729
197,18326
1501,11767
259,48693
155,40780
1955,27857
1872,27410
330,10568
1456,3650
53,32839
1175,17791
491,11490
1878,33930
1294,6866
1803,34383
1440,18587
1943,2561
317,48267
198,39874
1076,2695
1524,38755
496,40211
1166,29908
1815,36439
1594,20416
220,38911
1758,42535
68,39729
1192,23742
1657,41783
525,30815
1304,49789
1094,14838
421,38841
1532,38610
1812,35387
451,3172
128,30372
102,20449
705,2137
1006,27884
333,25756
93,1227
916,22728
809,10450
1283,3988
497,49818
1311,1373
1404,2291
282,31868
1171,30821
1142,25623
1578,23481
1811,22263
1578,13902
1297,21754
868,27890
1452,23960
42,11610
1505,42861
1140,46177
761,26934
1575,31084
80,38510
777,14397
1986,5896
1045,27446
398,16185
647,38624
1667,9794
986,30636
1445,22858
1326,38538
744,37562
490,8330
1190,6208
514,21090
172,40265
78,28225
1924,40502
1138,2865
1810,44708
194,19042
1703,46431
1301,47755
1728,39914
623,13834
1497,20052
1986,20000
1485,1696
1099,43636
1716,48303
1999,21584
1508,16760
137,16940
1370,7214
1693,24113
1952,27753
826,30852
1865,23974
747,435
316,33210
37,43195
247,4978
1971,17420
1530,18851
1707,2930
1540,20486
1915,43675
566,32869
91,14355
1090,38557
816,20503
1052,46720
1590,21606
1318,44410
1416,33261
362,29929
1976,40818
1958,25423
1449,33229
1156,23135
528,11836
1974,11080
925,39276
125,5189
974,9688
301,14789
1884,20821
20,11693
460,23431
941,21563
342,49305
931,38688
71,46218
119,42760
1222,16244
1616,44823
301,27590
1448,3996
23,29278
1414,37025
1228,35201
1812,8375
957,24405
546,23025
360,14262
1147,39382
1963,15295
1085,11300
1813,24729
910,31995
500,42069
1425,32194
246,21751
190,21038
828,36022
1666,3751
1824,32892
603,30090
983,2552
539,36859
1437,8261
671,10701
415,13998
1510,7462
427,27849
501,37054
1434,45924
1575,28962
119,29251
1984,38718
209,28937
1754,48405
1577,2042
719,35645
738,6992
324,11919
40,17933
856,29119
727,14756
177,49567
1977,36798
685,17999
201,26581
958,26199
1532,7793
497,43246
979,46458
1087,37733
1423,10154
314,13493
1456,38302
1150,17196
291,949
1726,1606
1802,24620
35,43269
799,33757
958,10234
382,44765
768,20698
181,3225
1832,19868
1551,9261
607,26665
1914,16832
1335,40609
426,25462
658,15608
611,20885
879,22906
898,39373
1189,26309
634,4624
774,36781
182,42996
891,43659
611,32659
1175,19105
1585,30696
1295,23932
1135,31728
929,31074
1539,50033
1876,2467
1469,43112
944,21199
1993,27959
82,34159
653,9174
1573,10959
1396,14321
406,12125
1260,40531
274,56
1668,15329
1047,30348
860,13238
222,46422
704,28764
1548,44435
1713,38537
880,27427
166,46033
1596,27264
365,11122
1258,5342
671,42942
18,12067
790,1918
1130,9290
7,4207
1571,45145
1299,26210
1477,21866
1489,49195
93,29060
816,11999
467,17443
702,39363
154,30977
1607,25533
290,42934
261,21547
1873,46499
1174,43711
1678,13964
1231,47000
228,38500
1033,25188
428,47072
930,48904
822,397
914,43571
303,40539
400,42082
1370,1649
305,27238
847,49041
1648,48516
950,22842
1167,33579
1999,25904
1830,47212
1529,16806
512,12381
55,20967
1691,10926
357,43090
1331,33273
1659,3342
435,203
112,24259
283,13226
941,6884
105,5522
260,48243
1206,7941
1659,34630
1442,4135
687,48493
924,11652
1109,44617
498,12174
905,4609
1468,3288
73,31429
683,5013
903,7022
306,20971
410,2772
703,12881
69,1933
1672,6346
898,40106
202,37912
694,41186
1951,48527
570,1078
1768,45214
1004,26950
1573,21066
877,11447
665,28405
1489,23637
1624,36189
1375,6388
1450,13866
141,15090
1904,33129
1575,4638
877,49752
709,30666
318,4362
1741,31690
1095,43214
454,23108
193,32744
352,41145
471,4532
1434,1834
1081,2441
1337,5031
796,45003
122,1592
1633,9215
647,34940
1644,31212
18,22612
1333,40222
1646,43525
1899,5854
216,23433
538,30034
55,1760
1604,628
1663,19096
1185,49481
543,159
1057,23114
102,43002
1149,41910
329,13552
867,39955
344,10776
1642,34992
1270,2163
33,27167
1825,19956
611,45113
131,7000
876,23149
493,10081
1090,13677
1899,26591
836,2867
57,12231
1784,43783
1294,31442
526,23932
707,20175
1930,39311
1068,32865
1635,18840
1726,8094
48,11820
1318,1485
1023,30243
134,15509
1863,42877
598,13171
1491,7672
1958,32307
1780,38731
353,47156
215,7919
667,25019
1441,39774
1269,7945
1874,20455
950,30226
1142,14660
1030,27433
1340,32095
1145,4583
1793,232
40,27387
650,26275
1173,48097
1577,33964
616,26505
1256,27663
1289,13712
760,14250
1330,28696
430,40915
1789,30448
510,48276
142,34359
1649,12186
827,29494
197,16955
118,11065
1144,29440
1581,33582
998,43804
1815,12452
1234,47190
380,44390
1588,2025
1783,28117
1774,18943
383,43024
1836,45789
835,34641
805,649
1792,12261
197,4812
1473,2116
1617,46617
1869,42361
675,28615
1635,43426
1927,7342
379,30297
149,693
1608,24558
1422,36193
542,12457
1400,7191
1557,16355
557,28563
1615,24182
89,27842
1678,21376
1680,29494
809,35151
1317,33790
1050,13851
1220,15517
1582,42991
1325,31189
1644,41719
1783,33661
391,16799
293,28430
511,38475
1144,21713
14,4768
1695,17184
927,49194
766,18303
1121,30889
1708,21393
1291,43577
734,16685
273,22171
133,47547
1047,36771
388,29294
1767,10724
817,12057
1403,36335
1302,44167
573,18139
800,2968
36,25206
1923,13162
739,3305
1388,42160
704,46107
761,23933
1618,9125
138,17699
99,8653
744,1124
209,39347
1291,22643
678,1629
71,12765
438,39499
489,41020
1543,47012
1741,332
506,18028
275,3480
875,41050
1306,1005
1837,47564
89,37630
735,3900
792,11378
918,28742
1099,45247
1508,17035
1612,21554
1134,27577
638,3444
286,48273
1034,10819
1075,6786
520,3007
1560,32070
1294,19966
1696,12082
1418,14691
1116,13695
1233,17251
1211,9116
260,2119
1116,35491
827,39300
87,12145
548,22254
1726,27725
1684,30458
473,6723
1403,48936
1987,42622
285,48433
814,8437
42,29252
1085,42398
310,7445
683,32457
121,12030
1826,15677
1529,22439
1268,7906
822,10070
97,23818
1269,47878
1923,23357
1595,20672
244,14676
156,33882
1329,7956
219,49769
960,37457
981,48605
1410,6260
101,26826
1415,628
958,31558
664,33652
1775,17240
1107,17381
1563,49486
219,41802
233,26866
1031,36467
543,28316
1459,26524
1036,7550
797,30058
1642,24460
114,32166
1701,37016
1876,46389
255,20991
1539,45614
917,39520
675,22229
1675,18202
1475,20276
525,47726
1413,19821
1670,48666
1037,48970
453,36267
855,27878
1718,39252
480,49608
497,43438
1841,20670
284,42475
262,5119
1153,37362
1930,34901
951,33338
1936,5781
458,18540
1899,4507
598,3676
1563,15237
1370,10687
871,6905
1344,6850
1723,3943
1235,41024
963,6989
373,46790
116,11182
1053,45204
1360,12247
1543,29151
832,35112
279,44626
924,48617
1367,7754
1916,17975
1032,23223
277,22937
299,47916
744,22065
735,12682
1419,1567
1820,30958
1040,18080
923,10309
1215,42529
936,43582
1242,30100
141,42088
1412,39450
370,26241
779,20132
1432,21205
1873,17753
1063,38989
573,29634
915,48678
743,3798
1747,3334
305,11870
472,23841
125,761
1830,18453
707,13832
439,7883
693,37685
164,14261
1257,41581
1135,49220
1626,12045
1791,35381
577,19750
1382,18044
103,42728
721,36236
1234,6154
1181,30824
1845,16126
1190,43453
1554,43840
150,9633
112,25620
866,40059
938,43144
675,39568
1114,44255
1578,12693
784,47699
157,25893
1981,12336
81,11525
307,48997
1637,49159
16,9897
1950,34340
1210,48060
466,25918
1971,40801
595,4729
705,37172
1246,10301
1685,17360
1326,6669
782,7165
600,38356
988,13057
1927,30018
1113,16192
1123,40301
824,36697
1286,49938
61,27862
601,8859
996,14300
1643,6377
276,27995
337,49995
345,4886
1688,22475
1721,42989
862,47587
309,30504
63,35045
737,47170
1338,43672
1521,1832
94,18027
1887,31230
1027,37380
1885,38142
1347,46530
442,37722
1729,30153
1453,47088
57,28023
1284,2891
1884,38801
1451,5861
1398,3208
1326,30137
249,36729
1380,27124
1593,31865
1404,7228
627,33704
1356,21196
79,356
839,29365
1416,37854
1650,14287
1185,47970
775,4130
1569,7354
603,13535
350,28616
1922,41590
169,17791
1006,20690
1336,35940
240,17891
39,49032
565,27265
283,25525
1906,2540
44,49108
1474,27702
889,12879
200,32467
1380,43857
1750,35757
1261,42959
156,28319
1432,34560
1858,33610
351,810
859,42390
1285,531
505,40247
576,42091
1036,28681
410,29780
156,36983
280,29783
630,37989
681,40210
492,453
1297,2838
1780,29614
359,36665
1502,27290
1854,19663
1505,39116
1969,32105
392,9363
489,12063
626,28750
1548,39763
1969,2795
181,29452
871,12951
1457,18987
724,29025
782,660
354,27717
60,30926
926,31242
972,19105
1311,12090
1772,9980
11,29568
1561,23463
782,48072
217,7330
1379,1279
729,31199
369,28056
1074,2644
1052,18235
93,32650
1732,1287
1589,15075
97,4637
892,21204
1325,45636
1020,23805
219,46003
813,13533
1496,49497
1887,32920
1561,21476
1664,29380
482,22055
75,49372
297,1596
355,22544
1289,3854
1774,872
1340,44198
809,44595
1505,35702
460,7122
1141,25832
1266,17452
363,44263
1521,11730
258,26965
1810,44429
93,15972
904,4072
1538,32272
1170,7741
1454,6563
2000,33970
596,37229
348,1228
1744,34659
1411,28779
569,22660
985,25669
1709,20912
1386,29101
323,16912
202,35296
1326,26054
967,11096
192,12387
594,27168
190,11092
181,18701
539,13930
1192,25322
966,12636
805,6707
840,29350
1483,546
149,15130
1465,29093
1652,24200
1506,33011
1484,1193
1064,32156
675,34400
1444,49014
356,8358
1818,15527
1320,39586
338,1810
509,13631
951,5046
1857,16126
1002,46735
426,46891
1783,2972
124,37714
673,19766
1990,27998
572,34577
872,781
1042,18115
661,49176
614,492
1916,18123
1788,11306
1452,6660
1183,1729
1628,47577
1448,18066
437,5418
427,41924
1397,42143
1167,41947
1381,13746
155,37301
659,25214
1945,43390
1456,8961
458,22230
1037,21889
319,1364
1639,41258
1422,13990
1049,39648
1506,3954
1536,21349
205,8649
686,981
732,6328
1435,17045
1476,798
255,40537
154,18489
1893,15908
1068,12433
362,39394
239,6919
1482,2755
329,30649
994,25226
1452,25508
988,38448
704,17392
710,9015
178,13866
1362,13797
1729,4299
128,21737
1290,18825
105,7673
1267,4438
1443,16033
134,27393
884,7766
1652,22928
1803,25713
1273,2278
1730,44496
1274,40947
1310,15535
1342,3190
897,30381
1775,48836
1667,13783
1941,36954
1397,14071
1820,23650
1138,4232
188,37789
1234,15235
421,23448
405,4829
876,29912
1980,45296
1324,21814
1692,15612
632,34262
194,20899
1660,6920
1454,18597
1427,36820
505,33978
1784,16604
1497,3275
1960,42944
901,36292
1871,8864
1434,34800
887,45931
996,11949
258,20471
1268,47255
1276,13837
574,12215
160,39917
1363,27958
1082,28963
1158,17586
1819,40191
136,37442
705,24683
892,7567
882,38255
1887,44824
1721,24557
1415,34233
224,31784
1036,19306
1395,32050
579,19466
141,45925
889,31222
1773,26218
1378,868
667,23069
1044,31962
479,1087
36,13389
1200,7020
1519,1475
553,4348
1071,26708
713,41374
63,38276
521,2884
1118,17764
829,18618
1084,4446
109,4674
59,5996
344,5596
1707,45317
678,30483
1233,35379
1575,27425
881,15455
182,47912
717,16715
66,25245
1554,19431
1200,11960
671,24832
309,49077
176,42463
1977,11149
206,17675
208,38759
912,46410
1000,41714
444,33944
524,46082
1625,10210
904,13518
124,799
131,48378
1167,7008
1471,15810
1697,31667
1704,32805
1120,22804
1744,24655
68,30783
108,38089
1092,8200
498,26053
1397,15912
348,36929
243,44245
259,39334
1712,25752
466,35413
370,41754
407,35977
1682,31936
1688,7900
255,35778
728,37177
1857,13352
147,10540
289,34855
6,37242
1401,13198
1975,37556
1422,25581
672,2969
94,38140
1592,7995
820,11512
1018,40594
793,9068
1059,35982
1370,6988
1242,47033
1873,30683
1789,11709
1637,42621
413,5649
560,43119
1902,24658
1887,11271
713,41512
1809,24010
198,49313
1218,16217
1213,28025
453,36203
1137,46715
1475,36374
1665,43754
1334,15769
1782,11340
696,29433
995,20613
1775,34460
281,27884
102,47386
1219,28996
1730,40766
1415,16165
1988,4383
273,33501
1878,12921
1686,15226
5,4089
1197,6483
163,347
391,45083
24,27844
1477,6310
942,34729
147,1725
473,18041
1038,35581
1698,35000
76,22446
645,44286
1137,19861
1026,10677
956,4913
776,21973
183,6296
1507,17022
1643,14815
1966,19827
1116,27457
1479,6946
1626,39438
1585,34595
1832,6534
935,47648
1222,22372
488,28429
1904,9259
1646,19623
45,10412
1218,23400
68,17383
1082,30924
644,21513
1754,18942
1597,49604
1012,6649
649,14453
974,31871
954,23247
1017,38864
88,13172
90,1347
79,23653
1157,8492
1284,22218
424,39669
1675,49084
789,42458
199,46782
1890,9834
1499,11922
1875,27455
1392,89
523,35262
1038,11968
446,4589
1931,13745
1127,22204
1030,4147
749,12329
262,14157
1897,46734
1363,5497
1808,1872
1261,27658
1945,1519
1252,2570
1084,33619
1204,42619
304,46004
954,20101
636,23666
350,25489
1649,18016
1863,24935
521,41828
1067,1351
438,33353
1615,12791
1854,29699
1793,49567
711,15281
1897,33315
1863,41356
1776,44932
1778,7596
1063,30568
425,12638
81,14067
1616,1775
1319,40297
1017,45009
967,35447
1605,46752
1371,11534
1545,547
624,36055
1961,43177
1008,39564
1144,33718
580,9764
1600,5266
683,20849
1338,46051
1132,25259
1003,41341
1522,45125
1074,29157
1954,47858
310,9068
1260,24982
68,5937
1281,37155
1519,15366
1898,16411
62,9118
472,32010
441,42385
1495,8091
930,48688
288,36181
500,27534
1673,10335
978,43349
1451,2624
140,24549
1518,15302
384,39818
427,4808
808,2159
1847,16609
264,2659
116,18342
1709,18595
1078,16298
1888,8673
867,13435
634,32618
1453,28501
1445,23049
893,4878
885,9605
1969,31364
749,42894
1999,3624
1136,27581
490,2499
1689,43580
1562,22192
146,24159
1705,1093
136,21494
738,41052
190,39752
118,31190
34,24845
1578,24858
772,27572
1860,6480
1280,31431
1477,46972
1662,9393
1968,35010
1363,14739
153,47004
618,13182
76,42873
1699,12682
467,3845
148,28143
1772,13022
1528,23115
1473,43224
1929,46555
342,9526
1075,18661
1354,47679
1309,4256
1820,37202
408,39903
1765,27283
1300,6924
1137,681
1866,38297
876,14775
1754,10369
1644,28731
1036,40371
609,35813
899,48483
1678,25551
1368,15390
1919,31970
481,8085
409,3011
1521,4078
24,42233
330,31852
263,8726
1143,33425
1420,40024
231,6367
597,37904
958,41448
81,14721
1673,2928
883,30558
11,22928
485,35470
1086,30747
250,46632
1516,39686
1219,21075
801,11920
526,5732
133,45065
812,18483
1612,31946
241,41071
1504,27952
1251,6655
929,38945
694,25243
881,11190
262,8888
1955,41027
1210,15388
1733,32383
1228,41971
1830,16480
1030,26869
839,44871
999,23724
106,2574
391,20723
619,237
1629,23236
957,21175
80,36218
1816,44380
1132,5274
1183,48621
1245,16996
138,41905
1552,10802
1411,13127
529,403
1694,36225
1864,33313
664,43835
112,47750
1945,8540
142,22081
1031,31872
58,19757
848,33802
1219,40745
495,40320
382,16808
355,4332
1155,41010
437,9923
820,21757
705,39751
1703,5973
59,48183
777,17659
801,24233
1039,34644
668,27964
151,48728
52,22914
1208,4143
781,21543
1701,36587
1046,34859
301,36411
205,207
1954,25146
1037,16610
122,30719
1777,24974
601,22758
589,46006
1746,34854
1306,4803
70,44650
277,31459
1357,36132
1426,2240
1824,3404
1341,49358
1186,49011
575,43264
1432,40178
1232,12362
1430,5534
1364,35353
880,47188
1870,40280
1595,12000
567,6386
1607,36496
1631,26811
766,21970
125,44243
1219,29682
404,20638
441,11694
870,6491
1222,49969
1880,47362
479,10580
1996,8995
1926,44684
1551,18836
476,19779
1975,11057
1824,19414
1970,21371
1861,32681
1204,7110
1396,26597
576,10300
449,6135
670,39315
521,3345
1472,2848
597,41883
1429,28876
916,21237
1643,3422
124,13399
910,14980
647,10106
1024,41099
1611,35605
417,43149
1531,4461
1905,41361
46,15907
817,24460
689,20596
1491,11491
457,28561
603,38870
1382,20453
933,15553
1114,1623
71,32433
1628,23608
719,12536
151,46889
420,43723
726,31253
35,35469
1754,43777
1122,31395
121,18762
44,25778
483,22839
1486,48492
1993,32107
547,45974
429,46128
1981,29935
928,45649
766,48522
322,14908
941,1997
747,11810
137,15144
956,8417
706,3363
1401,6267
229,17056
1882,34608
895,29449
1098,33260
1548,24076
130,2152
415,29255
1751,47728
276,3742
1575,26535
1318,3209
1298,48621
1962,1195
764,3883
957,12732
1268,32692
1706,49642
283,30606
252,758
1657,8188
1937,26658
574,8415
544,7800
523,38
1785,8175
1566,27543
1127,26848
627,48930
79,18824
87,8899
353,43805
1962,7431
1575,26086
1362,6402
49,14773
860,7629
359,46659
1628,21240
659,14702
469,39142
287,20025
350,35459
122,25024
1018,47887
1522,13063
69,4135
1234,41211
1328,38781
665,35841
866,10494
102,8439
173,43021
999,817
263,40155
867,23716
1952,32678
389,14138
849,786
103,24914
1753,45577
412,26650
70,17677
1975,18663
498,3109
1537,9399
1251,8352
1183,32909
933,12228
1756,3934
710,16383
1582,19305
1438,15472
185,27579
242,12561
1216,49198
1095,23249
1588,33465
1243,48668
66,30604
396,27257
1088,18567
732,34199
507,10910
1260,14996
202,40197
1513,15289
1794,40655
999,15941
1851,20816
998,11286
1516,1391
790,11468
399,12920
1147,40159
639,23227
1541,13713
620,9362
1541,9258
5,4001
1745,399
216,27339
1419,47426
1603,33991
397,18554
426,16594
1511,39556
740,9485
977,23340
1861,28851
664,47940
102,49651
807,23679
1267,20160
323,26696
1507,34137
1428,10893
740,11740
1142,27358
1745,3422
1374,36518
299,17117
181,4575
1091,37483
675,40201
51,42229
1939,43696
187,31259
521,16695
666,37814
1090,35608
394,48602
1184,3053
810,36428
151,1583
1074,10033
1447,8992
911,5642
912,1592
314,337
1196,49452
1116,20335
1648,13210
68,23691
3,974
286,281
133,42869
123,19342
1417,48699
1466,9665
926,19160
315,10875
1437,13931
1183,14295
842,44908
1047,28265
1377,43307
1071,27530
984,50014
138,15796
86,8933
1358,2691
1413,46605
31,27758
1659,13775
834,28957
616,36244
565,41721
1990,25703
320,23461
1837,14435
1613,805
1382,15278
1061,26751
1533,42994
572,796
249,37253
360,16949
1638,31081
119,8045
281,2949
1745,23525
293,22781
1188,32862
1663,13378
221,40376
842,42911
1306,29399
1170,24356
1733,38146
19,44910
1710,4872
950,45350
1779,26988
656,34
1606,7961
887,19969
1560,28340
1163,48935
273,24072
1340,25065
1513,2740
1694,13184
302,38915
1186,21437
504,23621
131,14724
637,1993
1204,17941
1014,24741
843,20351
41,16159
851,40568
1645,38217
1112,17143
948,46446
1064,24954
1067,6664
1927,35387
34,31151
31,40602
1517,11151
65,39148
1180,42511
1487,36426
40,41859
752,20589
983,29056
1555,24521
639,35320
367,12095
1528,16597
705,32632
341,12561
168,36489
665,28618
1803,39712
644,49289
650,26204
719,43032
4,23037
1342,26719
1094,18573
1294,9786
1144,2332
1953,39889
728,7243
1975,44406
297,19041
294,24546
390,25738
592,31686
1168,41859
1313,7601
486,19504
257,3385
282,27317
379,49507
485,12348
845,12682
574,13424
1364,31495
1352,9467
1301,37390
355,42295
411,5514
1445,40242
1116,49466
1376,603
1704,49011
1708,44069
454,33045
652,28519
1774,1347
1006,1739
287,6025
524,47973
116,31454
281,9481
836,37316
1501,14473
747,4929
1089,38323
31,35613
351,24543
1698,17004
1947,19092
890,15320
1986,47870
110,22266
1994,49752
267,39274
1127,233
468,20001
478,24747
729,3785
1717,42697
1932,36683
1071,26342
415,4904
1223,1505
1849,17777
154,3414
469,498
665,22189
1763,7965
1274,144
1345,27339
341,25418
1624,14345
417,10927
553,8063
527,586
1912,26621
1930,19027
330,43897
1651,12880
260,20422
1200,18372
1427,40548
1840,49858
1487,30161
108,46207
1306,49278
846,20076
697,43631
157,47362
717,37011
650,23524
1948,15882
1842,42207
348,12918
268,17525
1229,46476
1075,23549
61,41065
1998,43901
70,19239
642,1324
1426,37397
256,33597
1426,29317
524,25078
119,43033
1271,23133
456,22622
748,23591
585,21111
565,17329
779,33883
48,40970
1663,48998
1044,40949
301,23192
179,10720
1372,34124
1664,23518
949,18964
136,32441
276,23864
651,28862
56,26082
713,42830
615,34932
1748,25287
1357,25144
1732,38952
314,22392
1497,31591
1530,12986
552,42099
1349,28085
148,27495
259,7777
1253,46012
216,19179
1842,30553
762,66
617,13758
1095,36237
1446,28093
704,34024
1745,6804
616,29102
489,3534
1128,49258
1104,33261
469,34325
1584,218
1591,43938
1359,2164
1576,15217
254,5569
1318,16161
305,28507
892,49507
761,7439
1722,12281
887,4301
142,33741
1698,40472
1493,13900
1886,22558
857,49037
1931,31162
921,49950
353,21300
1114,25905
121,1128
845,247
1056,46163
948,35441
747,4074
14,35568
1904,32736
1772,7123
570,4764
1140,1979
92,8720
1497,6533
722,27430
1226,23515
1303,15546
2,14928
945,406
50,46355
1218,36156
1938,39578
693,26055
1405,36847
1537,28260
343,11973
1040,38090
1600,26218
1832,49333
1426,35648
245,38836
1202,37855
4,18204
829,14770
405,3632
822,28275
140,36234
147,32440
927,2464
1180,25867
272,47794
504,49434
1542,31892
1958,30861
393,33432
1775,2089
228,21296
1563,17540
1327,29092
1424,37910
664,45885
1818,14644
1626,24172
1543,1801
674,16219
662,29272
1106,41370
1356,40396
648,34210
954,36345
922,20362
166,4593
1893,1802
1737,10510
534,22893
49,46374
996,44878
953,42046
641,37390
916,49368
1933,40089
1685,5769
848,11771
641,38074
724,9843
808,36914
376,39756
1181,29042
963,19302
1387,2672
1348,38965
893,39824
1730,19546
1094,23370
900,36282
1982,31121
281,23429
846,39737
100,31913
597,43990
536,23344
260,22222
767,16689
1156,33892
1456,7107
533,13115
656,13226
1766,3596
1781,43776
90,47539
779,19211
600,33173
323,9021
1425,36965
684,1943
804,6151
1510,28951
619,28755
981,19557
622,39672
13,3253
800,31436
740,24077
1729,40670
1879,19996
711,35282
139,23870
1951,17380
1322,22962
839,6710
32,1481
969,19508
768,38091
1729,32452
505,3249
1379,13891
11,38858
1055,28477
1338,32383
1726,46442
953,44139
1,36991
1425,18933
1061,9446
663,49009
1146,39140
682,16871
1764,8175
1095,13297
1208,9721
88,28148
1906,20968
846,33675
843,49499
756,18902
1883,17791
395,22156
150,1089
168,4862
427,16400
203,40992
274,38209
801,6475
1429,37395
994,12049
813,28128
325,15720
1384,40843
1966,12824
448,48307
978,24267
433,16140
1338,16438
270,31944
1568,6973
997,44281
1791,22157
44,37425
1998,26738
1065,35461
974,13793
1229,44843
1634,10858
30,37307
739,42800
1067,45786
1826,30420
771,39976
1561,11738
1112,47849
799,44888
997,43176
189,19541
478,40536
1715,21715
1379,43615
1729,39042
1778,6203
1580,38878
456,38392
1917,25227
738,11863
1101,29728
242,13444
1527,23968
1808,45961
930,5856
557,7450
708,600
1708,37268
281,4219
377,5975
600,45674
1989,41494
1067,48116
51,29979
1646,19550
1525,14350
1155,32265
1029,2752
1638,94
1036,8594
1421,36748
915,7409
1944,32869
649,47532
340,2975
333,38279
892,47050
1380,3349
402,17523
1680,20793
813,38301
1390,34160
488,3592
634,21382
467,4088
1593,49321
938,43844
1,8349
442,25337
355,44571
1955,43034
817,37071
143,49045
334,24823
1519,39184
596,1114
1068,14721
253,2238
1350,36789
55,46980
1654,42951
668,15358
424,21930
1117,36823
1663,13051
772,44437
1446,30484
1684,15538
1108,11474
637,46087
1254,32188
280,9921
112,5678
706,1577
194,46259
1004,48157
33,3148
10,12228
588,8359
304,21911
100,17524
1740,48712
1530,3595
408,30342
1476,48393
1938,24185
358,38737
1669,44299
1188,47396
1850,5381
599,12089
1480,7862
440,3438
71,31977
1765,47713
527,14546
1800,8517
1485,3132
789,44770
1633,45756
1037,42881
835,2590
173,4562
39,9359
891,40357
514,30982
722,3556
1036,36927
1591,21126
1969,46009
193,38061
1513,30591
1229,33329
320,27509
1187,1114
1321,31829
175,25361
1496,47460
1099,27549
985,30195
447,15699
606,30260
1475,6573
1384,4431
701,25255
1048,44854
1411,48797
599,16020
237,21054
523,19083
267,42705
941,18998
1040,3173
279,26689
602,46284
1809,14339
512,79
1271,10727
38,8202
1929,3683
322,30135
1952,9139
1442,38526
1521,21450
1950,8683
1828,13259
949,23697
893,4466
311,16032
1257,8681
145,41413
1762,3986
933,7184
1367,30029
815,3074
5,35945
130,43726
1889,11153
548,13012
843,49614
1276,9731
240,6004
1247,39415
52,49826
514,49157
1529,35707
101,19381
1884,18923
1688,27490
1837,14417
1355,7467
864,32236
10,33550
1115,10053
1135,24536
861,12207
1866,21368
1695,6626
749,5051
1992,22845
470,48251
795,23430
13,36622
1651,41623
724,44432
758,22374
1177,35385
783,16728
1089,24389
1279,49231
632,26077
974,7536
73,41484
1487,14205
935,31080
77,15148
91,2914
57,45741
934,34145
862,10723
84,49619
194,18628
1175,24953
127,18134
1920,13500
889,29949
1911,41215
1132,31941
1751,7148
1317,6986
1666,32966
1462,770
926,16527
1642,26003
1086,34116
1320,31274
1702,39856
867,11800
491,21816
110,40364
598,49362
1834,36828
374,15303
796,25737
1774,7824
211,2334
1491,29896
625,24511
1633,10017
1190,38478
802,22474
1346,31293
526,10761
424,8101
929,14580
398,20422
635,7476
1632,34335
925,320
1402,3067
733,10897
1192,3795
1555,41314
128,14742
1507,41492
1543,8524
821,16945
710,9397
972,18925
1729,37764
554,43605
805,15033
1803,37839
1996,4885
1687,30946
876,19951
1161,26100
1637,49452
1406,32929
1661,25202
1003,22225
160,7174
1908,20355
1601,5318
479,2214
812,36801
1332,45519
1753,20104
24,943
107,36440
999,30596
69,14974
797,11244
440,32092
1864,4868
1201,34937
1251,31529
734,33615
942,38857
103,39646
671,17291
317,44794
1046,22403
1258,41059
859,43955
678,47447
591,45128
899,18276
662,16306
735,35133
188,1714
114,48123
880,28380
1623,24595
1252,12828
1946,50063
280,43382
1473,37722
1164,11753
1542,34569
522,20787
976,38591
1266,7086
610,19387
259,40558
525,32110
870,23721
1966,9586
1180,32152
1014,17383
1335,48180
88,29877
872,25890
349,49554
1535,30576
472,49406
1410,44201
1193,26872
649,24312
1191,42408
29,2371
841,12338
1698,16102
947,25722
1373,10512
65,3042
441,36560
1482,26565
185,33386
889,36240
845,14712
426,32601
1740,49338
1190,12357
1187,1734
98,17850
72,3258
37,39755
315,20456
1808,1346
1516,28688
1179,5172
349,2814
1234,861
74,26356
1590,23644
496,50038
1888,46162
671,3841
1188,44274
228,7681
1441,43553
1421,45435
239,22034
667,8319
1658,47009
526,44856
216,11481
290,30322
1102,20088
809,40705
1030,12385
1407,37904
1813,48018
1712,43721
1258,23437
603,41877
1248,2896
1030,38066
327,48486
1423,19572
311,26614
24,21868
1093,49655
1890,15091
509,4392
1072,8059
1957,5970
222,29878
1323,39881
647,39344
300,8656
1934,16716
1909,14420
1364,39453
1860,289
1894,33990
1107,8964
1397,6801
1067,24564
1223,38169
963,19870
282,1843
1899,7997
1455,17803
1926,43760
986,23936
1385,13233
315,43509
734,3386
982,48865
428,29515
224,26943
1099,39955
873,43342
89,9852
171,28683
1473,1707
1995,3967
1036,38169
451,20809
23,41290
271,34522
931,1332
593,860
1348,28961
1226,42316
341,37758
1563,42782
441,37845
516,39756
1378,25541
1812,49571
903,14723
783,21280
164,13830
1684,5513
594,15198
1353,6980
612,5318
681,33148
1309,11688
1343,11789
930,39076
1625,45283
652,8100
918,18613
1395,40056
5,25611
1036,16800
572,20043
1369,29969
1163,17363
825,46303
32,27569
1581,13088
1865,17466
1271,27101
975,1942
638,26931
101,34047
1074,23594
890,9938
387,19633
934,41428
651,22340
1374,2902
71,11085
591,38140
1342,4537
1768,43196
795,10218
576,30439
1828,22831
998,39470
716,41730
1641,17641
1057,35517
294,39019
1412,15953
1397,28537
1648,2410
635,27321
1335,543
565,44212
441,8170
174,26600
1074,16153
1050,17174
827,201
1198,6089
600,15062
211,39181
386,41652
956,34344
1085,46310
1424,21174
1731,25960
1065,15828
344,6710
941,22836
817,961
1413,17023
301,12268
1657,40318
1401,14059
1470,24592
1986,7984
133,29293
426,47003
505,16486
437,44853
1026,50043
89,40134
270,5301
124,49654
1794,17394
760,32949
1249,5693
1183,19918
822,20625
899,44004
1313,2621
658,19364
872,47165
1936,30383
1983,6989
247,44753
1820,38307
1775,38581
398,24190
1259,6151
1377,38730
1351,12074
1273,28827
1337,40847
306,9098
141,37691
1636,35356
905,22676
751,19555
1642,244
1706,24908
1884,19647
1488,49834
69,11764
406,40695
486,25552
1813,25140
194,49797
1137,44004
1619,23893
70,21224
130,8510
1547,24304
561,47838
793,30542
1692,18393
694,45848
844,23664
705,16345
1261,18138
1679,36012
1505,10617
318,22577
1408,37640
1674,27800
487,28100
1893,2585
834,19475
325,35412
104,24000
760,20440
402,38172
882,36822
1204,11941
828,18515
1915,45163
1060,22355
1067,10302
1347,30451
142,35934
1249,40481
872,22632
544,37973
1712,10656
62,45811
807,12719
591,694
1986,8362
975,19930
1214,43108
126,10139
1735,36162
522,14657
990,701
1321,2473
1182,40673
1921,12142
216,14078
1710,17846
1036,47560
234,2553
1092,25542
1348,16066
956,43175
204,30840
836,17784
605,46900
590,24940
1923,48668
1659,1061
414,36420
1655,30048
187,4952
561,25863
334,28638
1066,11178
1322,43746
1626,30493
156,2942
656,14889
584,39923
436,49373
1910,7048
760,31382
487,49725
1831,23565
40,21858
1164,2769
1705,45818
1976,1018
28,19541
601,23392
1856,23836
1428,49303
930,23163
1249,20283
923,28447
719,48975
61,31978
1943,13104
1009,6422
1826,28263
683,41675
1252,10100
1896,37032
68,22933
542,46616
274,46690
1089,30614
21,13087
1059,27863
964,44557
800,18991
1364,49684
259,38073
1451,48746
908,37175
403,26477
529,36308
814,48762
397,3774
463,48272
1155,16284
1277,1795
1196,10972
1443,44979
939,21896
1501,33742
1209,43097
987,27719
279,47252
1289,41375
587,5199
1682,3931
1714,5812
1721,35747
1280,20725
225,8732
991,41671
1428,30139
462,4220
885,24582
1730,30744
906,28336
1875,27998
277,24929
158,36591
407,1536
1864,36049
1098,30422
593,10134
44,10917
190,11715
948,22542
1696,66
725,26232
1918,15586
1896,11346
494,27489
918,30541
899,49611
875,32949
1081,40204
552,49073
1093,24179
651,11723
637,25600
514,17888
411,33606
1000,34655
208,9978
1770,48167
1569,30346
1107,16753
440,5588
1647,27201
1955,25313
1694,42344
1494,22658
640,26289
807,22364
1695,13439
1507,15350
1287,26318
1991,17966
458,13568
1116,8895
176,16601
637,29511
508,16276
492,786
959,48738
1533,36918
362,24589
69,8055
356,4868
891,28022
1851,33298
1197,24018
537,34506
985,36960
1101,14804
840,38451
1334,30751
1165,3463
1992,22421
1835,33327
1344,30311
433,36701
649,43060
1003,37231
979,6103
1722,43969
1305,9544
857,12669
1309,14146
1861,33041
965,21343
1958,6970
1568,42276
789,15521
1276,1314
1001,30265
1098,38126
1211,13556
1353,45416
972,34395
1479,45228
1219,17689
1820,49753
1026,4427
1080,46560
796,14226
49,5983
1740,34659
283,30200
918,28131
366,30856
921,29787
1922,48002
742,26107
1789,42337
276,38862
185,30917
341,16736
833,48676
927,8491
527,43540
773,24142
868,4095
475,2553
810,26513
1715,16533
384,271
1486,16651
1368,35771
777,42730
79,16747
1088,8558
96,3104
1965,41291
1371,31501
1766,10722
582,49608
154,18205
1288,4022
1265,11546
168,10403
286,45791
390,11841
830,4034
352,16218
1868,42358
1856,46223
429,41037
90,22900
1468,31529
653,35724
509,14998
1746,20063
1504,6218
509,41200
1227,30106
496,25125
1652,19639
651,2175
1452,11907
1318,24005
25,18233
1874,15725
1122,19890
853,13712
1414,32659
1539,17305
937,11650
1013,43415
1788,10864
834,4784
1212,2952
1766,17458
1401,7826
1620,20674
968,1112
1658,28381
706,43143
1137,15015
1143,24531
1630,48558
1632,35693
179,33662
1978,5306
1568,41427
1958,32782
946,34242
858,24035
1064,27607
581,37853
258,25528
1301,639
83,3226
749,6386
1042,21278
827,33823
1392,27825
186,16788
1643,16725
1908,17329
94,33459
1207,22799
286,31004
1183,21267
513,29734
529,36404
892,5783
1533,38641
91,4279
1520,22655
1464,41482
693,45227
1934,13532
1005,31218
824,36614
1862,33216
616,40862
1996,35810
88,19143
1076,4208
1119,5660
587,38162
79,5600
270,4575
294,14781
1558,8853
812,5729
1503,13608
841,44645
514,34538
1254,48323
861,26169
265,34363
1524,34867
207,20923
423,43691
1538,22627
829,43972
1973,49929
931,4038
1893,14917
1769,27343
539,27834
915,1423
269,42457
860,11921
638,48201
235,7978
654,31750
234,32311
337,39995
613,5236
891,36191
1938,15463
540,12945
1225,20405
548,7170
1469,35392
221,6137
1580,38765
595,20447
1707,48259
251,35497
1237,9836
260,14906
222,1331
933,9540
191,29523
639,19693
1025,25699
418,34680
1236,27500
1167,19818
66,33092
1539,45982
786,5370
1018,27849
1336,23993
741,5412
286,10461
519,5090
740,38971
1892,4060
541,47989
447,47580
711,19389
1826,1042
1771,23872
636,16234
1921,20884
1022,7593
1687,27266
1499,36713
1974,7955
1102,740
1786,8159
1711,42198
1734,18100
1334,28209
1357,15550
251,6805
200,48176
1436,48053
1075,44282
931,28076
1134,31256
1511,36625
1094,38635
461,28554
196,38084
975,32087
74,40709
365,33725
1466,42416
1021,18206
683,1735
1541,3849
1719,3142
101,28029
1749,35134
1061,6756
1455,8073
592,31851
1575,37613
466,30645
925,45497
1425,14835
1770,15759
1742,47162
458,40855
1685,20209
555,27607
1762,16451
451,36501
1667,37116
588,7480
520,4513
259,28308
57,45410
1776,26896
1272,9072
730,45614
951,9974
1816,19277
1942,35483
68,1327
685,30858
1591,47269
942,32174
101,19312
701,48820
852,1004
1768,48251
1368,29887
677,38614
202,9229
74,44886
984,7024
629,42877
1855,13670
1834,17159
1229,31358
117,8085
1005,48720
782,19972
32,24506
1164,21181
1935,30756
1852,7177
1520,48483
1616,28825
664,26526
853,32951
403,46261
1321,40167
570,29541
1089,49584
1422,28913
56,44459
1759,32375
388,46263
1408,23157
551,19339
1154,29642
343,38158
984,3355
1450,34392
491,46125
953,17781
1191,13431
1826,320
1228,21413
683,33623
1256,12575
736,40061
1760,14489
1050,31629
492,11719
1148,5504
971,22631
180,12040
1617,33343
274,3170
799,4270
266,24373
1469,32911
1257,45188
484,15877
1947,35375
1686,1246
1957,4978
35,47229
877,9265
525,7247
1507,938
1747,6894
610,43354
1387,19268
738,7745
1684,33214
521,5537
1825,15219
1930,31210
1927,2288
978,48800
1679,27232
146,20576
333,603
23,25223
587,34379
443,37161
281,31558
60,22390
266,44655
1775,44508
687,30319
1417,38089
1128,43419
281,38987
1556,20123
995,8515
675,47080
655,40300
856,15894
858,34581
690,38871
1439,11842
1567,13759
261,14213
866,27320
146,7954
1073,40417
1679,33074
435,46906
1391,24098
120,46996
665,23726
1759,44583
135,18326
1424,7172
1988,37201
942,16999
1577,34327
1412,12300
2000,28665
572,15416
439,33911
800,32385
612,27852
348,20183
373,10849
848,15604
803,43467
1072,649
1073,9091
253,18040
1396,937
669,23397
745,29120
1233,25395
1621,26893
278,22146
854,10640
997,20410
1653,24939
1602,24206
160,46938
1200,25073
1063,41149
345,460
285,19878
975,28754
1304,4625
1381,11543
1583,28027
271,45132
639,32428
291,21727
1451,13241
987,15612
1662,42368
634,5975
1793,47260
541,2119
145,6575
829,1806
878,10316
50,33647
263,35595
435,4596
449,18172
1243,15678
811,47006
229,19357
1069,34825
567,10642
331,2312
1362,46490
567,18882
174,31209
585,42811
764,14802
650,12186
1717,15310
163,23076
749,20070
146,10053
1412,33814
1580,48069
1822,2346
44,11242
1291,9903
1402,37532
4,29093
453,35560
666,38288
1472,19515
1619,18217
118,2182
1927,46422
841,31634
1177,15790
1277,44464
1535,6069
1161,48739
1099,42168
326,4749
1933,39140
1051,29662
785,39903
1117,9078
688,5716
1311,17544
1331,23990
114,48705
135,27735
459,11337
1727,40394
1662,22107
908,5536
284,33070
104,36861
601,39485
616,21349
747,23831
332,22969
1490,17785
48,49897
903,29878
12,2805
63,22644
1860,32253
1068,17446
3,18054
812,29280
1275,7083
954,42217
1166,50065
1237,35180
1260,7666
1885,49860
1474,26186
1211,35449
1449,26930
1607,10146
1542,7130
1609,42925
1188,7746
1943,20980
816,4772
1510,1734
410,23664
859,30775
921,43431
1313,16921
976,8775
5,25510
331,33296
1877,2927
1294,16181
850,34238
1745,5380
219,8543
323,26627
106,48363
1511,14400
842,6504
1569,21283
1308,45242
1233,24779
1069,4542
1965,23823
302,43951
1243,26861
1091,27794
514,3877
348,38206
95,814
245,14819
1690,9469
399,23029
1448,431
640,15041
1233,46428
1788,49606
1377,18814
110,13112
107,44415
940,42225
473,4861
1505,49824
814,31111
176,46959
173,11222
106,24958
259,45186
253,9018
1103,37426
357,6664
1159,27674
1350,43403
45,11574
1596,12978
433,526
1573,48827
600,28188
979,21750
1921,9560
1599,18457
1115,27649
1679,36303
1861,8302
1675,30354
1213,10883
333,40239
1386,42269
1392,29380
415,19131
783,39032
1438,26989
1710,8127
41,30598
219,41426
431,13882
1397,14954
1697,30468
195,43153
1121,24658
325,35602
1004,38557
1907,38331
499,28971
1049,9515
729,39171
1676,11042
1847,49050
337,48744
80,5511
247,22457
418,5358
1050,7254
1011,47194
1022,6145
455,38391
1924,17927
1756,18077
1066,13465
663,25327
1867,31533
798,16817
72,33312
1806,28660
1179,25808
1742,9273
165,42285
587,227
1548,2758
1986,32772
1242,7728
505,31677
429,36388
1225,48205
403,13408
1232,33582
360,12352
209,34677
107,14423
1789,20878
1342,7409
1077,42130
1443,48012
434,25934
1449,30918
1661,19312
1632,19723
685,2262
1671,36925
401,19605
1454,34313
5,47418
813,37087
532,27826
27,26574
1246,34281
714,44096
485,45812
291,25277
54,49761
755,47062
1449,25238
1576,50048
668,13517
405,6165
1934,25364
18,32391
894,31854
1207,19510
1187,35608
69,21202
694,36547
1186,9576
888,42411
732,45978
1793,29686
738,48946
792,9291
892,5316
1968,8071
1474,45201
1073,18245
37,15127
1546,36794
1563,23701
1754,45142
1434,4474
1906,11436
1379,47833
274,34212
1394,23834
1738,38404
1281,11915
1809,4499
309,39767
548,34752
1005,21359
1264,55
1206,17036
1519,25688
301,22188
593,31356
349,44862
628,45246
812,37955
688,19405
805,9731
1482,14973
864,15689
1129,10677
1072,34894
1935,11357
1851,48897
1029,30760
699,32077
1367,4615
691,29858
673,12208
300,27654
1890,25339
1237,4673
922,7087
933,44541
1651,7371
982,20805
103,16776
381,46610
1193,10274
255,24664
1119,25617
1731,48155
1317,35306
82,12664
17,40566
714,37019
1170,7929
1375,41557
25,8762
1804,28673
601,40607
1082,6313
1120,16962
653,49905
1153,14281
1145,46111
1552,46057
1232,21694
735,28061
1371,3619
1819,3533
497,26831
751,21905
225,17595
1864,16132
146,3736
1409,48397
474,30902
268,20873
922,14403
1654,7002
1753,7774
1157,22607
63,16441
1013,21358
245,46404
975,29166
1571,27353
457,18775
1793,34781
913,23199
1407,27967
672,35162
19,29819
1242,26776
138,49957
868,39894
1331,17723
391,12490
1415,37530
1333,29235
912,33221
1760,15144
367,46457
252,17696
211,12720
1583,13877
367,47250
1237,48945
1025,1931
1250,49182
1165,5277
1578,963
36,29318
335,26673
1725,72
1903,49987
1193,5142
681,15317
400,8222
1327,13879
1085,7688
60,44871
511,43080
521,17381
269,26069
1990,34870
1329,35081
1353,5490
1911,4326
1771,6238
1529,39780
1842,26395
1625,702
1116,14954
1230,709
694,46078
360,33261
199,12425
251,12224
720,47458
369,1565
708,50005
1870,8175
745,31838
1328,42407
1253,23589
945,44401
1344,24294
309,22963
959,6066
1875,33677
1649,1290
481,35981
1805,24118
54,20414
620,9922
963,11532
260,39229
410,41639
437,33296
1212,44727
334,46633
380,46450
1179,34280
1352,8012
1327,40728
1854,30590
1909,13359
1531,21521
1132,1414
434,43161
690,25499
1698,4702
1181,11161
882,10200
116,24484
1472,32088
1647,27785
794,41773
1438,19213
1022,41228
1251,4281
232,14048
1882,16963
1219,25654
959,17649
1422,2379
951,4368
346,41262
409,46716
1278,24668
1546,871
315,30157
1903,22646
1467,37272
1233,5618
461,9747
979,11952
281,36334
106,23302
318,35734
1061,16109
1919,9655
1234,1733
465,15546
1558,34950
1953,12028
1452,2656
985,20214
1809,20336
846,14539
1176,34701
1110,2619
892,4232
975,44062
1868,25268
1018,20621
1269,43546
1442,8392
804,46970
882,13173
1769,29577
378,20940
904,40059
1519,3331
692,7488
1653,49804
1090,6573
1103,45200
1234,29312
1664,34229
886,42129
1229,20322
828,1534
1189,23211
408,3422
1008,48743
82,324
474,8025
177,33597
1471,40569
258,30124
425,888
905,7600
1618,8498
1336,32286
201,19097
73,15326
649,35786
131,34436
1607,38287
1710,26158
695,121
1068,19805
1726,15840
1301,2830
1790,41072
406,11151
545,909
1853,29532
591,32647
1402,35318
1835,19210
991,28775
896,3461
1512,6959
315,44926
919,10576
767,47791
1726,15005
1642,6890
581,27453
1596,35182
49,13593
1253,1768
853,31705
1506,33705
869,23278
1768,5812
642,3670
93,22702
1426,29876
341,19015
1306,8736
555,24391
262,17856
328,31080
322,34876
291,27551
1845,35328
865,19373
1022,38743
468,21637
452,14762
1789,36329
813,5931
809,2627
738,19515
874,15430
1744,5627
751,37685
1119,28768
1554,3008
1205,31951
798,42739
1582,13486
1452,28895
625,4530
977,30985
29,45738
1733,40041
84,24240
1737,27120
736,42551
984,43157
1816,28617
1272,31588
266,7581
644,470
857,27580
1853,38815
870,47764
877,27354
86,14329
1242,19477
1450,38896
513,44498
1118,2742
461,23820
912,25821
959,877
213,26749
1710,36344
138,37790
1435,7185
1496,20647
769,24184
394,27462
1612,42154
1534,48214
1490,7213
272,21561
458,9640
1440,23320
1406,7383
1238,12966
901,23388
266,3174
995,25076
1478,46514
1668,23595
1770,7272
1148,24866
1845,16708
153,7879
1797,32701
737,7859
629,24174
1394,44058
1297,46840
143,29495
1982,23551
856,49417
1874,38217
1563,26726
559,6168
273,36416
922,39151
1166,8786
876,23595
1926,48807
225,17261
1721,1738
1321,18202
1942,10356
947,43042
968,6037
1465,37334
287,14319
956,27813
219,29712
739,38855
700,43720
164,25998
1156,43847
900,7079
1702,25324
935,15278
1540,2845
1935,34922
1000,39083
1711,34863
12,10660
1412,31706
1108,36156
587,13549
1117,22916
909,6690
1929,13839
227,11114
1248,1021
848,40697
1199,46513
1594,26384
1643,614
1792,29219
1402,15699
909,25928
591,4609
848,25305
651,688
831,33384
1860,26975
602,3453
1018,15996
1842,11358
464,31368
430,35571
1512,2602
1569,13950
461,2860
1502,21498
1749,41821
1220,27935
1499,2285
786,41445
987,45815
1544,5528
1952,44247
1164,14437
1492,7745
418,41841
1588,5556
1714,6818
319,48529
1975,3590
1444,20776
591,30177
391,7783
488,25516
207,25372
1927,13385
917,46926
364,21929
32,24416
721,29912
1452,19145
20,49571
17,28504
16,37135
949,46209
817,43027
1050,30731
1573,6751
507,14771
898,5605
294,2596
810,49612
835,9883
1190,41239
1391,4031
700,17362
395,9738
1947,43640
1520,18429
1653,15890
1027,25633
256,30083
1345,13231
1145,14352
1950,10455
140,23474
1402,33237
1695,21816
697,39665
788,2139
1439,35022
1740,29431
1289,5760
251,49164
1120,26922
510,48238
467,8711
78,47917
1268,7851
1006,11806
113,12880
73,11374
990,23416
199,19366
889,2185
1711,35509
651,20381
930,9852
1653,23746
1104,1213
1159,10954
811,49452
978,18065
1481,37145
1368,15701
303,27422
56,31154
675,41263
485,22336
1328,48267
581,20692
1602,16510
889,33181
1939,37877
464,42022
1673,33275
1440,18833
1685,4286
1568,42967
1713,44913
1174,17921
1982,20262
1430,17320
1924,28506
732,17975
504,44402
206,34801
1275,23800
1099,47633
1551,47762
1420,42144
228,20428
1217,24751
782,28669
666,27363
1562,3644
912,41390
469,38599
1769,47628
219,24416
275,41550
1856,3923
994,6966
894,16959
1518,9889
1425,13667
576,8719
1013,17420
1666,44711
1692,11743
1227,29336
1570,14988
1996,32425
1936,11981
716,12640
717,8634
1238,38853
519,303
1387,26042
1482,46422
1189,6366
1997,46131
579,10029
122,9973
1657,32800
639,30691
169,43768
680,26490
836,16119
1710,6043
528,47770
299,30208
102,47227
1313,45877
1338,990
1728,48392
740,13628
1958,6047
1586,40278
897,27074
1931,6904
1163,39197
1916,11407
1582,48622
1094,7044
1775,40622
852,49279
749,13775
1199,45626
688,42123
1861,14764
38,22527
1511,35263
184,24476
1613,42351
616,12193
809,43225
452,48931
1049,35303
804,34266
1063,27402
52,23388
1518,36668
234,23510
904,2338
952,23090
1219,49761
400,43542
421,4797
595,48323
1432,26565
408,45432
1496,27603
178,24335
1419,10182
947,22323
784,7622
243,19042
758,37562
357,3265
961,22947
1412,7621
1868,39452
350,24486
304,26279
489,18992
991,40718
1983,11402
255,46388
590,26236
1766,42112
1246,4824
890,1341
1534,36831
873,37115
1407,23917
1795,8650
654,26804
625,28943
88,27863
1170,36081
1635,40894
556,5457
1356,48198
1009,14701
1538,46296
537,13761
7,31718
1219,2898
1399,6138
1121,8394
1039,31717
63,5905
1302,24102
1405,11765
1963,3371
1544,21040
386,18388
526,20636
624,2532
384,748
155,46222
900,6969
1015,29726
5,21433
761,12114
1267,10795
907,24600
354,30752
1144,7828
434,5075
673,44423
341,44905
1629,21750
1329,19299
438,37132
500,30609
576,2177
433,1611
858,44463
1950,32627
1256,11974
541,9558
153,25873
1533,30000
165,47271
704,31610
1388,8723
1375,16
121,49994
224,48068
625,9300
14,12363
1221,34799
1197,29195
1303,32520
1447,27917
432,29020
1530,48400
1154,20191
696,38266
1707,8293
1836,49042
832,22767
241,48758
1475,30633
1531,24341
1354,39286
228,22358
383,16045
1396,6675
1015,43008
1040,462
1009,41558
1945,49675
1,32194
679,14632
992,21222
1912,33296
1135,40868
644,32579
1857,29401
156,13318
38,7590
335,36512
831,3243
1981,21310
1434,2276
750,6199
1574,12745
1020,47250
1280,22500
914,7852
138,32335
763,2177
242,17819
1736,7235
1129,26652
567,49971
1080,27044
1526,10535
864,5690
316,3370
1085,1748
490,27506
266,19167
1815,9411
1231,19187
1432,15455
1084,23939
1097,41024
289,2733
1308,9646
846,12209
340,29689
46,44995
1019,18693
1112,10644
92,27501
312,48366
1342,40159
390,22301
554,42493
1192,20995
1578,23379
210,36779
477,28849
903,49153
991,22735
1183,21400
1584,7608
706,15573
406,22308
143,3220
1646,48174
1192,33447
1392,22769
589,42788
826,3621
496,25046
291,12754
602,14285
1400,21997
703,26079
1063,32315
1472,24556
1359,21018
260,34605
564,13666
590,47490
1227,20778
245,6428
222,22351
1085,37092
1870,22742
1513,28156
62,25546
1151,24330
1407,26247
1123,1531
133,2958
1479,43340
1178,49585
481,28024
1050,22525
1295,9053
498,10848
488,36348
430,26118
1238,16435
1321,7336
525,31992
1040,41396
837,6180
865,49304
1862,42541
241,26760
1518,34340
995,26477
1944,12627
687,26935
1616,22766
490,34497
1687,20829
704,49924
1765,13809
1572,28656
1915,38889
1199,23719
1018,40982
1991,13499
560,19145
1685,34023
799,3722
462,30639
871,18815
1932,35690
1087,18338
1127,33190
901,4057
1205,17347
432,42379
738,39991
152,16893
99,17791
1399,49570
94,29618
1266,26664
745,20581
762,47903
255,17176
88,46238
1385,17252
1652,22741
1161,1908
777,36074
1542,43747
1415,14707
879,25375
1555,43932
692,43249
1347,21106
347,25964
1338,47590
1080,20628
19,47746
204,13003
206,21987
1921,9017
102,37113
488,29302
337,4280
773,31681
1175,647
1151,40050
1115,31225
425,36544
347,26236
1702,48744
579,5725
410,35757
687,40583
525,4277
1898,29165
1512,6814
1048,12495
1452,20728
1110,5479
1486,16465
495,44126
1674,37238
186,24432
985,34881
1286,46391
1405,6798
1044,48418
1328,49053
930,33399
1661,45092
1246,11913
1571,31240
764,26879
1576,196
1143,1636
1582,31222
1320,11140
1348,9708
1904,14443
1413,13264
867,41741
402,35878
1951,24802
1922,24399
1904,12954
504,6248
294,33615
1405,1237
1354,47455
1555,11516
1347,46353
669,31572
1625,9315
1787,2606
1153,34867
893,19705
1032,26121
70,36705
353,11488
159,29491
457,37441
237,22303
54,21858
1714,15289
868,10282
1297,38028
1563,10182
1450,7137
206,36658
622,32110
888,34083
1117,8712
1216,20902
473,28445
275,3471
14,26442
34,15944
922,3825
1917,14763
50,35279
337,42603
980,15212
599,3886
535,45661
809,17591
1161,34002
890,45835
1066,47995
1777,28581
1005,9090
417,30424
1666,48301
1932,12555
1359,6817
507,36059
1144,16012
86,6290
1314,37854
404,45859
1753,7402
642,28309
34,5627
1563,19819
952,10780
1871,20316
1397,32797
985,22365
1972,25121
785,18235
1999,42865
1407,10151
1677,2473
85,22630
758,46156
1310,24211
911,19800
1288,42177
407,15340
1774,30406
176,2363
1907,36634
756,8204
962,9211
1279,18151
246,32404
1475,9417
1482,43045
1660,36467
1310,27718
1207,23402
621,3321
1556,39104
1505,47961
1619,16233
958,4179
111,21153
1497,40396
1520,12185
1601,15892
1586,48147
741,22716
1227,24565
1888,41462
81,15829
1027,48911
401,29528
1085,34534
368,25913
865,9942
791,45905
50,4016
1957,37710
253,38828
750,26160
7,28754
933,29954
1538,35115
1636,4241
1745,26860
1215,28077
439,43792
967,36776
576,27830
524,15423
1913,46547
1231,37557
1848,45828
996,5437
1034,30950
563,24907
1258,14788
1913,40155
159,25622
539,29787
295,39583
131,28439
1020,628
248,19481
460,30771
324,18162
254,29158
1440,26933
826,5417
1077,19776
1644,40625
1915,48192
561,6081
1813,33524
1699,33327
1364,5688
838,35928
425,45887
1665,32266
441,5804
522,8879
236,39079
627,3103
1480,7902
7,7780
1599,20175
1513,39245
109,48674
598,40711
626,10653
45,6645
617,26569
674,9383
1595,11784
1309,28664
1579,18898
947,19484
349,9219
665,17301
1863,26116
1461,38659
1108,11155
1717,46761
610,19279
1826,36382
1552,975
800,23358
1829,14182
1377,47111
1430,29583
1333,11580
942,15836
1746,31015
1356,3814
934,29
1996,27740
987,16788
1429,1933
409,2273
1548,43750
1479,44701
1971,9305
515,7959
1699,12859
1179,47931
188,3791
612,45304
744,8149
1517,2086
1054,24590
1996,46050
496,36573
1290,42457
1610,15374
854,25674
1100,26654
520,40204
1988,269
1868,38191
1544,41268
1472,22594
1694,4968
1871,1143
773,10476
661,15170
223,49637
1319,23823
466,30868
274,30213
1506,27943
1059,45039
263,7202
755,19913
466,46858
1352,17517
1544,26854
224,46880
1933,17024
1058,26392
73,33601
497,19212
1739,46200
1964,36052
1598,37799
1460,7127
1426,35325
1778,15113
844,5494
1936,35467
1767,47278
1686,32984
510,45613
1426,14733
1828,15660
1891,42663
1899,46069
216,36106
78,20878
647,21089
29,26571
55,12734
1406,16740
103,14980
462,42913
435,1230
1706,31632
1995,15435
1771,47698
396,42422
171,33885
303,16501
1303,48413
647,16802
257,43835
1531,23629
1312,17355
1248,12868
57,25523
1003,26910
392,34339
487,23957
1584,14864
750,9317
1411,20249
138,34203
1008,48756
1221,44172
417,19444
691,42824
921,19925
771,1951
494,40684
228,17779
1150,41491
1704,49186
512,15235
1108,23889
1252,6852
1446,34887
948,47539
177,10608
1520,13185
1910,17875
408,19629
1300,10850
1250,36427
98,4219
208,27857
588,22073
1199,25187
1636,21379
703,15918
1032,16436
235,18665
490,19222
507,5798
1195,19166
484,37648
41,25420
1990,22788
678,26970
737,5274
1676,48473
37,45908
912,2144
949,8989
1800,318
1614,32125
278,47489
1020,6506
36,4882
969,14584
20,10132
1867,43235
795,11430
1291,3135
1368,39758
1431,28707
642,29604
1849,6272
22,49186
297,16291
654,2450
1202,1277
1940,18991
1995,9882
128,34433
1899,27896
764,40596
329,26424
72,29804
223,11817
1882,42688
74,40607
843,17335
1330,48183
1514,27511
1162,267
1181,45898
1313,26959
231,18985
1162,26007
1372,17745
1201,11828
1805,17498
1891,14275
1739,46616
1854,28770
670,17000
840,28367
1638,13853
889,22214
532,41708
34,28896
1272,19297
1587,36763
859,11461
630,6148
1330,6168
1770,32212
663,24729
436,4532
1087,29379
145,18896
21,28741
950,20807
1277,28473
567,12753
487,2370
963,27832
1762,45452
1495,23159
815,39313
1742,43863
919,38591
2000,40961
186,37951
1783,29043
341,34306
585,4906
684,26327
1902,49059
1448,7000
869,19204
14,13730
549,32650
1260,9747
319,47688
1871,17174
1689,31113
1715,9681
1413,45916
1618,37838
1769,44722
1436,14284
392,9871
31,14020
1342,42099
1794,18984
914,42830
104,12259
1382,32792
336,15866
437,4840
1008,45249
1773,43751
268,20896
761,13351
1777,23447
1294,30611
1526,4945
1174,18372
1270,20807
1933,33212
1669,39354
1921,27383
815,32082
1314,16718
91,16511
1782,19203
145,4141
1911,28735
1079,17786
362,37608
544,9503
1764,29859
17,21402
980,3954
852,45732
1242,24165
1963,15874
1072,36662
229,7374
597,37896
1928,14755
1009,4449
366,2885
1174,11227
1884,36389
302,29706
1561,4713
614,28333
1110,46187
1897,42279
226,47440
1461,10747
704,4654
755,36503
1458,23020
1532,9110
975,38443
468,35130
740,1776
1911,36319
1537,37201
24,20449
818,1541
727,49992
1524,15992
1010,19412
1504,9484
799,34410
658,10269
917,39715
1345,31327
920,7208
71,13146
1122,19927
250,44124
359,44219
1839,16594
465,5003
1267,9753
1930,2621
383,24860
807,7173
1706,32206
729,40508
1900,41998
1800,45049
1764,6136
986,22141
545,15808
811,33725
392,26755
86,13883
1476,29371
478,7916
1710,6885
1243,32855
522,24011
595,729
1291,5534
566,32398
1143,1254
160,20387
1856,36898
1032,38645
972,11101
979,2209
1981,19229
1218,5247
575,32423
1095,18010
839,41604
459,15440
385,31612
1600,4726
756,37300
118,32237
1752,14834
796,31491
862,29875
367,24290
1974,49283
1934,34486
762,25720
305,21000
1699,49622
998,29783
895,43810
982,45904
107,2895
1395,42908
634,37324
674,30118
1828,10765
546,36766
207,35412
1804,38009
426,31964
1362,25906
380,36311
1578,24696
1801,496
682,38465
206,3364
327,8842
1886,5255
560,34585
162,46066
124,35037
752,6588
818,40629
1113,29835
1961,25207
1157,10697
875,36314
1049,18694
598,37981
850,10765
437,47784
709,30705
174,34202
1395,40103
1491,16230
127,44229
891,29481
1604,42713
31,15678
18,6676
127,13457
110,3698
875,12042
88,37919
511,34123
159,5558
87,14370
1160,22795
287,4263
1778,48511
1492,29871
1735,49354
1771,3486
1184,5438
461,19463
1630,40661
1148,34300
212,15854
1928,2767
1399,37297
1915,49155
786,45500
589,751
19,45823
49,47672
1172,36830
503,28430
1215,12523
1847,38365
470,117
1073,36414
694,8782
1464,29819
218,18902
1,40960
1781,29087
1530,47198
540,31379
1838,24009
1060,39986
789,19852
162,19389
1388,4799
1689,37678
1034,3631
646,36031
166,43983
339,44692
1657,6707
851,42238
138,2970
409,40434
914,43137
776,15627
654,32968
905,5707
438,7202
1914,30644
126,34906
1675,35999
1075,37363
1065,34024
895,12025
871,29589
1660,48927
627,37027
1604,37097
492,34590
920,3816
1659,41852
843,42924
1505,7684
525,4494
472,31539
1174,46752
1226,9905
131,43205
1889,34741
537,8203
1850,11611
1663,6217
1802,24171
1317,19185
82,16062
748,5921
898,15990
1740,15346
1905,29330
243,49425
1206,44471
1700,40344
700,1477
849,23250
1187,28742
1864,16065
1059,16179
1896,38538
667,33070
1215,31262
1073,42938
1849,44175
521,36475
240,47239
1879,38312
1761,45123
36,26470
307,43530
306,29129
355,22343
455,26942
1631,3973
1039,23619
439,18015
1596,8481
1659,15056
198,24790
1685,24713
1063,21139
229,46115
1789,13879
1590,2356
1300,15561
444,40662
1417,48743
1640,31133
1362,27882
568,9432
1520,4668
1095,49094
516,24017
1760,8566
469,38482
1085,6346
422,42144
158,5506
843,44774
1674,31048
541,26356
1835,41850
1767,21610
692,7601
65,22710
410,13138
1076,34095
1491,21862
1370,37870
1369,35537
520,4996
1496,39331
780,39762
1862,9344
1785,8072
158,2502
1507,11200
958,25528
519,38898
121,47832
109,36237
127,31711
1607,42103
1337,16729
1749,22817
937,34393
506,45831
1496,994
949,8158
505,40508
204,28207
1482,15671
19,4021
597,26161
1986,3262
1526,45436
792,29090
797,47514
616,41404
1289,32870
1058,49883
1384,38579
1789,45608
868,29633
859,20920
1338,46500
912,9671
1491,41683
1133,42731
284,37840
820,4866
1051,44549
57,33981
414,29442
1570,48799
236,47380
1806,47248
193,3569
474,25087
393,44742
888,7575
1789,16366
431,24653
1221,13935
1941,31341
1510,16267
1829,47097
134,13681
1786,3074
1155,22899
987,40034
783,29004
1883,35131
12,32115
1641,48292
326,10587
261,33961
1952,27853
1937,20872
398,31496
1293,10069
1021,1484
117,9220
176,22445
518,33757
1079,19771
1543,20504
360,14846
384,24490
515,28934
1889,49458
1450,11131
721,7876
421,34246
1717,19760
1010,22923
656,10884
1564,40295
589,33347
1695,23291
1626,11667
1198,31848
1099,38530
719,35195
391,33084
1714,679
469,40429
318,29541
876,41615
1008,12109
1099,4072
818,18052
1171,29065
253,29917
1185,38952
1348,31312
1767,14642
1997,9702
1976,12630
1970,30211
525,11278
1005,46294
619,29866
416,44307
915,17854
252,45494
1327,20148
248,8315
1226,44505
1606,4568
1093,44132
666,47160
1077,39609
7,21127
1406,38607
1272,14148
1110,30142
930,11430
524,47539
892,18925
254,34732
1216,12422
505,13996
684,36440
1436,46614
1309,19516
390,43010
1849,19322
539,859
600,38427
1219,10291
328,11373
133,29857
68,27752
1886,8997
258,13937
1398,475
1052,48539
21,44764
1003,42112
234,219
740,15480
1697,12409
1421,25914
889,6144
1729,35031
1196,46274
1962,24134
1909,12530
730,8004
678,27742
1051,40181
1385,3475
1186,6083
315,49613
1909,19437
1132,37381
820,14455
90,4871
1865,43368
370,7949
413,17976
473,31985
778,43131
1057,15278
203,14299
713,37378
371,26999
248,21840
1720,4992
1484,15548
1270,20599
692,27082
518,9505
1938,19587
69,1867
920,28036
1857,25904
1053,17194
822,13571
1620,38830
1996,5548
1563,49238
740,47040
33,41504
542,35482
1916,17992
1971,16761
1554,27516
789,22496
59,29058
1646,47886
789,40660
1094,36068
972,21405
1462,10129
140,1279
682,43162
1820,18151
212,1472
717,15512
872,3562
173,11493
1077,30820
362,27845
9,43226
988,43510
893,10898
967,12243
1960,41845
417,49360
747,4643
965,25664
520,47430
972,46942
179,36823
1062,141
1018,16405
524,40362
947,44403
60,10393
1872,40376
1247,16621
786,48211
1704,3545
1314,33092
1224,28573
450,22306
1241,33379
4,41251
55,11775
1940,34552
1898,26009
1451,45154
378,11216
1978,23145
357,26950
1166,24452
1157,16853
944,47620
1998,36170
321,42696
1166,35069
1162,23098
1051,34306
1864,37040
227,27394
540,34255
1006,24137
110,13113
45,9180
900,41257
310,15166
737,35917
1242,36933
1915,4288
801,12615
1305,43105
1863,26876
1345,9039
338,49246
224,46703
789,3162
694,34714
437,25686
265,42658
1982,32911
1643,6744
849,49080
1118,13307
776,25225
521,36511
1069,34883
469,43572
1218,10398
1887,22389
1629,21733
1371,5147
316,31510
651,12366
363,15956
1776,42512
669,34709
962,19504
1445,29045
1180,37531
1200,31241
1449,4445
826,31865
1200,8740
1237,40556
1188,30779
66,39629
90,45728
828,8750
739,44147
425,45634
972,41579
1003,9102
1514,29035
267,46900
429,19928
1971,48886
565,41640
90,34517
1575,2763
1297,43007
268,47397
1944,11465
236,25336
1484,34891
1327,10254
1202,10558
1054,38125
1547,48180
1784,26030
1846,16885
691,36966
1413,16189
647,42999
1147,43892
1217,32482
1278,15438
1733,41911
1741,24966
1363,7200
599,39993
1893,20042
1037,23680
565,49769
1016,46552
1425,13378
653,25018
801,17619
688,8980
365,25993
1373,7695
441,6187
1961,14218
89,46423
1704,33855
886,18860
635,31187
650,3720
305,6602
347,23875
112,49864
378,15416
387,29374
236,24171
738,3050
175,27848
526,15680
328,6858
193,29577
1486,36741
1861,36580
1244,49795
1885,2359
133,48149
1066,43278
1351,35586
1148,39436
1551,13390
830,23743
1208,11832
1709,45600
76,23547
1931,11652
1033,37606
1655,38750
1736,31495
1489,28609
429,9559
1410,36310
1620,483
352,18399
1432,48152
142,7064
756,7954
1139,45678
1500,6352
1616,23684
1421,14735
782,26858
820,28861
294,13730
495,31938
519,38426
198,43745
849,34460
256,24293
1116,48107
7,38324
888,8528
689,9131
1925,33782
912,22609
604,2208
139,8766
888,37635
470,27735
1943,45417
1805,13905
983,44899
118,10136
1357,35760
1730,5347
1974,24690
1879,29621
977,37124
220,9497
1713,15542
1907,38174
143,37418
892,28433
553,6498
218,12602
1926,2258
174,48955
1750,45468
1918,42412
1233,38093
516,31475
1374,24522
366,22830
1627,18
1118,29661
298,39193
1977,6711
1696,33926
1477,27669
505,10643
1760,40558
1005,20868
751,39936
330,37196
1744,3448
719,48600
802,47102
1075,29563
892,12570
537,49891
1615,38686
1695,38034
1879,45622
778,10329
1057,22038
1416,8284
379,20032
1065,17439
615,48207
1975,47154
744,11856
58,1076
224,11692
638,12710
543,1830
1506,45787
1449,15653
1604,6324
522,42260
667,22869
1619,14084
305,41301
980,11513
1368,4354
751,15126
1507,11267
1711,12023
1756,296
1360,7767
1284,19210
800,14373
1358,222
712,19875
925,43771
476,45794
928,48405
1213,1072
564,47407
1536,27411
1859,44057
881,26744
1429,31393
178,7618
1778,33404
1493,22086
1293,6237
1358,26426
52,2225
172,40727
259,916
1900,34271
92,8692
1645,11080
1721,4004
1484,28314
142,34449
418,11795
22,5667
1469,48816
1825,47492
1639,7957
1752,15332
667,8848
90,38527
1690,38615
129,37886
1044,20081
1893,43579
201,30285
1496,15644
1099,34909
1284,12867
292,47714
1809,25657
1363,270
1272,19704
965,13913
1111,28765
1859,13361
312,19153
1602,18095
823,12099
218,13503
1748,15265
847,5046
639,16329
1233,47180
896,11478
351,35654
1672,46067
913,35509
1764,44703
33,4467
1059,25495
975,11541
1702,27673
1646,14237
546,18653
820,36176
271,8252
276,17584
1306,16588
865,40613
1096,45357
201,48007
1270,24300
1075,11545
1507,7814
635,39595
1807,17649
1463,9105
116,960
919,9681
1858,40653
1805,18689
1262,32386
321,14017
281,37525
712,34768
52,49535
215,2408
21,38412
478,45393
1671,35625
853,8898
16,1933
851,7803
1900,50065
970,18316
448,48402
1203,15046
344,9132
78,27050
1003,29470
970,18971
1833,8674
482,5481
1207,17753
432,46065
438,16973
348,20656
717,24056
551,18563
1329,2772
493,30417
362,37089
32,10349
15,11781
1776,6275
362,19722
941,32917
1399,9704
1387,11604
313,48295
316,38644
91,44181
1155,36149
495,40505
1807,8022
1128,31510
1609,39293
1725,29332
1664,10529
1143,32551
1262,26699
1915,36278
300,47667
152,43586
113,41538
454,40365
1384,33509
989,21652
1191,45753
610,43306
371,8122
1502,43786
242,4280
709,10665
1045,33296
330,23838
724,19660
1464,38011
1947,6540
17,27647
1000,24012
567,6375
1200,6815
958,27633
389,48692
1411,18051
973,85
141,14080
3,11336
214,41527
1511,39484
1496,5902
519,13015
334,18752
1298,13357
906,14512
763,2265
1828,44768
1762,21541
1628,1433
1329,9842
1251,13572
314,9958
674,39182
897,244
984,11026
352,49012
283,18700
175,30957
1877,34207
1774,41999
1799,15350
718,41820
1466,35346
281,207
1166,34797
835,46828
508,14613
1699,38681
170,28639
1549,24758
1115,6846
581,26592
1688,3118
195,3589
40,36370
1847,29751
1544,4375
1120,38949
933,31712
216,28558
1571,26555
1238,45704
123,44941
496,33705
277,14444
1024,28284
1186,49013
944,8229
1461,7025
975,48924
199,19634
1366,11420
1506,45471
57,21832
1184,1298
1751,3191
531,47853
1229,40380
1199,34838
77,28542
981,48431
1924,28446
1131,49637
1003,21881
1087,16385
414,7463
692,24882
8,13494
1398,37727
1437,2914
711,20657
224,9039
254,31484
1314,13906
1040,23086
3,33345
1738,28740
1078,21260
902,31147
853,3162
846,38880
1886,28412
993,904
1928,39420
1151,46419
30,41851
761,6558
1519,13728
1083,23096
57,32588
1496,27886
553,39598
1896,49216
727,39157
1174,31636
1224,8935
1139,2696
628,29009
950,1334
1020,12013
965,32869
1858,6085
862,46528
1344,49611
1685,14763
788,10062
786,27191
1735,48886
563,27223
1106,13953
811,5378
862,4525
1770,38220
1893,34298
1884,21857
1017,20560
1411,39865
435,15725
1596,35011
287,47062
1859,1244
171,11628
722,39866
32,9385
1610,9755
206,19769
848,34354
422,24581
1663,44818
2,34061
295,31131
602,3374
800,33845
1488,39170
427,24172
1637,28185
761,37557
1735,7753
1990,30626
1794,16655
1731,15197
1957,34123
445,10550
1280,39454
1179,11870
1355,8542
204,22718
1511,11397
236,377
1391,21073
426,15589
1391,19710
659,31488
629,34213
1591,46759
1466,35900
978,33709
656,44045
799,41946
570,30677
101,45480
338,34306
370,6012
778,415
966,27879
1699,44400
720,30349
833,1265
1507,47785
318,9118
545,5459
1197,15031
719,47463
1329,41002
1156,28207
661,32225
1782,30421
370,39912
1627,3406
1070,46928
677,10992
10,3156
727,12526
1893,8426
672,18670
679,10094
191,34396
1508,4372
704,2693
169,21000
282,49877
669,23845
907,38205
1400,39805
929,10419
1815,22619
1686,38096
403,41476
1864,22257
1708,23954
702,16482
1470,1594
1704,36181
672,15407
343,21786
888,41456
713,44122
217,21507
1560,15065
1083,44413
1025,15755
528,16223
179,30233
1231,10530
128,24120
1071,38041
1186,6160
1075,17049
1487,29610
759,37686
1943,21795
689,42489
269,22219
1663,34461
740,34521
1758,27238
1321,12083
461,30831
240,27430
454,46695
1079,15931
662,513
857,29212
1681,47413
253,5518
1924,17894
1175,32990
957,45985
1135,48052
338,45962
1185,35572
546,24405
1997,531
1563,34517
1028,8023
1924,18749
1789,34563
734,27485
1154,28156
109,11742
1969,27747
1512,31931
1900,30258
577,37502
1405,33697
1223,4855
1405,42103
1309,4862
1922,46478
1891,45354
287,14786
26,28844
1788,9885
460,41254
60,4955
727,19162
1180,39433
156,47795
13,15067
1604,26421
1949,105
1645,4753
80,19327
787,21199
338,23662
310,14507
1467,31828
1219,30201
976,10202
653,44343
774,27910
657,4948
529,17689
1204,23515
2000,35843
1033,37338
945,43488
952,13565
476,20868
1138,28568
152,46979
1387,14264
231,26406
1667,28557
1902,13309
332,28892
186,9490
1856,18068
1389,40210
727,14983
1430,33250
1944,26309
1965,34574
1638,49860
208,24303
1815,22468
1033,21549
798,41580
87,17071
1980,33105
1440,38346
1756,11617
1556,18974
899,338
931,36984
1409,30963
429,11915
22,2003
1056,32723
430,32164
486,21466
612,3963
1607,255
212,34632
864,37092
1568,37385
1757,16072
1794,30955
1675,8776
833,8158
78,26741
1566,10019
1956,36391
114,42401
973,18418
1542,13548
198,3027
1416,22874
1184,14399
1199,33606
812,33436
1430,6511
1034,9535
1695,28219
138,1407
97,32759
1908,29558
1473,11888
1431,15422
661,25122
1235,15133
1332,338
1927,45001
1448,24664
946,43233
343,22305
644,45480
1030,4795
1549,3101
1984,13994
1176,12373
349,48796
1809,9939
431,9012
243,40757
303,43284
1374,45791
596,49906
671,19066
1326,3246
1627,40678
1024,42596
224,2510
379,14635
490,15849
1054,38696
570,2277
1590,42649
1142,37711
721,27099
1409,22070
1263,6755
96,19395
861,28188
1516,25077
268,2541
326,40617
321,23761
787,8563
1908,35265
1361,6215
1200,15218
1817,6235
1545,26899
580,6220
826,42137
1020,28578
774,5077
1967,21732
459,12019
1195,14539
1831,18445
985,4609
1170,12633
1192,2959
731,21936
815,21569
767,18215
291,24488
1496,27008
1409,47103
769,20254
1024,3223
1013,39515
370,46948
1053,44890
1437,39245
1155,6914
1560,17253
425,38557
1228,13892
1561,20336
571,9053
1417,42849
633,28001
1074,16488
1623,45504
1763,43817
1488,42937
1098,1103
653,42982
294,15080
923,46462
503,196
1623,1281
1268,16811
1691,7629
1367,23215
1553,25674
1602,17476
1452,44152
1361,38307
1031,3567
1407,24852
1297,26590
1825,17740
1970,36319
545,18375
868,7606
1494,8954
231,39118
1781,5877
1453,7151
1256,18362
127,46629
1457,49341
101,7178
1471,10471
688,37648
1061,33465
1115,27256
1953,4045
246,27179
597,45407
1813,27448
1150,33434
1251,5486
653,10153
697,14682
726,29169
510,8242
36,10195
213,26943
899,12075
1847,48367
76,47301
82,20213
1825,12142
1020,42542
1068,23206
88,31801
1495,21603
871,10975
689,45203
1329,35776
940,19711
8,34893
1475,5729
1596,3703
473,18731
1234,47758
115,41113
1316,26912
1560,20251
379,34484
31,45983
360,18203
1501,18616
1872,37032
354,39222
1349,2613
103,34600
1229,12139
1050,14029
1536,11462
1738,17889
635,40690
263,37455
687,40412
1730,18257
830,15972
19,33534
608,9716
777,24732
595,43816
437,8703
2,49578
1791,19332
830,11533
1635,10236
1534,48954
1683,16644
1312,28602
719,20232
1390,17654
1273,40804
1917,46253
867,38906
324,39333
1965,37261
974,19742
948,2706
182,7917
1206,25585
587,35419
1295,31486
701,41006
1895,32675
1861,30290
800,46723
527,23262
148,828
1775,39373
1507,48981
1055,2790
1578,32023
1425,17595
192,49319
954,25429
782,49007
1210,2679
1236,17580
367,33107
1943,44115
888,34238
516,44682
1279,30037
1188,2983
1755,22202
826,30422
1427,24057
1516,46972
1381,2869
227,24025
1412,11197
1628,7397
849,3104
950,8873
136,39478
1433,42511
1401,49103
965,45010
33,34817
345,27203
502,19974
1,39653
512,23436
489,43982
1830,38198
563,29248
436,29934
736,27487
1277,21270
987,5484
1111,21284
466,6999
73,36974
1115,17688
1939,23091
101,8912
449,10257
497,7135
366,11376
46,47647
905,3828
1546,36893
1245,21048
500,36531
805,41715
282,40436
654,15786
1194,45590
261,18675
430,23671
316,756
795,36719
1232,8726
579,6046
1953,27813
181,42713
1503,24432
344,36226
547,36531
1031,7140
610,47887
1883,23252
577,29447
318,29461
1572,9560
1004,22863
1697,30082
1853,37117
1962,20959
1595,44968
777,36533
1496,11633
296,25904
67,1868
601,36590
1922,3742
311,37107
1517,17178
906,47148
73,37448
961,42705
789,11728
1439,28352
360,3682
685,32183
587,14164
500,37583
732,44826
827,33972
268,1645
1898,27288
263,29179
1771,37349
1002,22409
1897,24889
496,19122
1231,17001
1666,35475
1995,13789
304,49418
1859,13126
1780,22560
229,49182
693,9074
460,18969
1841,20259
1865,30675
1011,19778
232,24899
1922,36516
1528,49141
1376,27945
1998,13989
1099,18015
1174,4845
1034,23037
59,35161
1886,38120
1073,10436
596,47467
412,48726
1535,39617
459,27782
1795,43854
1265,38593
833,36455
103,13816
1953,27970
1275,42117
420,20592
1532,46850
1205,25447
984,15509
842,27779
1239,31929
993,7916
1013,5770
416,22857
1104,22354
259,23617
1386,49844
813,35142
609,7974
1985,16768
1557,42226
1647,27004
1319,30294
868,37111
641,43362
637,19544
1387,7497
978,23055
414,45908
158,47640
1104,37666
464,33753
1670,31451
1606,34569
707,49355
1419,26255
1514,41688
446,8154
1740,47577
648,27136
1307,43822
784,1340
1267,38001
1502,30560
1522,38515
1988,38075
873,9369
142,10812
1050,21006
880,49251
1921,3235
86,33427
1770,32899
1759,30690
1098,6497
696,24175
1941,24346
1781,42763
1915,18706
264,20107
216,36583
1937,36304
238,20876
1536,19366
159,10136
1539,25805
1374,21577
613,2082
1641,20876
1361,19741
566,13771
1744,15092
1527,29732
1282,4164
1672,13657
1363,49682
1188,42781
501,11119
1677,19252
13,11389
831,17267
312,33343
712,23981
1072,38312
1909,2443
450,38067
859,15375
1219,36634
1571,27625
761,30985
1918,42853
205,6855
662,21296
76,8649
598,49243
1870,1774
915,36370
1194,12288
1488,27348
811,7490
839,26675
1200,7152
116,2388
1873,49131
1383,26218
833,45147
612,29280
71,39144
511,39869
1596,30511
885,9930
773,14426
615,16465
68,49184
1027,36714
1938,45940
1538,45372
466,39287
1153,20786
844,9784
1847,18693
816,19028
1156,1748
1839,40390
124,28462
812,51
735,17619
1620,43097
1164,38741
1512,41536
55,25382
501,45467
893,45544
718,40338
1564,4922
1327,35685
1940,32965
587,30974
477,25665
1036,28868
969,26304
541,27201
1017,19517
26,998
1031,48044
1824,11407
1476,42339
1976,35016
1578,2168
1453,48896
1980,40675
1231,4218
1288,8491
106,22304
970,21354
857,20195
897,14902
100,20932
1033,40011
517,20438
366,9855
1029,1738
1252,13431
1836,17593
1658,37361
1339,19528
1354,34550
1026,9221
624,26445
1562,38931
1836,14048
1834,26127
517,17424
103,31020
1313,33683
1289,4141
913,2379
35,44927
1808,28613
1992,13590
1979,6326
1054,34646
891,7963
74,25029
1709,45423
1838,17225
1302,6817
1962,5447
512,35576
579,42271
133,46570
495,770
1376,7738
949,30988
1344,39261
402,44354
731,39471
1847,32467
257,35791
1088,33423
1027,6667
1971,19282
1939,47248
1663,3028
763,35058
1830,6482
1861,42275
310,38026
151,9013
1020,22124
1182,39288
147,17602
1582,44067
193,3435
1358,2022
1299,22612
1506,19512
925,13050
888,19725
137,3668
388,21271
1527,32073
1574,19355
1385,16474
1588,3054
1322,16606
124,21196
931,32775
1090,28166
1732,39078
1117,16549
798,37664
565,46772
1101,31798
1295,40385
913,47908
40,49990
507,4523
938,17725
558,3326
617,28891
522,23842
1058,38722
1034,25565
1731,11376
1220,1689
1710,23514
913,8377
1212,36613
126,49431
1744,2693
909,20750
769,12175
1522,8987
792,9217
921,12023
1519,50005
330,10838
275,45089
754,26243
418,16239
259,9833
938,22755
1762,38395
980,48170
226,36331
1837,31436
56,8332
694,13753
1840,36595
1296,5397
1302,13552
1542,32963
1694,39017
1931,2666
1645,23689
955,6706
722,25851
1187,8621
1933,8834
1604,34913
922,28533
649,4446
1702,24849
155,36360
1845,20083
613,11222
1971,26225
1374,25435
502,84
956,10960
270,22731
343,12218
1652,6548
763,38838
444,8584
1161,38341
37,42311
1450,2950
245,42662
351,4465
1725,43528
1284,33906
57,24368
1266,31481
632,1150
233,39963
1132,24452
285,17244
1345,36917
107,36079
164,20241
458,36954
1256,45882
1953,6791
1137,502
1724,16247
634,9501
1329,8277
169,30339
713,48545
1354,26394
1987,31432
1492,25957
680,37600
555,35472
1628,38648
821,42569
474,12138
1746,31344
1789,25330
1197,4564
1424,32538
1811,32430
236,23920
1568,35785
526,20131
1707,25462
148,47024
427,7067
1716,3261
1795,6985
910,1018
1344,19297
116,47397
1256,39807
1808,25328
318,50053
1961,22946
1561,41358
1961,46171
1043,27250
1186,361
944,34726
649,27119
476,19535
1124,33124
1169,18479
1965,24246
1614,44622
1960,27601
418,12364
1699,40339
311,20401
1144,9850
868,13445
931,1940
997,20232
1480,25353
1356,14374
1090,1049
1687,23207
1302,27601
795,10251
1833,28645
1512,24634
1606,45295
908,21829
749,6266
1009,38068
723,24565
1131,19067
1981,24848
190,40001
903,46246
1958,38885
798,11198
1709,13397
175,49270
1731,8609
1410,23645
1515,13450
1265,15491
354,26330
1565,19411
118,7359
49,15260
1033,34200
520,8690
844,15819
282,5480
390,23427
1429,3088
417,29220
1436,31810
168,48658
1806,23276
928,20942
1882,22005
1016,38159
1464,26634
1684,10608
347,580
330,48678
1600,23793
1998,32611
453,43901
548,45188
1739,38329
859,39118
814,10916
185,20059
859,28633
288,48628
719,45195
254,44974
485,7565
1541,4547
901,46656
1480,309
1337,34947
1834,49891
1947,29034
667,671
1452,13635
1286,7305
926,27923
275,48533
804,35679
234,43366
875,39471
1816,24637
1843,39129
20,22265
304,35760
715,37376
457,29270
1749,17746
664,42884
1940,41538
176,27957
1020,39422
1664,49550
729,48007
1329,18866
19,27016
1014,9375
230,18259
645,48477
636,10850
555,31214
1610,27671
1607,40735
1030,44256
307,18191
1661,19738
1345,42803
1114,7891
1324,27264
177,21487
250,7300
250,33442
1395,35764
243,42385
1252,13326
1800,33241
241,23777
533,21546
1754,9182
1723,44742
1168,4602
314,25454
164,26944
42,41277
962,39305
777,8614
64,13423
634,17879
317,8985
999,36441
38,43691
1926,15355
1295,46156
1974,39662
1845,5769
1552,42266
407,22726
1339,25052
1939,44136
1075,34508
119,29810
1390,19724
1675,35352
972,46939
786,13041
1562,26271
729,6419
1080,34799
736,37675
1936,22227
340,29535
692,9473
717,46787
1608,1234
98,8910
885,45601
1819,49457
1460,17472
900,13247
1729,30638
1038,18202
25,15456
53,6851
957,5366
1149,31745
1531,25568
1755,31558
1614,28739
696,34358
72,40468
951,35356
1680,43705
1236,35634
512,933
693,39118
1795,37904
345,1084
1867,17988
262,29772
1168,45205
1668,11614
1608,35125
637,6253
1995,21539
1540,5715
525,6625
580,24940
383,668
1586,15882
349,15863
1756,49772
1101,2765
1955,39824
1085,21769
1556,15011
260,8870
500,25051
1397,30443
9,20657
1783,44782
1875,40007
1660,18121
367,45569
333,33128
1685,43879
1109,1624
1111,28563
687,11040
1891,44359
1692,31946
147,44342
1015,42261
1411,24586
1065,32095
298,12131
24,2942
1127,44913
1931,32901
483,5756
1734,15013
116,15908
279,30365
723,22793
1866,39938
1658,4820
960,39350
787,23911
1987,27162
34,20971
506,48120
322,24981
1576,791
789,43368
608,38755
1541,33729
320,8732
600,45148
1795,37937
1951,8482
818,20713
217,1032
849,12718
1301,31878
1025,42158
1616,36399
231,40704
772,47928
1863,40968
1995,1221
547,3944
1535,4834
1223,20382
1807,15511
558,19794
1032,40302
41,17548
536,19884
467,29106
1893,7497
849,380
1882,656
725,22188
744,26302
1766,31143
1132,13909
446,41677
251,47015
1152,43597
344,37518
1475,35276
1596,19066
755,29337
959,23693
702,6200
1825,4532
1043,24002
1181,24287
943,34126
972,47745
974,45231
1188,26920
1004,39627
1936,385
643,3271
127,9427
1148,4675
1811,19354
7,17514
1695,30986
1096,14475
1813,35698
1240,25571
1656,35507
617,24542
1360,16514
1727,47410
147,37945
148,40100
1293,31072
1508,5612
651,13470
1245,36226
1157,27020
1761,47269
1140,49536
1343,15327
113,22039
1335,6905
814,28066
685,26496
844,2747
1014,38687
1580,28978
263,41019
1119,7303
841,33339
1478,1486
1156,20472
757,18665
1621,49143
1864,31475
1251,28953
1511,7550
1254,11127
1255,6778
1950,12380
1646,27216
1209,7912
669,28116
1116,8014
115,24432
472,34372
485,45645
574,36913
443,47610
264,22177
1903,44356
1863,46393
1936,30529
240,6009
75,24422
364,20837
1448,12615
1363,1986
1716,14173
1356,37341
1462,22797
54,22939
1372,16029
1975,36291
1179,46940
1906,16366
1182,27282
1853,38047
1156,19012
1030,42484
694,27783
1050,18538
1497,5796
1130,39868
1884,31032
1017,2611
1086,27376
1124,13194
354,9903
763,1535
301,41623
343,13822
855,45605
169,13488
1899,18595
977,40171
219,10070
623,40
1486,24098
1976,33604
576,13990
816,10062
840,29076
574,1365
1979,20809
1877,12072
1938,2685
271,6559
1132,10543
1047,33248
398,38619
649,20152
1271,29698
918,14842
1044,17624
1057,21979
1713,1291
1319,21207
428,2833
1967,33970
780,37629
1018,26754
540,1655
314,21392
1064,741
1362,38029
28,41978
406,21568
1107,29054
1238,47312
955,41081
1294,32893
1247,38182
778,20019
1522,45592
1586,6887
661,18526
1801,4717
1610,37021
903,45875
1142,31330
1528,31899
1278,43025
1943,26201
1761,45704
1744,8282
278,31088
1701,31464
1302,46349
144,21875
101,45352
675,25683
289,39193
1160,13387
651,7589
1964,30341
1527,40257
1234,1575
319,18878
544,38358
1853,17733
1152,23211
1803,33914
1585,33724
816,18196
385,32210
1488,14018
1666,29012
1430,23296
1217,489
1557,18272
1366,3602
1113,574
1455,953
462,29346
1964,11280
696,8267
1366,39542
510,38876
1011,3614
1781,14928
674,33874
794,41531
353,41135
27,16512
1154,17812
737,15891
1582,2030
1431,9620
1367,13391
1818,25571
1908,46471
855,793
82,42949
1050,31948
1288,4253
1246,6585
1047,48074
1545,10487
1111,20241
1962,9495
332,4746
1095,29934
1443,15550
2,24492
547,34696
833,40384
689,17125
1185,48527
1442,35989
520,20678
1062,1111
1057,26841
1860,32812
843,34137
1694,14388
1843,42692
1906,23323
643,23126
56,40118
1218,3119
1600,12895
425,40387
374,25789
1938,43933
387,2684
586,20936
618,40690
1175,18877
1430,24574
1063,39318
1038,5430
1819,10556
78,16762
399,9981
115,20816
651,24516
1814,2274
1405,48222
1482,45671
1975,21115
1600,9978
1671,32483
1259,6604
955,44728
163,43460
1138,31185
260,11426
432,49277
1125,30867
1772,22536
1923,47022
1913,32932
2000,13369
611,10133
902,8901
1472,20996
1562,45750
1679,46934
764,49999
912,46022
832,33273
712,5138
1814,9182
373,36333
805,43692
88,37740
57,22126
286,6327
1028,18357
149,12463
1341,32286
1106,7629
308,48700
39,35688
276,9362
977,37265
485,45559
986,34456
1231,13589
1972,24064
984,886
1880,48883
140,44089
30,28081
428,19909
1520,9798
1207,21661
245,12239
976,10679
240,49964
73,8818
1176,17585
1868,49172
218,26016
630,8016
1119,20227
1892,23171
1792,9310
1927,34550
77,41609
702,38203
692,23515
1082,49088
1588,21994
727,43809
1443,3390
181,7299
1334,45362
510,5776
1652,3380
480,11553
981,49736
1394,35203
517,19211
677,46142
1575,22703
1976,6476
1270,1680
963,17762
1380,11467
458,13227
1967,49935
1384,7610
1867,215
516,16246
937,9505
1850,37062
1626,22342
1553,6757
1451,45937
1274,33076
856,34582
1044,20713
1962,38989
1575,37441
1449,22699
828,6560
645,4921
163,23496
636,28838
240,23057
804,47870
842,24236
958,37070
1883,32549
1149,40804
1686,26911
1026,23353
1436,25041
388,26440
666,45945
1641,30198
1123,6960
853,20398
1996,1778
161,42731
907,44629
1079,15630
1974,7100
852,44691
1879,42565
385,24315
1183,23541
528,27450
1325,45806
1880,24023
1972,30391
548,37662
578,10456
369,40419
276,29685
678,44468
1714,29431
260,48909
1410,28073
639,44614
1504,26462
181,11583
1444,20396
1489,19526
1665,19428
24,21538
1424,35949
1418,23496
1989,4221
1513,37538
619,30285
912,11449
318,24920
824,24804
1696,24180
446,28044
1692,26017
836,7545
1810,30261
1997,727
324,9101
400,2168
1969,46841
532,4384
1066,2352
1931,15974
1987,37126
1520,6945
40,49976
431,12834
1206,10441
1339,33745
1119,5483
782,34085
305,1386
553,9551
507,32528
187,23211
1326,37823
931,27927
517,39281
1994,31223
1644,40998
32,31513
636,17514
273,137
1969,10241
612,24835
116,7596
457,12423
1901,25818
988,37212
974,33337
1549,37283
325,12414
1979,25745
1832,1396
1962,26576
1863,21574
183,16973
1527,40609
757,24228
1043,10746
1124,27280
424,46241
163,13605
1643,9134
105,7487
1845,14665
1960,1648
577,8514
829,27229
635,16106
1516,26785
526,18190
778,25653
1976,10436
1288,38131
772,18730
434,27075
241,35342
416,22591
1207,25889
1144,30549
1094,12931
1283,40136
988,30371
1012,48244
857,39248
1772,23685
1780,32282
459,29219
852,27448
719,38139
1492,39351
128,7592
1328,11777
54,5792
842,24628
635,32998
325,18730
1750,44021
765,4730
612,21987
1288,24095
1367,27878
1737,8378
864,14986
617,13424
1560,48554
1739,16634
458,43287
1638,12404
240,42278
722,21412
400,27212
369,35069
1807,12596
1498,581
994,45989
929,34306
172,2134
591,12211
1557,23981
686,38562
1564,23655
555,26274
146,42203
549,42938
587,22248
1432,6713
1537,27078
77,38576
1189,44270
1604,18401
1613,3696
1331,47382
926,18672
1713,9555
658,16339
977,31731
1428,42975
854,35300
699,23640
52,48586
395,46792
1657,40889
1138,12530
782,37899
1471,34074
1558,13164
1308,48812
150,8779
1217,35817
1946,20829
248,1805
244,7268
668,33007
443,7650
288,29331
1790,17490
236,26909
1591,30672
917,30819
1143,8079
1303,2872
753,13679
1472,46603
378,19299
700,32609
1332,36937
1587,41135
54,22864
681,48206
140,40523
1662,48474
1105,26878
544,31563
180,42507
1343,32864
1743,15102
700,21161
1107,6348
1088,38462
1851,46311
1497,31238
363,42885
170,30624
602,17146
395,18893
663,6193
1233,38350
803,4927
869,4476
8,16882
625,34007
1488,43542
1341,11761
972,945
778,14591
609,13185
1076,21873
1381,38727
649,45132
32,9955
710,9540
665,11987
744,42794
1019,44684
892,48590
470,29033
1913,31173
1306,49506
1352,14492
1612,13618
48,33325
1565,14323
913,48593
775,37037
1421,18807
1555,19611
1223,29487
668,9733
102,8123
131,38986
1675,1566
3,22186
547,34626
1151,46710
1805,14088
1187,30873
1395,17382
1137,39693
1944,21136
589,30957
241,39308
1052,1050
238,12837
896,47231
712,42455
503,21576
1788,11943
1982,46220
1156,13146
1690,37890
731,36429
860,27313
1197,39670
1068,37426
868,15683
1061,42896
722,30071
391,25568
817,35682
1960,25249
586,38947
627,24689
232,12998
1843,13524
1087,12325
753,8763
1560,37389
1287,18843
23,20103
615,21108
1542,21025
1982,16304
1460,6065
57,2106
737,9594
1709,6181
1259,3359
474,46744
1776,28833
1352,3446
1589,43922
1729,9327
771,43259
698,2697
1201,20788
307,5444
1340,28319
683,16812
1194,13713
418,25837
1469,49651
462,18622
1298,31532
1238,24272
449,30398
1473,45477
1159,15580
398,42761
1020,42941
581,14861
1001,29574
1409,28412
1367,35123
1423,18443
227,49718
334,31648
847,36216
430,4438
611,25076
530,31960
218,40375
1316,8236
950,1308
237,36582
1418,15237
1803,18228
204,38905
1326,42386
513,15336
8,29995
1413,17277
205,16899
373,9024
1134,36103
585,40534
937,45651
1088,45248
1674,5402
790,29630
634,11689
448,28068
464,32566
955,7939
30,15234
1846,45969
825,32310
688,34776
1561,28035
194,31195
1962,15906
361,32997
1473,2894
27,43776
1147,25737
1847,4731
140,39849
1527,37307
1796,24751
1020,40377
644,33502
1805,2693
1109,28573
1554,40947
500,32111
890,38628
1006,806
1405,25981
606,15842
38,43541
902,25342
1279,14891
258,36652
950,25562
785,23544
1767,16644
1943,26616
1843,10036
1629,20931
1870,24777
1509,25557
1972,41637
1101,45457
1145,1985
601,7785
761,25893
1200,20700
717,48944
659,28002
133,32873
1827,19975
1548,17704
1357,11599
1321,32012
81,27348
1694,24405
513,27673
480,13817
59,13034
1443,42570
1073,27891
1162,41422
981,8380
1212,15572
1116,4391
1695,6281
1609,2182
1377,2328
880,18246
1699,25067
1291,41550
799,33451
210,4522
1598,16904
882,39215
353,13560
1839,14211
1408,28092
1527,4610
1311,15996
1577,35340
1678,44380
1934,46768
812,30972
200,4514
330,23880
1414,2618
1179,44985
1645,46951
309,14428
1512,10703
542,10930
591,39976
907,37193
1646,44662
1279,9980
396,8277
1270,8955
301,8980
1515,46399
1791,16968
1061,35490
757,18833
1567,2990
798,19487
247,40413
736,2401
1611,14053
680,5064
1682,18139
297,114
732,31897
1022,38007
304,18576
787,31126
15,5875
129,9438
402,21672
1166,39493
1630,19978
637,14333
81,3898
552,27009
571,28269
958,376
1026,1266
737,12518
864,10666
918,3631
565,47839
1346,6564
904,13189
880,49018
1055,36081
668,17378
1028,5201
180,1039
256,5441
611,26357
775,10565
1143,17557
1768,17495
801,28449
109,12412
515,4157
1936,924
1472,49996
1502,5029
545,11821
1825,33106
270,2592
904,20851
730,29610
1890,36567
598,2536
1478,33484
36,45168
1868,35215
625,12538
1528,26021
409,896
1909,18450
1987,35530
998,47762
1097,12814
1589,42045
1507,23469
239,23329
1058,47869
438,15465
1140,88
1057,49731
1094,38143
964,1667
222,27851
712,22111
1718,8206
627,5928
678,11799
769,4717
1351,29339
995,19027
1945,41722
1148,44460
1825,33517
1507,37697
397,10415
621,9498
921,27851
352,38548
953,10206
1216,47736
1957,5940
880,3217
782,8204
1371,8015
1464,3943
1767,43399
736,32898
1027,44200
1788,3308
706,16558
1036,25198
1675,21804
681,26373
212,7657
915,4423
649,20641
1875,41472
349,34463
1065,43486
613,22438
1089,14030
551,16809
1185,25247
1991,27875
22,7821
638,14995
1765,22248
1067,22170
1591,14147
272,96
613,11621
1431,19960
1575,10366
681,32961
318,15079
1496,16558
1237,24815
28,7139
1384,27645
1305,25954
150,22081
550,4378
624,13983
87,31575
194,49669
139,28640
1762,20415
264,12202
863,17242
14,39300
1209,29003
1430,35321
1974,18681
117,7894
746,33163
265,37149
1548,46386
452,20661
1147,41842
1259,13239
1480,12477
795,8569
1966,14410
914,779
1544,12665
134,4488
1266,40992
689,10402
770,32887
392,35002
416,37531
1713,21172
1215,31179
635,13348
1470,33343
281,15022
1827,41210
1049,32741
1578,39855
80,26729
730,28329
1973,49695
368,11680
1425,42940
1852,37822
1899,46831
35,44970
519,48624
293,7962
584,23078
1888,47653
1915,8732
1845,45029
1986,43276
386,39388
1744,9449
1104,16717
1645,47621
1272,8966
1349,47133
1626,13200
64,8273
1504,6099
95,32406
717,43136
549,47250
1389,47082
840,25490
931,6446
429,23268
1672,17619
1363,47428
1924,2470
1107,20170
427,8046
56,11498
723,14178
909,2238
1307,19184
225,47400
600,18852
763,22207
1024,12873
931,42030
864,16710
1405,6349
1719,43731
748,23143
685,24238
568,40402
1826,13967
748,31270
1636,18792
1903,41731
1021,807
940,20737
1900,5091
1413,6009
515,21814
95,21237
752,43671
546,33049
571,29118
797,13475
1330,3663
1218,15816
347,42293
947,16368
1159,21036
1678,24618
1981,17353
1844,487
1988,31635
1175,25158
1827,12003
1466,4603
624,48225
1159,26209
361,49962
785,14041
1934,3770
757,38507
1088,3820
451,39933
1607,50009
658,8936
879,46689
1022,47506
597,29312
989,40221
1347,12426
1328,8718
1214,31544
1079,27938
385,42933
1904,16004
1391,18740
1067,15247
47,8291
1543,53
77,17679
824,29938
785,48007
1172,44897
1532,15624
212,10589
259,17846
1696,31024
900,15204
1778,38283
784,16666
1771,9243
1128,47414
1037,17699
1570,26888
221,23198
1125,38527
551,49743
1159,41042
1566,4789
1321,40901
1093,3588
1770,43268
1529,31236
1134,18231
1472,32213
1566,30093
665,9643
1201,110
805,16165
1812,12305
1141,1067
1125,28755
343,41301
822,34886
167,43128
35,1268
423,49533
1695,43458
1742,32723
1664,3869
808,169
1374,32388
1445,12302
956,3907
1595,21692
190,38006
1968,30365
1334,7996
119,39406
1567,10523
1881,46936
1936,10783
1328,13988
126,6708
354,19411
1710,34092
824,26630
280,29288
1301,29191
129,32406
1862,1836
954,20354
1618,46745
701,4725
894,10169
904,16757
1465,27062
299,681
660,35743
774,4091
1497,32202
1433,38116
1618,19821
865,36659
363,40600
1866,39530
1012,24202
1334,6427
1084,16980
403,9636
1647,28671
413,20845
1754,47202
193,34977
1632,38861
363,1762
1213,32330
751,28232
1287,7233
50,9382
49,48716
1736,20279
722,33147
281,48957
819,26725
42,16329
1052,5707
22,35225
46,12903
788,18039
1974,16702
295,13307
1469,38862
291,49287
431,32718
1967,32530
1364,36803
1067,18893
1557,2242
793,42348
1165,16986
998,22711
1584,11900
836,21030
324,15933
206,48205
411,11883
996,32327
416,44508
525,49595
966,26312
1208,644
922,36219
280,9515
548,25508
1381,34056
1596,30215
779,18025
203,46249
1747,43998
1077,13783
830,33906
331,18304
1822,49187
1912,12258
335,19109
584,22731
770,36256
1442,17528
1489,10274
492,43684
1760,37180
621,40706
942,8780
637,27662
865,23289
1628,39377
684,31053
1075,26544
1861,3154
223,10127
1162,18217
1917,291
530,37645
859,15409
1783,23643
239,46456
288,12207
30,13883
1050,23533
865,19571
1072,28892
1438,46569
681,20279
1222,146
1939,36275
1164,6836
1804,22663
1884,30005
844,47422
220,25645
484,5568
3,14904
640,19473
804,43920
784,10183
1968,26236
1397,7515
1589,13124
323,43750
1024,18932
7,28875
1916,21564
364,26349
1483,17028
1206,16937
1610,9406
473,13180
1281,14719
764,42329
725,7950
1124,38293
924,8926
1344,21448
1947,18003
1069,45142
1239,35768
1923,36396
1083,14553
1115,14784
1881,26976
1265,20881
792,7359
37,40158
277,23991
290,1914
1162,17377
132,14945
1940,27114
664,7764
465,35265
818,18949
913,3464
1928,36862
807,16939
464,29856
534,31187
769,9967
397,37239
1503,15852
1154,5415
1307,15477
1464,424
1475,36343
1262,2498
1543,41818
938,48729
171,46763
1974,11666
1507,46574
1625,24333
1697,14601
816,46197
1138,37968
1120,38515
239,5551
1394,48950
585,13295
1673,16829
1573,49180
1952,9217
549,44560
1243,37723
868,13135
647,477
634,5894
958,39502
241,10433
88,18878
1810,15219
1129,42859
235,42745
748,47306
1274,10717
1398,20206
198,16372
1802,19956
1288,18213
1812,17157
300,1389
61,36896
1350,11131
1161,14725
1566,9610
118,22071
763,45437
1393,25822
974,48036
609,49340
1542,39450
821,20496
84,41229
1591,32044
1598,27337
1784,1162
794,10613
633,38517
1543,46813
358,18404
214,47598
1912,13173
440,9461
569,34946
1708,25884
1345,7805
1267,1477
1166,10926
1687,14823
958,44191
629,49552
784,4332
1855,24602
1415,31123
1763,18204
928,3302
1943,14630
365,48557
1278,14363
918,38270
398,26166
738,11725
1801,16611
1639,46335
426,20373
1724,10468
529,46077
932,42
1571,9668
1356,6119
1084,11876
1124,16916
1054,7344
1793,5385
712,27879
554,28130
235,23440
1116,45140
719,7051
1864,29309
1007,21330
1670,8793
1171,33474
145,15950
520,36967
1417,412
1896,3653
1041,15388
1931,10818
581,41669
984,43748
1210,43225
1698,15487
832,34546
1664,41604
1056,16915
1332,21719
520,36296
578,17218
1341,23978
752,8678
1840,43715
554,45185
521,33978
1840,13858
1716,15191
453,30242
492,14220
628,32664
634,840
837,24583
1575,47417
1277,41065
1378,19757
1042,30516
1823,38989
63,26361
1372,29138
1527,12119
180,43130
427,45042
636,30833
1294,43808
92,21041
1013,45288
109,2223
1538,43720
1807,45788
294,22756
1072,37804
1924,23580
1718,45641
496,24746
619,32562
354,26887
1363,33562
786,929
792,40116
1745,10180
998,21672
1369,23869
402,17809
1289,808
1061,26110
1758,18794
1106,13490
306,25163
361,35000
1737,30836
116,15490
1716,37897
940,14998
1893,28087
672,37048
440,8208
92,8184
1614,8836
571,36753
570,32028
217,41413
826,39093
287,17626
346,37016
1580,30806
1382,33170
167,37615
318,49706
1739,11104
200,46823
176,8389
1912,13500
1648,26381
1102,7355
1841,10952
1013,26247
551,35744
1575,26526
1783,25816
617,41167
517,28018
1965,34021
1774,48747
331,32437
942,28058
1714,47122
1365,23713
389,10886
839,47634
1738,45300
1654,48397
1394,2347
96,32100
132,21689
947,41711
1467,21806
433,9760
1526,32411
1311,1333
903,9962
1314,13391
1457,45687
855,15788
1538,935
1113,35127
861,1345
1031,32709
1449,37191
754,20579
1365,21213
1920,3950
1961,6784
434,49381
1411,19622
1083,15491
962,37520
1604,28539
217,42334
1066,3642
836,18210
371,44272
1036,9626
975,39263
1128,43549
1979,37288
1088,18256
1731,16798
987,43847
38,35124
282,47957
606,44658
24,43950
1365,10844
185,27212
123,121
1382,15431
873,2883
990,32762
559,40713
1512,27454
1259,49770
367,25989
1464,27291
606,36821
1575,31205
1090,13650
835,12970
1254,11675
763,22053
390,39238
106,741
1655,24127
1753,45827
1889,49565
1054,24616
229,43993
1059,16192
596,39112
1937,22914
1359,25110
815,14254
463,34180
1673,5807
508,40075
606,46078
1633,46116
750,9732
854,32871
570,8666
1453,38012
736,42252
797,11920
69,6612
945,48331
982,25676
418,40040
1141,28920
230,31558
711,8425
672,44392
1749,5029
244,3147
1094,31942
1376,16633
1661,24103
1257,6018
818,23688
835,49550
502,38531
1369,47232
917,27897
1954,25638
1697,11698
677,43836
1157,49084
217,15202
963,29157
1659,22071
1584,8383
756,45669
1172,28568
739,3934
305,35849
87,13742
1585,19282
153,22114
922,30231
356,17155
1091,17112
1298,35991
1827,41028
504,31740
684,30478
541,37823
1413,22334
729,49676
1474,12954
1199,36175
1150,24885
437,49924
1311,16897
1164,35081
447,43274
489,48672
149,32547
1138,42017
1924,42368
93,34836
1523,23405
429,32042
242,22151
1421,24348
1535,12637
1241,27498
1597,6574
413,15681
1249,34456
1372,19041
1626,5606
620,10213
728,3841
1801,13848
1523,23014
850,18959
1106,46525
1227,32161
266,36980
1737,17154
925,36385
1177,22601
707,30971
1613,39992
539,23441
780,49359
618,1304
508,13773
760,42800
1787,36487
1326,49550
30,37475
1217,8173
1600,40178
1263,5474
1351,33338
1683,34206
1145,44772
1142,42313
1882,48282
46,42766
741,16888
1270,7764
211,17685
611,11937
843,26024
679,46
728,39588
1285,14738
1905,38001
1669,24302
1024,20094
1866,31459
353,17394
1490,39509
766,40255
1770,11485
1569,26540
4,6632
1900,6414
300,33206
1506,3826
531,38812
425,840
1503,19928
804,48851
227,24929
224,13300
389,19880
561,30488
639,11832
171,27902
659,20822
830,34130
1542,1431
990,29249
414,4308
1498,47969
1762,37957
1291,1861
1322,49874
1702,22718
1265,16688
1782,29781
1691,24774
1102,31356
1691,44289
1117,32040
1773,6490
1054,31135
1655,25095
440,19895
1211,28462
356,29453
630,22146
1417,32375
413,47674
1047,37076
339,36136
1343,31191
27,32129
72,44716
1989,39636
1947,30491
1414,41468
1086,12596
275,11324
921,27736
504,3807
981,44485
723,30621
3,12878
1796,39506
1511,34424
1160,35525
1675,15886
1441,19399
976,22744
1438,32025
536,46279
248,34587
1135,36063
1186,33510
268,30926
1090,688
98,31978
734,30367
348,38017
746,5398
902,15114
414,31804
1304,47875
1665,33913
1765,29866
1991,17884
707,20991
685,3921
1202,39654
577,31854
1872,38464
1419,43911
1510,29407
1118,22597
1876,25064
502,43077
1532,28928
249,7137
1316,38254
171,32778
610,47210
1823,6084
1514,26697
266,28433
1841,2914
365,23947
1238,16882
105,48533
1218,26440
1925,42168
1397,10984
176,17234
1856,29363
304,1478
626,5549
436,3515
1747,32075
153,10635
264,9378
1369,27929
149,33601
1558,381
284,17676
1039,16249
704,3969
1325,8057
1183,19294
776,43109
817,17295
1412,23058
62,181
1602,9825
1334,190
526,44588
369,9545
539,15248
1686,9130
6,14201
1756,28472
174,20371
1457,16321
484,2972
51,9295
1377,24023
188,23696
617,38869
711,16124
1446,13943
403,936
1002,19744
1818,43053
935,18034
129,7876
1346,30128
856,44749
336,17580
1179,20462
554,25923
888,47981
652,47192
316,38328
423,26397
970,46428
1769,37340
565,25418
1461,10773
55,1955
1496,1013
328,25557
1412,34888
1148,3979
471,18259
1060,45628
357,4193
1098,22060
946,23318
7,18043
47,7812
1475,46681
1418,11403
281,15020
1157,535
1606,42749
369,7303
1889,23213
1126,16038
1458,46907
689,2754
857,15012
720,26071
1307,38731
943,32895
1326,37563
1052,14141
1821,7924
914,9627
266,46904
998,33827
1716,27046
1603,42338
1545,30197
1721,46664
521,15332
1783,44960
339,44661
350,3518
1848,17483
733,12165
1530,28576
1497,7961
1555,14267
231,34010
1050,4288
1480,24711
1539,9178
533,37926
428,27058
1587,21120
570,33576
69,43401
1402,1828
1416,12729
1724,34202
320,43004
315,46568
744,11467
1124,6808
1051,786
1813,46370
66,43278
398,32593
1558,47419
910,8827
155,24474
564,38460
536,3321
24,26427
1304,48485
1122,41416
642,21583
1984,25783
309,3265
26,9674
1028,16126
553,21835
1001,8468
1440,5674
1546,29501
115,22319
1164,48010
674,32953
1714,29518
1357,49550
1136,5245
892,8097
1761,3863
1828,22381
634,611
1656,19393
1154,35688
1251,24169
1149,38679
916,49240
17,45927
957,17558
1138,41104
633,22330
454,44990
1395,20426
917,1100
1025,27194
1290,13397
1891,46752
824,11639
1512,26632
693,32615
693,36609
1392,48762
877,31863
643,32887
1257,26941
1311,11311
1481,38518
1064,41862
1613,5891
1959,7374
511,38586
688,29055
1022,44341
17,42939
1897,520
1773,44003
188,3685
105,46967
1937,13560
1408,19833
177,17142
1362,13572
1519,28253
1108,39640
838,27888
716,807
805,39701
542,20897
1787,44180
1203,15065
542,35290
931,7428
1869,26235
774,8553
1744,10102
838,28363
1034,23116
928,42373
609,49291
1641,44319
87,14775
482,21906
1319,10148
1553,44259
278,29536
576,14715
1780,32078
833,36946
1612,13361
1216,32218
882,33318
522,12129
1040,48663
21,25233
533,6914
1435,15695
945,25739
669,1656
1152,18120
1585,19567
541,35021
108,19258
1712,49986
668,545
889,8886
474,28238
1443,31297
1129,11046
1042,20403
787,22395
881,8234
1391,1939
722,18962
5,14765
290,8225
1092,14236
1677,7313
1799,15454
167,49619
1515,47833
1819,46435
441,32682
296,352
1347,49757
844,25980
1675,35302
1283,48513
391,47076
208,45257
1098,33646
420,40420
1200,3995
519,10627
402,6900
1460,40415
1638,23850
1731,11359
1164,6263
1173,38103
731,45636
1645,35702
1608,41364
1755,47189
1790,27705
1953,21545
1959,39045
1639,33944
322,44700
1477,32307
1,133
1248,38160
1103,38453
1662,19503
1371,23668
61,43898
1691,29961
435,31038
1325,37350
910,49285
1502,6890
454,18686
1623,16421
1125,14682
210,35635
1872,31881
1613,42187
390,20354
1665,26236
401,36510
1871,33130
823,25094
375,18087
1264,3904
1942,42009
1668,1745
264,33431
1848,40442
327,44832
385,3781
1608,12166
735,8129
175,21482
927,17072
1967,35392
21,44465
1431,32409
1217,38450
870,2077
557,42910
65,44852
1814,42671
511,40675
1922,2462
207,44570
727,22252
1736,30657
1897,24252
1100,40169
398,9603
668,11928
1573,37846
1119,45665
998,24805
1037,42350
1704,25207
4,23764
1789,31393
484,6153
161,23714
1686,12986
1507,19817
511,18228
1104,33381
1456,31391
1008,17313
1012,10876
424,6071
641,14829
534,30658
134,38898
1271,38508
35,38330
336,37395
160,32865
169,30523
55,43504
1156,9536
766,45885
291,36840
194,35916
761,5052
515,24471
1444,26659
1821,20495
288,41751
1810,42829
341,6599
1371,8572
1302,17776
1695,32726
134,23989
433,31846
681,46249
431,13252
1828,39902
377,29841
1591,49012
973,22539
236,12587
372,45251
1085,16473
898,41279
682,12282
1923,17941
730,45336
880,34510
14,18126
553,37660
327,25149
665,461
1419,45014
278,8857
1375,2932
1818,27249
1006,36363
1747,49477
684,21854
1969,20428
167,39888
1586,45511
567,48414
671,19276
658,14614
844,8178
284,45044
239,44370
461,36405
129,23332
290,36681
1752,45210
1032,6478
514,8780
182,21104
542,33906
1008,43681
1186,38575
1956,980
1464,47511
1890,46632
1513,13531
380,13727
596,35704
911,27070
534,46933
293,2517
613,353
577,42388
576,19880
1412,40745
1112,5435
1809,45205
542,36051
531,6537
350,46740
414,747
1724,49341
1501,26641
1587,13256
1405,9024
797,32766
12,30246
1720,47785
1306,24910
731,17316
1984,19762
1179,40322
1397,41740
1145,15286
1874,20585
695,10199
25,38003
175,30558
1526,31946
114,6359
1162,11260
961,43773
433,15575
921,18570
613,20301
392,18370
1495,32615
532,31665
1008,15548
1482,18961
1333,37091
556,23473
1263,47732
1117,28304
1532,19444
1246,32641
1949,23873
707,3147
799,38754
241,17036
969,970
767,4095
1554,44451
1585,46925
1340,17717
1177,9858
25,44901
206,44015
806,28031
1355,491
65,48368
1745,23033
1045,27635
1476,41636
1366,44599
783,27161
1067,7214
449,22459
1051,26781
1369,23116
643,5053
743,18004
171,47557
788,36519
1040,21025
854,26256
222,12515
819,40167
1028,4140
1618,42513
875,26030
1260,26289
1674,39228
1599,43655
1434,14574
1366,33021
1936,39887
920,13730
797,30034
303,46050
504,17044
1365,17913
1222,45612
802,18677
1808,4926
1253,38876
204,9648
662,26541
207,23979
36,47170
1452,43385
830,12074
1259,2159
1919,10615
661,5355
362,22594
1090,4753
566,39184
877,49737
1727,2250
746,1210
492,1522
266,38734
758,40362
439,4739
839,33750
494,23779
1628,4831
909,3451
414,6986
580,14045
1512,48310
535,44864
535,44869
195,27384
1842,34891
343,38987
13,44538
788,22593
644,36324
1736,46487
1287,3742
967,40320
40,29970
693,23232
469,3912
119,10429
1011,79
1906,45436
625,25764
289,34521
129,9488
1351,7813
162,28520
1206,44521
1309,49918
633,30229
1683,5667
423,41008
860,36699
659,37114
1449,14423
1666,47587
1542,10990
484,24520
184,6168
1632,3144
740,8067
1470,1192
1875,12958
1127,29462
204,45849
1973,11954
1842,37276
544,43880
86,22018
243,30552
228,13469
178,39696
1132,7740
1431,13308
620,28093
1039,21802
353,35703
109,26305
415,32172
695,44769
1284,26472
103,1561
285,36815
872,38496
1027,4280
656,28420
1177,50024
900,10680
143,41337
1743,3593
1530,42980
900,30422
458,28744
691,43832
277,9653
464,24793
939,8655
208,33215
788,25510
1950,1712
854,47252
1012,1699
116,34583
1681,12632
1549,42215
384,12307
704,28876
1055,8417
1049,37491
1536,28075
89,26224
899,17569
988,18059
1819,25683
1581,6324
1516,41778
27,11086
38,1436
298,4132
889,43342
1588,43594
1345,37461
1652,42005
1801,5964
1171,24210
379,45261
1954,4108
1110,30083
1067,2962
105,43206
1723,19463
304,46385
1448,31155
1088,36211
426,29778
1014,26582
1229,12659
1920,18363
58,40875
895,11078
32,1555
29,3149
761,47895
1526,7605
97,32022
255,24065
619,12681
789,48863
1440,19451
19,49779
1375,33077
78,14914
513,15630
678,48306
164,2109
197,31574
993,22571
1522,44438
697,18263
1746,9371
1394,36910
1867,606
1959,30915
415,12933
271,48925
1910,46674
1697,32049
1484,9959
1410,35973
1635,31006
526,48650
1157,20614
949,33882
1514,28376
877,19701
100,35577
1319,18682
1642,27512
1137,36595
311,24300
28,15475
872,15265
1855,19019
1121,28031
29,41228
1888,33441
229,34495
837,7976
658,36634
384,35958
523,18548
411,8847
309,13549
1880,40774
1594,39572
1121,39233
1092,10766
1027,19799
653,7504
893,19833
732,20330
1491,35729
1395,45517
1048,27769
4,29789
326,35057
1027,40352
1358,15525
381,37673
1983,26453
1776,14806
345,3344
243,40095
256,40052
1043,40167
575,49909
1388,9725
700,34346
714,22705
1681,35924
1133,29490
1187,41793
396,10450
1738,45438
1974,17877
932,27183
1207,5868
1984,2410
1622,10202
784,11178
1450,1618
948,12401
817,31896
1915,7148
1760,14611
1217,1851
2,48025
537,48189
958,2898
777,15053
1458,25625
1399,20956
924,26851
1992,30765
1185,49759
1181,35377
840,9080
1423,35067
94,45124
831,33249
936,43235
1136,32115
447,26212
1577,41232
225,44063
70,6784
830,19997
375,39401
1806,41792
1189,41693
1633,18354
1057,7979
464,23336
1653,47723
554,32432
509,29465
1697,39013
473,32183
1558,22472
1865,30630
1653,29995
1420,43837
263,40675
598,2566
334,26100
195,37554
181,33068
1440,27947
505,45194
1078,7816
1368,40499
1158,12434
1773,47439
157,37933
1703,7576
1732,42453
1032,46621
106,13831
387,42091
1493,30734
1700,34201
11,42118
1677,42583
344,36975
1514,42676
1017,14272
384,27544
1979,24701
1724,4911
1050,38180
885,39997
1094,39506
1692,7046
277,26914
1575,45229
1943,37054
927,4483
643,5272
1628,20226
1503,25811
1395,46201
920,38940
1488,5684
1658,22931
1427,43038
1699,49301
1125,3007
1980,7286
1558,9882
747,2031
415,1974
1140,34656
860,23082
47,18358
398,16801
1484,15548
1617,48803
606,38680
94,23944
1316,28898
1941,14384
1376,22910
93,11685
254,43783
1629,24704
1949,39010
14,25401
410,42688
186,8447
1523,18021
1329,3222
1988,23430
467,38086
1198,32025
846,44029
734,44077
755,11092
1053,50
874,11152
1556,48551
580,11161
978,44143
411,6644
637,5200
125,23810
1316,42030
258,23864
549,19074
610,4491
1394,42910
973,36270
1473,17060
1350,25302
1,19135
1095,23032
480,16217
389,16206
309,30657
1860,14307
1079,2199
1422,27056
404,27541
1743,12494
1999,15872
343,1263
1192,7249
61,47625
1962,5479
1553,34465
613,44203
49,44059
725,27064
1247,49737
1732,28949
77,4432
1369,28575
1392,49940
1153,30817
1495,33599
1054,1172
1380,30831
191,7434
1775,14987
953,36590
238,44093
216,25053
1774,5671
1481,33975
796,49872
1071,11146
442,18717
211,40603
794,10155
817,26927
1081,28778
205,28143
1939,3033
650,3215
1512,28310
651,40160
1266,35938
812,28957
1237,10950
1197,21669
1797,37791
1880,19300
1738,13245
655,2743
482,15177
1027,30164
1007,16363
824,10036
1316,46633
1506,31196
901,32088
15,20940
686,404
808,10695
817,44444
814,2898
695,11358
434,29822
1359,25487
21,38425
1786,36481
1819,12782
1492,19689
566,33824
649,37093
1726,19674
1515,26274
857,46154
1943,16896
1327,10750
1044,28428
195,9192
1026,38519
995,47182
1850,7815
1232,40192
1960,36855
449,37745
207,48900
302,25703
581,20261
697,8685
628,32492
782,22859
403,30632
520,41067
1595,32382
84,38317
975,14125
1775,1698
1538,27928
209,2157
923,46721
1985,17272
1455,14048
83,47603
721,27694
204,28759
1061,29485
374,15717
1837,43852
717,41062
1934,7445
1919,16929
58,3121
189,47355
379,1215
1338,37811
1979,17082
885,41977
658,23625
557,9622
816,20183
1432,18928
440,30004
1179,13298
743,14814
1834,21721
1116,2875
1027,22458
734,8937
321,41906
36,34143
1963,7972
503,41534
792,21720
45,38199
1010,33320
1972,30887
1949,1200
1085,39033
202,31528
1728,42507
1038,41936
1132,45372
1213,11342
1484,7000
1673,2665
1569,23582
1540,46111
299,24172
1766,34783
98,28247
452,4841
1669,43263
1463,2712
1611,46680
1209,28161
1562,23070
71,27279
1415,39471
1471,27841
1547,36159
1522,20878
1162,21224
178,40993
8,20539
503,1296
1231,41123
1970,10869
1950,22413
333,15848
1901,37505
1586,48341
1466,41824
452,21975
942,12379
400,34582
1641,39234
75,26341
613,38487
1970,14623
118,2631
364,34087
979,17356
629,44923
868,41844
1247,39615
957,13751
1322,38651
1363,28677
506,15315
1507,48145
565,4855
1190,48737
1585,10357
248,26051
822,46775
802,34170
498,14455
835,21607
1216,7650
599,48623
1088,9993
1044,46903
513,13596
845,37073
1048,45744
1606,46131
1583,44309
455,17104
1718,47111
1263,23140
1384,40669
888,36989
1242,29262
408,26850
1674,25277
806,29152
1060,33613
151,44993
1357,6285
1854,49435
684,26388
71,44793
1537,14528
1074,24409
702,7336
1512,44341
209,7686
520,12687
372,9998
1010,6809
690,34207
155,45946
1203,47797
532,2745
274,17055
807,30766
1845,45927
1043,27693
678,32528
74,37397
619,24079
1393,36506
284,18252
1015,14630
762,21859
240,30554
560,46842
138,21956
888,1562
799,7585
1233,21796
536,9226
1447,22951
43,15503
1582,19719
1725,47230
1158,11679
685,49015
195,12435
899,13809
1406,29021
1651,2326
847,27285
945,16465
1202,29598
1508,31207
584,8584
1753,37002
1153,29189
1928,39287
1960,29017
201,27898
1445,35286
1616,34863
406,36031
349,3229
1930,41816
1385,45213
1550,38406
1413,1394
1035,8322
1248,35197
508,8734
976,26284
756,49258
1237,29364
243,1186
145,32154
1784,12921
51,9939
25,40067
515,349
1476,25801
221,46721
289,38740
56,24036
1619,2346
1267,38452
1896,29823
167,15329
401,32548
1173,36425
184,22382
1464,4815
628,18551
1912,48303
321,46181
180,45604
734,33315
969,649
1889,26046
1266,37230
977,243
1299,36139
1500,2084
782,5980
222,38278
483,48801
1359,48780
865,31921
37,34055
1581,32509
1505,5497
1911,2368
1608,10805
1832,44085
1547,25987
608,18887
250,7962
1867,30141
788,776
271,14780
1994,8293
1431,38346
596,42712
486,4308
358,48481
1803,200
125,40574
957,18952
1023,14661
1526,48755
1155,35502
700,39220
1282,40849
1691,4703
1399,24840
1452,5129
360,30558
457,21684
61,3556
1739,29400
599,37549
1595,12808
518,47630
792,14980
1757,5864
391,35094
1323,35906
696,2972
256,46184
1499,25292
1555,35214
752,1233
1878,14290
258,38021
1733,19547
1623,14904
998,44881
1007,1447
1545,46906
1383,8279
739,35259
987,4015
1719,23712
1593,30501
1576,45387
1522,23939
609,24246
269,8326
1121,34875
1910,7935
1647,19676
777,43349
308,14755
185,37450
559,14941
195,3996
1906,48447
633,2337
280,46760
1715,13273
1315,44953
1861,5548
695,10032
1433,47627
332,38071
763,11165
1473,9501
282,29763
1890,18460
423,11767
147,24890
596,11609
1389,15423
1264,19186
1718,38734
114,16048
1188,8429
266,17451
171,3206
182,15429
1505,14111
501,27010
1919,13111
1099,31564
400,48619
1215,29536
1831,41525
1629,31355
796,6443
684,45723
1911,8695
1993,16498
1668,48863
1104,44835
1895,17132
259,28774
955,6507
918,12514
1309,30653
1930,24935
1307,6826
1885,25709
1142,11321
1710,33252
448,25168
1134,10006
1098,35254
1129,32372
808,6867
954,21965
1343,46705
1713,11090
423,40851
984,43645
691,17474
1431,21625
1746,23143
1777,2801
882,31739
1814,17630
1448,24684
1149,5487
272,13900
539,28834
683,21570
1766,2815
1700,30396
1201,44094
490,35857
916,45218
939,24654
122,34205
1088,9733
21,18157
1182,19865
1331,34680
1962,44198
1319,42246
5,9325
1183,42113
189,6749
1482,6975
235,39415
853,38847
767,19321
642,30366
513,13639
393,8260
1213,20774
741,37709
64,28766
720,47056
189,15355
1683,36150
1615,4047
1301,37867
1637,39409
1980,35689
728,26291
5,33312
1045,10708
1834,6440
196,46031
1144,2835
1038,21300
343,23875
910,33421
1711,5477
1632,21665
1040,20619
1839,25379
1026,3688
1174,11076
1580,961
1808,18970
797,36447
1246,34710
1488,39475
1918,25262
713,7267
218,16512
1519,10636
453,22465
1462,47312
1424,22458
980,8180
1092,14352
1089,47177
1606,46557
1753,40568
532,16476
133,16746
132,14350
1311,22457
1660,25384
1228,44981
677,26495
1039,29872
691,916
1598,7445
944,17843
1751,29776
175,8133
1496,5353
497,49732
1139,13870
1336,4080
789,21384
1635,28422
1929,46421
1903,22998
733,47579
1593,19489
597,33824
1935,35573
52,28050
416,27706
956,24949
1521,2794
720,18101
755,46612
1338,22811
374,39301
1197,30053
1740,42400
1097,13372
1365,36949
224,1291
369,45690
585,47927
1072,47311
135,6061
1328,2137
348,31486
1075,13329
1589,27894
1817,49776
1671,24151
76,8766
1103,2342
1459,48254
1387,9703
179,431
1112,43815
1365,26279
993,27906
1973,4979
1536,24399
359,29316
496,26567
562,4166
409,31436
655,47600
834,30409
882,49215
1399,5966
624,37807
1549,2452
1763,22204
1070,44085
587,47441
137,6105
393,38063
1743,12046
804,31753
727,10185
1791,24489
1558,19550
1124,28974
142,20521
1359,44239
370,13231
475,7241
941,20047
234,3251
468,22717
1277,13825
1268,21467
609,45002
83,13948
1719,38821
217,17933
1231,41049
377,27127
1186,44946
146,43873
1698,14044
460,4922
1839,14463
1100,34175
1745,38384
184,41497
23,13986
1614,26252
1979,9943
1119,7148
1263,48274
1879,46835
1569,19779
927,10604
85,49338
264,30684
1514,20896
174,40025
670,22285
1138,6307
1597,21255
985,14419
1596,22380
482,5993
188,12627
783,41204
1374,18182
452,8088
1183,25854
1584,42871
385,43950
210,9006
1024,20323
1745,1554
455,45520
277,1205
1700,40525
572,29637
735,25716
959,38555
301,39887
921,27657
1993,27775
497,5963
562,28675
1375,22981
277,12529
528,6826
133,590
1671,21868
1776,12663
1553,13351
9,48935
398,9403
791,13104
971,34426
1730,24859
819,43856
664,16131
1323,25962
1622,4581
270,14766
1051,49572
1503,38609
1525,38962
1855,41182
1340,13593
120,25097
522,32163
1289,17760
1819,10607
23,3256
499,41615
175,25976
1900,40266
500,35845
1494,34465
1469,46670
965,43915
190,39807
1411,27044
1958,4213
1465,13492
584,11506
1564,1743
358,32181
1935,24475
1619,45812
1843,49032
1579,38550
775,20611
1410,10308
1723,24994
1542,16889
1764,35038
457,37257
574,23850
25,10755
1996,23107
1900,42566
1423,35677
114,40501
205,45019
1684,45632
749,47043
1229,17313
221,25151
111,27848
103,30572
1783,8362
732,49425
1619,15171
1882,33106
887,32027
318,22152
1531,14899
122,42290
718,539
1613,27124
1895,38536
1029,10182
1430,29306
667,20847
1889,39832
521,38812
1387,10217
968,2712
70,5472
620,49722
1806,34146
1256,19695
278,42135
1073,11909
959,20956
460,37264
1765,38797
1006,37189
441,10056
266,48075
617,32905
1912,39660
1747,16245
1685,11465
1453,26486
1022,39394
683,27617
1293,11756
577,33941
1462,22376
1021,35057
537,35712
49,18802
292,3873
422,33321
178,4851
1770,9582
1784,32934
107,40179
1387,16954
96,46924
204,25033
1998,34206
1176,9787
1418,10433
647,39503
707,15107
1325,30178
191,22308
52,5248
865,32297
1152,49509
131,1743
1754,18322
1040,1394
1486,30427
1404,24311
1146,49980
1155,5087
1371,43584
717,23756
1439,46872
73,14056
201,4732
318,5295
760,42698
1719,18178
1034,17606
369,46545
1225,6053
1062,25140
213,10956
943,7993
1927,26884
653,43500
1267,11029
1227,19714
421,32755
1537,31525
143,11357
983,23487
373,49667
1883,11741
513,6123
690,47939
786,19538
1030,35219
1779,22184
862,12880
1198,36149
1134,46637
1045,467
271,35605
1262,44577
515,30948
449,31414
972,12109
1,33307
1181,282
916,28844
1766,25092
907,6279
723,6017
912,4968
110,44354
1462,6247
735,5203
1758,44917
1335,16088
1230,6868
191,12409
1588,23609
1766,22967
288,15279
1113,25354
920,1176
418,44537
1167,26082
1059,18992
1494,37460
1632,31716
387,41247
1585,29465
1605,7486
1507,7317
1256,26808
1973,47234
222,26739
1626,23332
1584,1883
1988,10182
927,41885
1137,1294
1009,343
142,7274
1392,17474
353,8740
1395,35634
1267,5128
1857,16085
1894,32541
504,735
230,27682
1640,16489
869,7730
1374,48962
167,38481
1242,3610
1567,789
1007,16944
784,41595
104,35461
1903,24996
803,26635
1989,40779
20,49731
287,5049
1578,20604
1294,33380
640,9289
1370,41873
1229,31578
541,39213
1781,24605
1582,8328
1880,6785
463,17860
738,16050
555,6855
132,18410
1533,46665
1345,21678
1211,6720
1166,15794
616,48902
191,22163
1820,48561
1784,47220
1877,2249
1944,37798
792,49171
1166,22272
570,45538
1858,49015
320,409
863,15104
829,12960
169,38962
1116,14038
1667,49427
1604,27124
914,7917
97,32120
550,48041
159,24867
1929,38932
1839,34896
903,12369
1909,43157
1723,27346
1185,46645
1008,14296
938,950
294,40042
1712,17894
1267,13848
114,29018
456,30375
1358,39781
1053,8563
549,2646
82,13212
427,19926
1080,44408
359,49732
1988,50006
583,10750
677,1614
1393,24211
1246,7604
396,1452
1331,10632
1135,31349
1274,31682
43,22164
1452,20424
273,33054
227,7983
388,36932
255,17638
1598,18061
1151,4158
889,49952
1875,28831
1859,17893
1551,21931
1096,40433
779,17873
993,16025
1101,32872
1050,5991
1457,5196
1746,9565
1560,20065
1032,18682
1905,5211
475,28876
655,34570
473,15652
310,41136
1004,2189
501,42310
1639,43572
1926,17701
1309,21431
378,45646
187,14732
1222,28974
1902,43672
933,32167
1288,35575
1864,17061
568,39346
5,36072
721,48024
1594,19129
1445,28791
1356,18684
1587,35217
876,49485
1312,26915
1356,12083
1671,37335
558,28548
549,5544
735,9490
332,9083
181,23
1369,39319
467,37572
34,20203
459,3606
774,27631
1847,11896
368,14074
196,1807
1687,23929
615,35425
274,48016
594,20699
1535,43737
1162,29814
647,18738
971,38308
1758,34525
127,44498
1739,41936
1300,45001
939,33200
1622,48466
1749,6993
1378,40091
1208,34402
1451,39666
1313,8249
765,11642
1050,26191
1722,9997
1929,842
181,46575
955,46654
1611,26197
654,13021
895,41616
867,41385
564,26261
1606,17344
1050,41490
1548,12439
1805,13336
638,49517
1011,3239
788,15155
1181,18811
1189,16423
1447,24243
669,46146
578,7304
690,30892
385,20876
107,33669
1216,19650
1055,32634
1531,2049
1089,20663
772,41985
1056,9552
1566,9080
203,1877
804,14776
574,15167
219,29163
531,12994
1399,41883
1603,2131
630,2471
1510,11065
489,39020
1699,32464
1189,45620
1670,11595
1468,20551
554,2091
874,18128
928,22203
1226,18596
1495,37631
1816,43251
1038,43931
1325,31153
1416,109
286,17642
872,4313
1635,49873
309,40107
1941,38418
1277,1757
1097,47086
1872,48758
1413,7483
403,47507
1683,13391
990,2941
69,6377
1773,48593
618,36815
1709,49625
968,24697
1993,38015
285,3194
596,14749
1819,34887
245,23703
862,43976
1115,38486
1397,17696
1374,13344
1040,36384
597,14301
260,19005
1635,18717
1818,3211
1833,33032
1602,18336
1859,33172
184,18425
1822,5548
1773,41067
1259,2606
1969,20435
1296,29626
244,30235
762,25919
149,6853
143,47370
1430,13470
1736,43614
1180,46095
1034,604
1857,48383
586,11642
1988,10589
368,4553
852,40189
944,18457
489,13078
1455,49126
172,25453
31,25343
847,42862
782,8760
1520,40340
1711,49275
777,6654
1040,15730
793,14201
55,12504
1524,49061
406,16871
613,26790
199,43916
566,38391
925,38452
1827,28650
662,4884
1480,32990
352,3611
472,12754
1006,20
708,8499
1850,12988
670,4282
195,2237
1675,16070
848,7334
558,47486
1087,41856
1818,2630
1149,30990
1955,25725
422,27627
1056,22551
826,36137
1660,44845
1009,326
1805,45146
27,33512
928,41520
1694,26703
1686,20939
1698,21142
1857,15922
548,16222
519,429
1944,16368
58,38889
905,45267
1068,48045
554,5753
1381,9224
1380,35704
46,45912
1630,23186
430,32036
1316,40489
1936,12132
963,32190
1497,11731
1995,9735
585,43700
1476,15980
92,18704
1227,33922
40,3402
1934,1104
285,1517
608,11929
530,9102
166,37171
326,32867
1944,20473
1876,36163
1870,17927
923,1589
1419,40422
1029,33768
1992,21493
172,12862
811,6353
1185,3766
1233,19736
1760,29905
1076,18533
1777,36
828,7361
1564,35859
1653,17859
1445,45616
441,16140
1538,26245
436,49205
1426,27719
653,19477
1597,26287
1554,6964
682,22967
262,9760
1009,40734
52,5087
1406,42603
1,27777
1810,48148
775,3565
1947,17738
770,33559
1304,23487
1150,24130
41,19789
953,19999
23,3131
893,30834
2,46623
809,3144
1791,9988
46,44157
457,39798
312,30320
1676,3953
1450,1848
1865,45754
165,406
1655,71
1904,23867
1469,31817
1215,21134
38,183
469,13607
1200,24596
1242,28688
1770,22640
1193,33426
1395,8920
475,32196
1102,22665
1734,31398
106,36794
1307,26415
155,29300
235,18202
1211,24095
1220,39163
107,8598
1966,48728
356,28503
318,9366
1309,8908
1630,29055
1057,36552
1965,7817
1032,2416
1372,8618
1519,41482
1388,12254
757,1347
918,7241
300,38825
1844,4572
487,23755
488,18266
1709,9124
1110,39744
611,47183
1064,23213
1398,22387
341,38630
1877,5730
1103,42266
694,17159
1224,18869
431,30150
372,25120
943,36861
298,11128
1484,33558
903,7154
168,5690
570,19842
769,36326
591,12248
53,12934
1938,45698
1526,11944
1434,47540
1695,48387
1971,20854
1943,5718
743,16627
925,40361
168,46499
1311,22371
1787,8060
229,40767
1800,4381
170,7000
520,30165
1127,1179
1027,39559
331,45280
235,29511
411,27104
662,29442
1605,48359
1188,27724
1720,49974
1841,21272
984,42727
1399,38719
1460,8375
205,40766
428,28327
1802,42157
1936,42273
1662,21859
686,17703
1656,41471
1612,12700
431,3036
1238,21197
1617,10514
533,2324
1693,12828
1720,17421
307,23915
1560,35685
1704,27230
390,47539
314,33976
1075,47811
1445,10651
169,6752
1452,14620
996,31289
1333,44230
552,20215
1207,23130
634,43637
1269,1172
1624,39997
1279,45934
1170,16923
1528,37610
214,40705
1474,10323
486,5211
1572,38114
1344,44402
1188,24921
268,12929
1843,42494
1265,25433
799,41331
256,37754
797,49130
751,49890
302,13434
254,33389
767,4773
1426,1687
753,35274
859,46609
213,43633
1683,29115
711,14592
1259,798
968,48426
305,10768
1534,8238
407,40646
1461,24680
1799,20293
1390,830
1419,22401
1948,13581
375,24756
174,364
408,8358
357,9436
711,26638
61,45298
1783,47031
1874,45999
946,22669
1395,30000
1522,14614
1210,11592
1178,4702
20,30090
90,18251
1513,41416
679,34591
1518,39617
211,12183
1091,35099
224,38382
1040,9763
1162,30021
182,42499
1890,11299
1421,7682
1863,28771
729,16326
60,44038
145,23802
938,22670
119,10947
912,30423
1604,46668
2,6976
1026,17409
1883,37795
1006,21796
1074,27975
1140,34633
1818,22448
219,236
1103,10631
1391,38685
776,44239
47,40148
589,20591
82,32928
1743,46202
62,47485
810,28980
990,16573
1425,19920
1275,26643
1395,10994
1537,2164
1874,35491
511,46960
1518,3955
379,7694
462,379
871,33375
408,7409
1032,15950
1915,28603
210,20105
1494,48140
1989,40167
1328,25614
1227,48610
742,12462
67,32733
1338,1190
621,21393
540,2992
1709,24611
610,48950
1802,6559
560,19913
1268,25385
924,5282
1115,14108
1308,15322
281,18596
919,28530
488,35182
546,29610
991,12042
1306,39845
1958,22529
1076,49154
1772,8302
1207,23858
1052,11724
841,2327
1279,40146
1713,39907
539,26871
1927,35004
1417,31643
1396,4599
1094,15301
198,28734
1557,31117
716,6952
1179,11325
754,16873
1582,40045
918,7828
1070,35363
519,39030
1660,11784
399,19267
172,41435
620,10357
1574,41705
85,46804
294,16005
302,44998
606,9468
79,21996
1687,10717
933,11120
1526,24609
1338,13278
1428,5327
58,21289
1224,36466
489,6948
12,27514
1583,25577
1565,19934
255,45948
523,47309
1838,26887
1766,2416
66,42793
793,16059
920,7851
136,32941
317,10162
1721,21329
1993,36020
148,18759
1557,9522
805,16713
1155,3251
1277,9221
291,17603
82,27547
611,47439
602,11289
366,15748
302,21526
511,3694
1891,36473
580,10281
1479,44061
1491,18742
361,16835
1408,45193
24,31130
1819,34667
195,47978
1517,39824
1183,25825
254,5794
1892,32537
1755,33010
88,5085
71,16329
1817,13108
1867,21542
272,32567
556,7776
1389,26039
187,32765
193,592
737,38137
1858,3688
1800,36186
1906,35482
1129,6847
917,8825
591,27406
890,14489
1850,34765
957,18729
1667,8395
480,12866
1046,47565
769,27015
1240,29921
342,12206
1604,33039
1761,3354
591,26557
1709,46086
744,40011
314,1418
23,19488
1042,36781
1148,98
438,31495
1754,17309
401,2192
1171,5407
507,13112
1023,40882
651,18978
1572,21221
1877,1412
1266,21166
382,40331
1605,5186
308,36038
1312,41407
539,5492
1073,7318
285,2742
616,14399
449,29816
821,2508
1623,6119
289,4259
96,42338
1513,32117
1980,2221
1875,36579
891,47073
186,29438
1411,28985
177,5243
1532,36671
1376,4480
1484,25682
666,31857
298,17961
314,22890
984,39054
787,31773
1052,103
304,11852
772,39900
1777,38513
1885,43616
397,34320
817,33906
1144,40188
120,11989
1471,40692
410,21557
881,19070
15,10138
1187,44174
772,33467
1628,6190
1877,39340
947,18710
1250,11036
1264,46150
351,42912
1278,5512
857,40206
1501,34456
224,42478
582,122
285,28655
760,1864
291,1883
682,19574
6,21332
1893,15919
705,2035
1905,4574
888,34121
1398,23072
1709,49300
749,40680
1316,9097
338,11225
111,46929
230,2401
733,48893
1315,1856
332,9922
1084,47661
1167,32790
910,14618
1040,46202
1552,10470
26,26696
409,11288
547,18315
1,32097
1177,35055
345,11726
1319,41347
758,48845
1836,36075
636,9987
93,21923
1466,45955
527,20645
527,3087
73,33820
734,12459
1407,17097
922,5272
1234,15317
1265,40090
1611,20933
664,18731
1070,31293
451,23888
529,1373
1836,27556
1475,24990
947,21971
1271,5319
231,36759
1214,68
1959,6337
998,28257
693,42588
618,36804
1368,23749
1676,28328
1412,44741
1317,24952
189,1324
98,7080
668,14456
1433,8403
1848,41867
115,4513
189,15345
459,26555
548,24958
205,35481
1858,13228
1648,4385
474,35598
797,45647
679,25271
412,46116
1856,42368
451,18421
1179,29744
1513,31277
359,16570
991,36970
720,34914
1487,25350
352,42702
937,7665
1770,20825
1841,3764
299,41091
330,46402
1844,19550
736,30569
1988,22086
1392,4390
1318,18887
448,11265
384,43092
423,45362
1651,11597
344,5589
1854,40171
132,36031
1503,26420
1851,35782
1187,13754
1267,1138
1154,16822
1779,15746
1123,48529
37,9606
332,27224
1101,26883
431,37143
301,34443
568,5005
1993,35835
451,17296
1837,10486
440,10982
1557,47380
1523,30192
176,21217
1250,20377
672,19592
582,2775
1398,5552
217,27223
1991,35196
148,48852
347,16950
505,36141
1502,38321
813,28567
1588,44213
1320,25899
1809,15171
472,12201
1005,24146
1474,43426
1838,9167
308,10342
1656,38940
1568,200
127,28089
1446,46779
1858,7486
783,9076
1654,33729
617,32752
1887,25186
1463,1272
718,9318
1510,15382
406,22012
1042,38177
1413,39812
1473,25482
288,46633
709,43998
513,6920
972,28397
1920,610
1412,35191
226,19003
1628,14466
1206,18782
1224,10498
1177,358
279,16632
1037,24119
1601,36170
1794,346
1735,52
1096,13332
84,4107
1417,2452
273,17168
369,9535
1680,25299
654,5599
1300,14393
7,29964
1622,35277
128,21817
1999,12690
1304,31816
275,14494
1827,9825
513,19760
1369,31670
1360,23912
452,23859
1472,33734
1008,39589
1483,43930
640,49238
1420,39007
1790,43649
864,4338
1763,43841
1695,43069
626,33811
439,2728
1790,43943
1177,44670
383,2501
901,40635
1316,13083
1497,38253
78,42384
1527,38185
1864,47260
11,41919
385,13034
617,7136
140,11148
710,3805
1798,2380
532,12966
1698,12519
1290,35149
1097,8010
488,1241
1524,26883
561,17062
319,6371
1971,27983
1736,44833
1269,21198
1376,42117
1242,5581
1694,40716
317,36246
151,43310
1115,7522
496,49943
1911,44059
1107,8894
760,31180
799,12752
393,12610
1780,40027
645,27765
1854,5259
359,24991
708,31740
1056,38604
945,36119
769,49573
557,13
526,41453
1135,43833
1933,41802
1687,19013
735,49857
1592,295
1769,20893
1597,16186
665,20547
983,32485
1095,41053
1533,17586
1168,29190
1915,21031
750,6209
1995,47794
815,11598
899,23978
1906,40067
1217,35936
1844,12247
1306,10727
208,11795
35,10653
324,27681
142,17796
161,11646
789,44926
470,26972
1923,32377
410,11293
1090,14044
908,7578
442,11131
1805,20380
1315,46270
1609,38659
877,10832
296,3416
495,49350
433,22297
1012,8429
1028,43854
291,11631
238,32349
784,26894
555,9046
1642,25600
49,43186
954,1214
1614,22368
335,48693
808,10126
1799,42584
47,32385
1367,26000
1525,5909
1627,2366
516,28909
239,23812
584,38308
1836,6362
43,33994
202,38057
1887,40411
1943,46104
27,39817
1076,22333
748,30685
854,42683
1381,13661
1558,33970
1679,46623
1681,15154
13,23145
697,27055
1956,48337
1154,11102
1344,36582
1279,4047
1601,5032
1819,3589
616,9190
1936,26160
369,9463
774,41557
732,43366
779,35074
1240,1891
1466,45336
1167,48918
1642,9800
1572,34393
990,40912
1164,34064
1638,31306
102,45692
694,39552
219,13787
164,18577
351,49710
1227,35664
1121,10329
599,48032
1203,48053
774,26274
1411,40642
1932,10715
1182,37989
92,26626
39,26980
1140,16725
1111,16209
712,725
905,44209
973,5832
630,46513
1787,30290
1049,42669
1123,1797
1676,20959
838,2436
746,39434
293,40332
1249,37111
1466,33455
548,6609
1297,37483
1314,42825
298,9941
1768,37327
207,13656
1673,30939
1026,17556
474,35975
1972,38378
1421,47332
1909,9730
1134,42430
406,36158
1188,40271
149,47974
1246,2041
657,14719
802,32095
1469,32736
1083,5254
1871,18251
1940,27530
547,40071
295,13219
970,19653
413,1176
1454,37455
1957,27593
708,29204
108,38901
1260,39142
363,18635
1956,41752
249,24286
391,28999
1158,24868
1833,27908
1465,24450
1841,9406
1456,47187
1909,13239
553,13595
277,19066
1389,41063
1656,10418
559,1388
730,40294
447,7811
1717,38713
1525,20590
523,43548
613,3882
597,9027
336,36763
36,28342
652,48119
1884,26871
826,10861
978,20646
1804,29733
1678,3695
1408,6149
386,43715
415,22304
1914,47611
123,8516
466,27682
650,41599
1239,19440
1748,16810
600,29418
504,26375
722,27289
14,5260
839,48368
573,46041
1153,31093
1768,43798
1772,14039
560,29874
765,15816
1566,32645
1125,9466
339,8779
1518,398
1274,10667
987,2622
353,26700
1631,21442
116,32102
826,30272
1248,33984
1097,34946
370,2106
1112,43896
245,21735
126,47849
791,6869
604,43502
689,20523
30,41486
1437,19358
1685,17822
1928,9701
1942,13772
1938,15497
1868,35252
1452,21299
1901,4958
1726,16560
1404,22308
1835,41157
1901,32985
1488,44485
1878,2771
1614,28736
1142,3123
1477,11963
1237,44798
1510,24767
1722,42867
191,19405
47,38431
203,3225
1912,35300
277,10702
211,370
803,32112
677,10520
812,18259
624,674
1341,2793
108,31153
891,38739
1723,24951
691,4832
1312,44511
591,35018
657,38646
1616,47436
640,30770
1227,45647
414,46132
1426,24978
388,8773
1240,34689
476,21576
1007,7282
476,21975
839,7624
1591,23796
1242,28918
143,48141
1091,4404
909,25940
628,42572
1112,44826
374,25429
144,34456
1782,3369
1315,3352
57,41998
701,16
490,24192
867,43476
1187,17698
1072,15357
336,31947
97,20542
1642,48000
314,6428
1748,20255
1599,43635
1266,24616
696,1258
638,35313
1448,46294
36,28094
1451,19740
1181,40005
1920,46060
517,30234
1938,6162
939,9415
950,5752
1922,21414
1617,33680
368,48246
117,40714
1438,18805
157,42946
1069,41236
1159,42790
972,11619
1670,35862
1232,25966
381,19106
1006,9725
253,305
1989,19897
1354,22977
324,12181
1177,30261
1637,22367
1149,16087
1193,35635
118,31557
1302,46598
1107,13772
444,7825
1763,18816
950,35276
928,10806
97,6629
682,8067
1725,28439
1368,2718
48,21683
667,35881
1168,6235
1344,20493
628,7787
1261,418
1597,2380
1194,38796
342,25168
1101,23737
1825,29180
752,12946
213,26791
218,22820
156,12096
871,41675
1212,14046
40,46205
252,22594
1403,47968
1620,48529
999,11232
887,753
1798,6454
1419,48657
1651,6939
1893,13087
1632,29479
503,3806
1903,46962
734,30220
419,47301
939,48251
1721,46642
1634,49020
924,28725
1450,47246
1437,48027
1183,18323
1428,20657
1848,42107
375,1130
1220,20688
194,1875
77,8837
235,38000
420,36206
1329,12290
1090,11477
387,20612
1126,3471
222,19750
632,36502
622,30161
199,17898
269,16658
1851,453
573,30643
637,6194
1683,7971
358,43014
563,41677
1553,5088
1556,13723
203,13563
471,28706
658,21737
570,10582
1645,10837
1182,7739
17,15886
1830,19463
88,27922
430,5240
237,20294
1278,38841
629,11075
1852,48705
909,25721
1551,34567
1016,10380
887,46072
529,7301
1246,16199
973,45207
1321,31987
1459,35768
1973,5370
460,49049
695,7954
1690,3388
1602,10741
1121,21080
1284,21476
66,49421
1222,49415
966,2556
741,15364
1862,17744
1167,46514
679,10374
1417,36452
1555,16435
810,20100
1240,33372
1680,20962
1021,4118
1683,49503
1250,1036
331,49377
74,17420
663,42475
17,35242
1386,47581
1776,12896
254,8126
520,16312
1433,5088
1240,3679
360,10234
253,48567
1927,24069
1635,33657
1378,48113
990,21924
1974,22280
998,16870
1402,42468
1899,10382
1747,47276
1824,43861
742,18552
1276,42129
1710,10151
1024,6411
296,46213
554,31577
83,20060
117,26960
521,27252
1928,14800
1949,15954
1523,30788
739,21786
659,29668
819,31304
1624,40168
1538,47076
1945,10048
13,29563
1809,15232
460,22828
817,16907
1468,42695
738,2504
1403,19552
1978,24186
1173,42043
625,9719
270,19778
121,30398
138,41657
1065,11880
1422,17104
1050,17153
1094,24412
977,3514
1549,8128
820,9140
697,16362
640,3644
1341,17105
731,18820
1644,17976
756,16635
525,18014
931,36323
12,37844
640,23022
795,856
577,1105
1246,9623
313,48802
392,43986
1882,28381
588,23330
559,42761
1065,24511
383,17431
519,3
853,43815
168,31155
990,32604
630,11006
1042,39329
248,1919
1714,21358
635,12670
160,38593
198,29859
424,33442
1805,43912
990,14822
1525,10866
707,6809
1766,17627
1329,7490
1916,34715
1642,38324
860,31087
1660,24813
607,19855
318,34508
1727,14127
1534,37076
935,10125
760,2881
1027,35860
1553,34537
521,534
1370,46246
142,27058
222,11522
1435,34352
780,39097
90,21462
1730,35069
250,14674
1932,36523
1967,14301
905,49052
1550,14452
1635,11213
1235,5192
707,27172
303,7517
850,8245
59,34739
956,8755
1618,48685
1839,18332
1861,17163
1266,25523
1508,35899
1452,7285
893,37331
1719,38647
1459,987
1173,25018
503,36966
1320,22934
297,13698
686,19695
1036,25811
372,43987
1182,9918
1187,7730
654,32573
424,42147
571,37353
1876,27560
1028,26482
1706,33566
905,17343
608,28699
1921,19011
598,3399
967,1521
1565,6547
552,23912
639,37466
143,6582
856,30852
1176,48010
699,25967
1923,21953
1851,12653
1152,22087
447,24410
694,29668
914,7898
1419,48946
867,22538
1057,23367
1905,21830
318,25881
416,35741
1657,19728
439,6003
1660,46258
707,43948
1446,9664
1113,49186
1816,262
1272,4279
1108,9635
781,29737
1253,26534
1802,39772
1209,30558
476,19826
1789,43611
912,28162
1817,27800
1487,25405
1566,18310
527,24217
664,38281
1277,12670
1594,46766
937,30069
1453,20921
1609,35068
332,21919
1705,26652
403,177
1260,47317
672,41601
1613,44367
515,28140
1985,44237
157,757
1822,5037
587,45723
115,49062
1637,18727
1970,7033
291,28127
1549,9429
1840,9410
1326,26943
1946,10534
478,304
582,29442
473,46134
1203,27276
405,16018
719,10538
1488,44015
677,27562
600,6876
703,48246
1558,4601
1661,20356
271,992
58,3737
1558,849
854,21668
1522,44781
1149,36556
1062,22516
1666,40001
1114,5820
656,37513
1853,16760
1535,42336
1145,40195
177,8871
5,49354
1166,12243
1654,26449
307,39849
1981,1796
1766,12781
1280,35539
159,24695
383,18100
848,19943
829,24257
426,20955
102,4273
298,49829
1785,23677
1125,24864
588,12739
1366,32031
581,47813
1201,1017
80,32098
868,27171
556,17470
1456,9636
129,48360
1393,9514
1741,9230
1998,24965
210,44864
1862,29668
1895,17372
365,4767
993,8539
277,17227
679,22831
1897,15053
1078,49808
1369,42904
1190,35916
456,33553
1,39009
1369,31505
1674,18619
1043,44777
514,3265
1995,30315
1126,3567
301,42167
1862,35622
1712,7058
582,20761
1483,24063
819,37440
1668,13862
17,5229
1050,26018
968,32932
932,44743
1901,45329
953,35446
1536,11862
143,27181
725,2527
1714,27502
6,1403
1599,21019
742,22446
1213,25443
250,47120
1871,8230
1740,21622
625,12372
1956,26820
1898,16350
1964,15071
721,362
371,7372
1730,1311
255,14740
1148,4667
1242,37472
1921,31374
1596,21309
850,24428
308,47564
803,26614
591,16207
755,15023
182,48387
1236,29303
1277,3525
1471,25216
98,40984
1997,5466
296,9972
699,26919
734,29676
1810,18689
1006,31954
1070,3212
779,37156
1462,1689
26,7005
530,18279
800,3717
91,1289
888,44115
205,6591
1046,31221
1834,23305
1847,12898
626,19052
1935,492
295,29101
320,11602
870,4028
1519,49051
703,49360
1957,2387
1545,34093
1878,31154
976,33638
1647,21995
123,22128
1488,40470
18,31720
219,39448
150,1486
1297,19661
1794,26575
213,38290
1622,21910
873,7838
1724,46492
1287,14767
1080,39058
10,35129
1409,1293
1813,48118
1110,11177
587,21302
1477,34292
816,22142
1380,3404
637,615
185,31845
1877,26195
1889,44646
1339,35571
335,31153
2,32569
389,23045
1903,948
1431,27223
1247,14564
157,48594
986,271
1916,4922
323,21072
884,35403
117,36575
1199,37365
47,33052
612,5473
1395,36802
900,26690
55,20058
74,23045
1438,14447
639,33532
27,31459
1163,29915
441,35391
936,33013
1760,44385
1219,44370
365,48898
634,46749
1524,13852
1466,36046
994,20873
2,32036
372,17246
1412,40763
1998,30908
1531,37486
6,9043
817,34633
753,2280
1787,17652
1446,2889
595,33648
577,2831
1751,26993
1615,43949
1127,29249
1847,31433
1431,22131
344,22840
276,24014
346,13218
1,39517
1547,1415
1534,4667
1314,16226
691,14363
1524,40960
68,18987
261,39960
1358,33966
1666,35072
82,18335
14,43556
1895,38444
1198,29371
294,2509
794,27839
680,20674
1361,36309
921,34066
1761,46011
1882,38596
1743,47889
260,40114
228,18852
642,44406
31,42947
584,12017
42,15063
1385,5797
766,14276
1848,31822
305,24066
1097,40354
151,7884
416,6039
1951,2133
1233,17301
1991,26788
61,16629
536,21702
265,49749
314,666
1385,8904
1105,47220
299,5310
1457,36273
194,28077
660,2257
1845,41462
399,30142
1154,56
1029,10318
1374,30814
280,39198
1771,40256
1117,19379
1100,8056
1088,43129
420,34668
1095,8862
1643,32972
909,4417
1270,8377
547,41414
1733,30232
1788,31325
1737,28345
561,38467
1193,45437
428,39067
1140,10899
127,15224
1411,46059
607,44492
278,31222
1386,7669
827,37705
224,41907
463,18986
372,27655
707,38680
72,33799
1199,41938
1304,2025
543,13462
1220,2792
1952,14869
1495,10540
1321,21653
1357,17606
1434,41693
1537,32837
1640,45116
929,48368
1475,21869
376,33453
1771,1003
465,31957
966,25621
86,35259
613,41080
188,12315
241,47206
1559,48762
879,714
98,26563
959,20425
1489,23933
611,17310
963,42936
1628,14420
669,11328
286,5444
471,29081
1891,13156
132,3589
557,41749
1445,9451
1220,28395
102,8446
201,35070
1948,45892
212,11193
947,34426
1865,47983
478,2732
1010,9121
1521,2831
1996,27945
79,12051
1070,15958
1010,38325
1364,47467
1779,49220
1808,33458
53,47365
1103,45338
1453,20745
1939,3818
253,4102
1310,2254
1169,9167
1233,46539
712,3853
19,41807
249,39234
1767,45209
739,42196
264,46644
927,5804
1218,37775
885,40537
84,16171
688,4370
717,41788
831,32626
1253,10006
253,20197
1753,26373
1650,13953
1371,24414
226,40204
972,18184
1935,19649
1503,19927
1955,14496
294,27770
1033,33976
1544,24772
998,607
1938,18332
787,47053
138,8636
617,24740
579,18096
1545,31633
1544,49690
977,28114
968,33018
66,15566
1065,23702
919,16163
614,32375
1248,37855
2,8361
959,4303
518,20769
1284,3187
1033,24241
377,33453
1978,11540
540,40712
16,41962
1498,38655
366,29018
940,33293
1414,9950
217,46829
698,38325
529,49726
909,29265
1889,13395
377,11578
242,46454
1528,15325
1897,49346
906,15706
1811,28582
1120,22782
985,45042
1087,45358
551,16901
391,48448
619,39096
838,45567
1165,28623
1594,38262
135,6298
675,42128
369,3708
358,37569
419,1143
1464,44841
618,37225
1022,7042
614,47350
1990,38584
1973,33632
878,38900
872,34770
1567,29801
655,47650
493,15615
1294,40060
1675,3020
1666,35760
461,16392
136,31249
857,37971
897,35759
1170,31683
165,3561
815,613
1552,38581
576,11340
1705,22141
1939,13772
81,20081
1429,7995
1019,3120
1010,45764
1522,5295
1746,4922
214,37199
1360,19080
149,37363
1647,213
774,21205
456,19784
828,36722
324,26655
1876,33679
141,30462
1462,28459
352,9972
466,45030
1875,338
85,16807
630,2538
1060,17332
1122,19122
643,8573
161,48537
1992,1920
1533,10187
941,25545
1561,413
1506,43750
1669,10479
236,16530
983,22431
977,40343
1658,47021
957,11922
125,21960
1211,11028
1294,16471
649,5791
716,15444
524,17845
1557,15149
1464,19189
1155,293
1157,1232
898,48849
1246,15321
926,14147
801,5888
1941,20132
1829,9288
18,26949
522,28045
123,2861
64,37034
125,875
824,18200
742,9947
732,17290
706,44045
1052,35155
263,36299
1660,23177
668,9440
1008,39675
892,16856
1199,23277
1759,25100
448,45421
1480,22555
953,39732
1618,15499
915,5216
1761,48252
1569,48580
652,36398
899,41337
569,12702
1520,39263
424,10709
682,2912
617,720
1013,35213
503,25551
520,43325
139,21395
1886,42566
53,23424
1083,17002
66,8963
608,3876
1065,26376
1705,19057
461,33419
1730,41341
864,46800
555,33163
1263,6722
1529,4216
728,3619
167,22706
1194,49458
1104,25532
819,10556
1177,47184
67,32520
1380,7805
1947,7610
1243,40091
1561,9456
159,9272
623,29822
1399,23486
1254,26762
849,702
611,44914
1806,37269
1752,21903
1517,24529
1641,4896
1333,46821
54,11404
24,1894
1256,49135
301,35567
931,30206
1355,24404
1397,35627
1936,36050
1259,8452
1589,38508
700,13943
1909,1196
1184,15405
557,14687
1530,25895
509,5940
1665,44067
1547,25510
1237,1220
1474,39138
1557,33612
290,31832
1122,8870
1662,6683
142,24568
528,24122
702,18741
1252,28792
62,21853
1248,31336
879,48483
1560,32383
1478,9246
1972,17651
730,19426
148,45152
543,3618
496,33779
1432,26746
1091,6598
1330,31579
1546,42577
1944,1866
536,46250
43,30533
170,33586
154,10375
776,25062
1192,33935
1540,13067
832,1860
1558,1621
1657,31486
759,13429
839,26636
1839,15244
519,49968
319,31809
189,39805
791,21057
881,25367
1467,2953
52,42173
709,8797
1522,32611
27,43915
301,49655
1395,3734
710,17800
1905,13588
994,11282
1509,48480
1884,13928
1700,38053
114,27458
1687,10258
1995,27860
459,33657
915,33275
1089,2033
813,46085
334,3817
1447,20229
1769,42392
552,5322
727,831
1003,13573
1065,35943
439,38702
907,34125
711,23222
183,31094
90,20523
1211,15378
1961,35815
142,25098
1762,22029
493,33393
1993,30510
145,16075
1688,23300
1166,14552
141,12866
486,16923
838,34638
978,7587
361,34586
1849,4698
857,17064
1089,17376
1982,22691
1230,14498
1890,13912
83,38551
122,49912
1240,11000
1138,4123
1311,13363
1914,36966
133,18156
1140,9384
1168,28927
1143,6437
1374,1199
1606,2556
1562,30591
1191,13248
1885,5588
1207,26452
144,40328
724,4307
1737,22442
138,44954
1749,33164
978,41419
132,26757
1437,17818
1120,33744
189,40093
638,11215
1465,24181
1718,11291
1082,5417
1195,9998
1975,10740
960,46906
426,17348
1048,47377
980,23739
766,20719
256,18848
1231,22794
1274,12192
1200,38000
1834,36221
769,148
1038,36910
1281,34740
1860,39154
1888,40044
1297,14952
1636,47947
1929,41910
1812,24223
542,18755
1394,9719
1736,37164
214,16293
1162,42228
554,43606
387,17589
1202,32788
1888,18238
1602,22869
1403,16337
1837,11452
818,28531
1819,18546
1904,16341
170,9897
515,47311
1810,10566
1076,6531
152,37293
1130,30271
862,50033
1717,24600
412,30960
248,23535
707,12613
1085,41216
1110,42852
167,23099
989,18403
1180,12240
908,6233
1390,9284
18,23256
1360,32936
1105,9175
766,47585
1628,47156
1289,130
555,23120
673,48403
1074,38356
558,14506
925,43177
841,11572
716,29601
672,19546
129,11078
1532,39760
1143,16081
200,32756
587,5336
1312,40502
1179,35966
1476,7791
484,3612
1060,42422
843,16543
39,20100
212,17044
876,45280
671,40680
861,37647
1078,17284
486,47363
724,39624
929,27385
1658,16790
256,25545
776,29983
1553,15433
1315,14873
179,48330
831,18325
568,32647
1513,26112
1392,42793
456,37095
1958,15798
1610,28876
375,170
906,22281
4,22275
1619,28736
517,40336
864,26082
52,14578
1630,6044
658,26444
359,5043
783,29522
78,17359
99,192
1389,46467
1270,33384
1578,5861
1193,28431
826,37977
254,882
479,5062
1090,8178
1355,48608
1168,8669
1988,13239
1100,35068
1363,14058
1366,27374
140,15274
956,5329
834,15217
1682,11631
5,46965
765,41067
1326,45688
823,24612
1470,20233
1447,4507
1375,23649
129,37398
184,5795
433,6386
1586,49800
149,19274
628,41499
383,15214
903,34633
582,22977
1174,33913
1217,734
1714,29144
1424,1926
993,46685
1370,12970
106,35213
1407,30730
1147,290
1582,42861
1177,16181
1377,47746
360,30251
1409,3589
159,9364
561,20306
973,4336
527,26350
1803,14878
652,7369
1129,6212
597,46145
452,38186
276,806
903,5451
121,7266
1864,36025
1950,29329
1159,3843
1563,7429
624,23667
34,6334
1782,11831
782,49424
1954,38967
1715,15497
1827,38045
1279,21216
394,94
400,38423
524,33966
1826,38501
337,33639
1298,47436
299,8330
1778,25302
807,4628
1548,17983
1571,31202
1931,4943
411,22438
551,4820
633,264
1610,47105
1512,25538
883,18473
1909,24526
532,10199
1681,42984
1184,46058
1098,27104
387,2712
82,41509
1685,41519
1601,20616
311,12945
175,26946
161,6093
244,20711
1700,6504
267,15825
1053,19248
59,19083
297,17881
1685,29823
724,26319
912,11230
1789,38054
227,13189
121,17472
615,10785
1395,44780
1234,6237
1078,15034
1492,45483
1988,24131
1992,46496
1807,22857
1049,43020
898,36900
1626,18672
1644,7734
210,48721
1309,27674
1635,37021
1394,22955
1980,49888
1970,23876
379,25649
857,30770
372,20541
1451,41974
433,14689
19,9504
778,4039
1365,3385
149,31445
538,20207
219,4272
401,43537
1629,37765
1565,41724
886,32889
1378,31898
990,261
1566,3291
855,10129
1521,33024
1816,10171
349,29171
86,4462
648,22849
1440,45963
1887,3301
1524,11728
1975,6775
1876,26675
1596,10118
728,3047
1159,7358
604,22155
1407,39042
729,9263
129,2439
817,49337
528,40217
553,7983
1052,30633
1611,48874
1268,17251
784,32661
1475,30008
142,7198
56,17602
1906,333
1572,33564
752,21865
1977,4056
945,10935
1522,39269
1838,16499
254,44542
396,34194
104,27668
955,38261
1822,21866
1336,14043
1003,4246
997,47319
1646,22410
1135,27255
377,11671
1205,42782
1885,16823
1093,17884
1424,1159
1928,13627
103,15920
150,21156
34,8629
1774,29703
910,16968
956,15760
568,27896
1470,16535
1870,25096
723,43653
1786,41281
630,33743
1644,41810
1706,18145
103,42843
2,43195
1450,23075
1324,14410
741,29288
1805,2449
1661,7655
877,34341
1480,767
331,29984
28,22598
175,37696
940,20521
633,17671
454,23593
1732,26158
1457,12855
1381,41015
31,32155
1374,40320
23,2591
750,37891
1457,20466
965,36859
54,26739
650,8591
1270,34736
1849,3911
1992,18615
1568,10690
757,42164
155,25882
16,46835
1780,7743
1983,26770
805,48048
1471,19840
1609,47919
2,2548
787,769
1884,36430
1655,21974
27,44821
1877,43051
514,25658
1744,34037
831,21799
1206,39315
1173,11970
1491,9146
562,129
717,6665
1474,40604
1962,43360
757,8980
1510,18720
1099,5039
340,8501
1507,37702
1480,28898
429,913
1314,15863
971,18412
1627,18849
148,3975
441,1650
1602,9605
940,21218
206,15592
1947,49807
1879,43881
421,30528
285,4595
1749,27061
74,29728
1034,119
1151,10155
33,6509
826,6040
1957,16119
182,25876
1583,17069
73,43831
1219,49121
339,8339
32,34750
1168,8241
1219,1734
1073,40229
413,26137
1455,30380
933,9180
1902,30950
1924,31243
545,31187
941,6092
547,26830
1672,2043
1203,15515
1330,8584
381,47876
221,3
1104,46101
442,14103
1153,11946
1436,26301
1520,35844
279,42665
1370,34182
1284,33940
61,43514
532,27802
1399,37482
1839,621
349,21277
709,34305
1766,39614
1610,10023
315,18759
730,19191
1284,33395
707,3924
945,27652
1848,49366
317,35680
553,1695
1668,23532
1439,35754
637,4630
1327,20709
72,11365
203,25400
70,17570
1130,9100
670,21219
455,21776
587,13256
1897,31338
999,21936
583,25350
559,37441
291,15133
169,30031
1480,22077
754,37032
103,32765
903,44797
86,11958
107,7346
342,17463
1018,668
639,14545
46,35924
1899,19793
1821,27909
1627,27787
117,17225
1106,216
1526,16900
265,11226
383,5341
967,28208
1452,39543
397,2647
1239,7917
1265,50007
746,3082
782,28250
1762,34924
1045,33314
57,45437
333,43250
1522,12094
781,6197
178,4962
48,42801
356,27342
1965,49389
1925,5022
190,38274
238,3446
391,29120
1639,1905
1915,6558
134,25652
1193,43588
1571,42561
1316,35096
1840,31723
1419,3531
203,48144
904,39319
1719,42035
932,22856
82,47227
751,29427
868,25864
230,24652
177,17748
792,38414
1255,18951
57,8469
1657,17726
1913,8592
127,11712
1898,44526
648,35208
373,49163
332,28009
1505,41399
1498,17075
278,8727
1028,26737
1306,34282
223,33014
1057,9839
558,32050
1895,3127
1352,1643
1995,7306
1195,42048
1025,17465
1021,37276
278,3599
735,49548
727,20021
706,24271
1153,47488
164,26929
703,28656
366,5430
973,41103
1350,39189
822,9465
1676,7338
1256,5278
97,13842
255,35816
530,26161
139,4722
971,25211
723,34356
933,46942
787,8940
545,28565
899,2671
1433,24234
1747,10074
1576,13147
99,47428
684,35604
1061,40306
500,38707
1654,33237
132,6938
968,22291
372,23372
1296,47848
1300,39879
580,16427
1501,553
1689,45276
1663,35435
516,32432
1212,33126
854,33614
253,42428
1831,38259
1229,21526
188,31595
1154,26002
1221,25119
722,38327
1015,16244
860,26252
1430,35895
1293,13289
788,551
967,35156
476,8900
1133,10760
142,20712
136,20703
412,447
1711,19305
516,47797
576,35815
852,32480
1978,5356
833,8863
1086,45682
535,31295
1743,44069
601,12821
1326,34979
1323,31015
1415,42546
642,43196
394,22493
1172,40224
118,43901
975,26239
1530,42142
1365,34311
1183,39596
522,46040
334,8091
1675,18847
1219,33908
1840,16994
1370,15636
752,22358
394,9610
1871,1868
973,36870
829,2151
810,28112
1855,19326
296,35667
64,31039
696,5007
1516,568
1010,42736
1893,7433
1614,5893
802,16099
830,22344
1243,24012
879,39842
1714,29474
80,238
792,10549
1331,3523
1859,37798
206,28790
1304,47757
1644,16517
1498,39021
941,45548
425,16005
866,49432
238,32458
1047,24838
1763,44586
924,36113
1186,2108
1586,23888
1037,41721
1056,21855
1400,35231
832,48974
823,14912
1272,43550
92,26290
475,39054
1756,23414
1492,76
1473,3642
1179,27027
1213,29677
1122,35054
1179,11256
900,30042
309,27350
1642,15642
1806,25035
557,24926
1191,34
1383,41239
1508,3293
605,6533
1285,21692
1885,34343
954,48337
521,38050
1541,35914
435,38463
391,45679
1255,18349
1674,13686
1,42733
433,808
183,27149
686,27705
115,33677
1951,19208
101,15487
1738,18114
262,32714
530,42467
8,11474
1223,6484
837,28815
1137,1689
301,42770
1683,39914
976,16948
1298,22790
1123,17730
1195,28678
1455,25878
1524,49592
1146,22145
1718,34116
1699,40070
855,44985
686,14729
1140,14256
1892,43733
1785,1378
1501,22195
18,35027
1467,25096
1009,5697
1721,32013
865,26291
885,43534
36,24762
535,14447
83,41256
1735,29494
1184,15092
1019,27906
918,45905
975,48281
827,24835
1327,4464
1238,24434
550,39959
340,13739
1062,39809
632,2163
1683,40766
906,26011
245,20120
1135,21418
314,2505
1080,29623
442,30273
913,5426
392,42782
1542,22299
222,7732
180,45165
1059,27903
1139,27393
1629,43543
1264,22595
1040,44486
728,26338
685,23605
57,14566
1818,9847
1927,29243
1408,5480
1040,20487
303,36281
587,48960
628,42970
1309,17252
735,31534
1317,35042
438,14614
855,27905
842,46370
111,27273
1975,10627
841,20366
840,47236
1769,2118
335,44330
1326,34823
1795,10560
1382,36829
534,30207
1380,265
797,20557
1554,18165
1586,20048
821,15952
731,27204
1611,46681
793,27604
315,41786
627,47548
754,7811
1396,15877
1243,29519
149,3750
737,34395
33,31611
805,19741
1360,15300
1679,22251
140,8861
1828,4091
980,10534
1440,3956
682,38681
1764,32444
1177,6055
1894,13972
620,27493
1649,37829
511,17345
1121,17609
771,2426
1339,42454
141,40278
443,45025
369,44783
1169,24216
568,18154
639,14535
1419,36377
958,9133
1737,30362
1443,20610
11,49666
299,38401
561,41823
1504,18442
53,25446
647,8896
237,36162
1487,40314
1444,36541
214,24978
900,35797
123,44241
537,33371
330,11500
436,15759
316,48617
1828,31771
1324,17640
1712,32252
209,4882
1186,26891
1691,23495
927,43153
1843,4482
1197,24462
133,11149
2000,47800
1525,35304
848,6694
1895,5209
942,26711
1589,5872
313,2907
1863,6787
268,31287
702,42421
1109,15487
1082,40069
241,43082
1478,30166
1996,39050
1954,12856
1416,39161
1391,21816
113,38117
1341,40950
1604,14055
938,24129
557,46513
312,4990
892,29902
1285,10612
1533,20003
51,12041
11,7254
712,8253
625,5100
1900,20551
1269,34262
1697,13454
188,30399
1319,29038
639,34870
1202,27022
1761,22664
1418,18630
929,11154
1926,15642
597,25767
1715,30925
760,7174
1625,22089
651,5489
1199,30796
1073,26176
1584,4991
1875,23387
1436,36342
1764,8407
1374,29043
344,5610
506,44040
1743,9756
1572,23111
1198,2285
1778,39631
226,33446
1573,8330
1375,17967
1179,47230
1981,47309
1039,35254
1055,7273
1756,44065
327,46243
1442,427
1426,16612
280,14131
1031,24805
279,21095
651,2087
987,25499
1884,38720
664,10618
1092,3739
1806,41421
1680,20939
686,48171
1878,48983
834,24747
395,31189
596,24669
1647,25858
173,33714
874,45453
152,22472
1411,36683
757,15555
338,44542
109,19033
638,34062
289,26096
915,34559
335,26507
1561,16922
800,23051
934,34030
905,5725
1461,28047
772,31916
1141,13236
1804,22310
1081,13721
1655,3931
38,45893
994,32039
965,17642
1053,26370
758,44963
387,1114
626,19842
237,48301
51,40664
303,45363
965,5524
1630,31274
1664,27949
843,27758
438,45639
554,23659
1864,46478
519,26124
536,21744
1022,38632
1082,5931
1952,30764
701,19585
1645,35761
1429,34755
1098,36749
1608,32418
1141,31282
15,12157
322,852
1405,34818
979,46651
251,35502
1384,29948
148,16991
795,7591
196,40309
236,14692
1211,14348
1687,27701
680,22047
1916,24866
1989,24704
1265,32371
267,25632
986,47813
1841,22191
1892,45920
561,44729
59,6476
1778,15987
127,27925
434,34526
1403,22682
1925,18766
298,34356
594,27268
982,23061
1411,21357
817,29210
1111,30294
312,5273
742,6450
1424,10840
1317,49716
93,2484
1521,9869
1389,37285
557,36851
36,4406
89,5959
398,15678
1299,24984
1318,31630
1348,44161
1542,8246
1296,17691
503,1358
1187,33584
1293,42047
167,16929
200,23394
1725,41848
83,40515
1819,415
483,25778
1570,9515
1586,15881
873,17983
1493,48988
1507,21112
369,39556
1004,34167
1794,47870
1873,18862
529,46485
1205,40205
678,22213
1113,47178
1953,3564
500,48047
368,9312
1833,13492
289,42306
1288,48525
166,12802
1826,34948
1520,8605
1624,15861
182,3954
516,21836
331,15462
1974,47791
580,32898
600,47223
640,13989
900,9449
1223,19266
646,4237
612,27424
1461,11311
150,31219
1727,37047
85,42962
900,20114
6,49815
1,33458
428,3779
1880,44299
1795,25118
1767,2221
1616,44718
616,8710
1647,43781
998,18362
1034,421
1403,670
1613,20857
1799,5382
1294,10637
932,21813
1295,38781
113,19330
143,15717
124,23459
1271,25334
1493,14706
1586,30273
1708,45507
1551,33584
137,5920
985,15483
715,5140
1644,8763
1252,26376
1015,48034
1028,32225
1096,39894
251,28233
1219,15814
1997,9927
856,34227
1841,42025
1037,22061
858,16472
1230,3751
194,40183
265,17827
1445,9051
1752,9357
314,43543
712,16525
1145,42652
1807,39780
1573,44602
1491,35181
553,46147
12,2383
1697,41974
183,17985
406,49522
226,34409
519,13642
1010,3995
799,30971
1619,13620
394,3697
1346,41859
1032,33021
40,45513
214,46004
412,3743
637,4001
1604,43596
87,12189
1035,15753
1652,1269
789,15073
341,29484
1131,32638
940,17565
465,47651
140,9648
1525,18104
575,17679
419,2443
68,5286
290,7759
1979,46032
1873,30222
1606,40025
660,3659
138,24210
1274,15103
389,33180
1971,14961
79,13080
211,37548
1580,33534
1502,48808
410,14888
1043,21518
127,5420
361,13814
1466,43457
383,38808
1445,46368
9,38657
454,37572
773,44764
680,28574
1579,4467
1486,24347
419,6414
1773,31315
1874,33082
1903,31942
73,35841
305,47913
1483,2071
280,18406
152,16479
1828,29029
1129,22821
567,20613
1634,3576
135,30074
1534,9093
1491,6880
1333,26068
1404,2197
686,40476
1543,11324
1361,9075
1133,49341
131,28768
231,14119
405,42655
1326,13502
506,28424
193,27289
1214,3015
1042,34414
559,11336
1014,43072
997,44155
233,36798
652,29156
159,36546
1944,818
867,18953
478,9902
1402,13070
853,18631
677,41339
1527,16893
767,88
453,13952
1140,20338
804,31446
1670,41841
544,28279
593,19708
54,29326
1978,46944
1524,47489
568,21423
434,22363
548,22061
295,6545
78,28753
87,25814
1002,13657
1046,27360
1314,7414
559,13336
636,18273
760,15255
1656,9815
281,20763
1441,19829
1947,18733
1,6770
428,43234
690,18712
1787,40389
42,3574
1941,26971
756,5032
921,39481
1916,34684
1587,128
97,47620
960,17637
1280,12881
272,30583
800,20127
943,49708
576,49751
1628,41783
1663,6027
1803,32347
1184,48828
1389,2520
1647,29621
1693,33388
177,32183
1720,44983
1545,47530
986,26703
50,27645
1589,46805
1542,40273
1592,30905
917,26258
28,5044
260,25449
943,19386
1018,15915
389,27178
1849,17199
294,15469
1907,5133
1778,43163
327,681
1371,4288
387,25165
1226,35865
1348,10033
1780,4155
903,31088
1306,37596
1705,22523
819,32359
1529,48192
1128,881
890,46174
797,50024
655,27898
819,22649
527,42513
432,38900
620,23067
574,19064
1399,26522
1979,42187
206,39480
1964,48851
296,29540
1472,32783
459,32203
609,6752
267,33124
1332,7596
1514,4490
724,1928
1565,8021
338,49758
1313,394
532,23409
672,26514
1597,48670
1934,15309
617,18203
1763,8848
1696,5606
1270,16978
322,20214
268,46576
1155,49948
709,20977
331,33410
1944,13535
647,16948
25,35662
113,20236
827,26675
731,24873
1779,44373
1223,20531
1467,41367
379,2777
1592,31171
1470,36413
1552,9858
1970,8775
541,28688
1294,30955
1235,32714
93,48126
1060,22267
1781,42946
1793,41820
2,14331
745,41891
1399,22287
817,11443
1718,25080
1175,3830
1658,6551
1575,43830
1454,19113
1169,2769
1700,44481
1864,47458
1697,37537
1781,26415
1554,17932
1257,16946
271,5606
605,25232
1294,19758
1007,30716
574,45339
555,26032
24,10821
211,3067
1568,558
1331,23653
61,15756
1617,39214
518,17802
1034,32593
621,24731
374,35557
564,38255
327,24028
355,26130
537,23090
1698,40028
45,47887
331,6668
988,10803
853,7793
145,8282
1037,44496
1897,43907
1653,770
1376,44060
1119,8222
1082,24390
539,48603
1026,10689
68,9007
1659,46906
1966,8725
813,38842
323,46678
1148,29909
1567,18067
1321,7841
674,15400
1970,39749
1914,21224
1507,37801
1678,3321
1757,7731
1917,21306
1645,21808
217,27547
1435,13939
1101,42689
1557,18332
1559,15220
351,9759
1469,17754
1863,35609
133,49911
1616,14736
589,26157
854,18262
892,9913
23,27430
1557,4181
1057,9366
386,35875
1147,29766
509,41742
748,5570
849,39971
500,26302
241,41465
710,21089
47,12045
590,24354
1636,38593
1034,490
427,32980
1143,6314
1269,33643
623,26730
1187,42314
5,25313
578,26133
1543,28012
1014,28639
478,28909
1182,37460
1724,32839
821,45076
548,9395
241,37680
1001,46213
656,43946
62,52
834,13107
1279,45498
603,12619
585,17229
1,3130
720,7917
161,48155
797,21903
1979,43950
747,20341
694,21900
1446,33356
29,23662
1883,12511
1501,9200
1548,35277
45,49042
1542,39919
1559,21901
507,35700
1501,19038
330,47786
215,22593
810,18781
566,3033
481,40918
1684,937
1256,12133
1586,49124
1840,16045
1513,45509
1024,4343
348,16274
1030,19955
1550,43519
563,26723
1122,35996
368,30327
666,4681
97,47948
850,1850
312,8994
898,17715
1856,15268
458,40985
75,41502
1633,27074
14,13302
1702,32863
50,49815
63,14034
1442,12696
792,11024
1183,39622
752,49795
1823,38242
1670,23705
1779,9066
360,47377
1976,45106
717,11874
492,28425
515,33138
599,7360
1140,45661
1022,49919
1395,49679
10,25885
725,36975
1781,31340
942,33848
469,6598
1317,32427
1013,27293
1678,49921
1831,13875
1141,44702
1858,22903
900,41738
567,36185
1903,41904
1907,27554
1406,49149
1243,6231
383,21423
1510,9422
1822,26561
922,39112
1450,29610
1957,1973
298,44102
1316,23036
1648,42689
1686,44412
306,20460
1910,47708
1768,24642
1476,23193
532,45851
139,36479
565,43387
581,31161
416,1916
72,6446
749,5333
177,44116
1070,33520
1198,49091
1530,49647
1802,38480
846,8545
367,9744
1330,9496
372,38823
1423,45397
388,18949
1335,16178
59,46284
1264,31128
26,37484
1271,26736
958,25266
50,41332
1704,46414
608,16177
632,32063
1023,14490
1742,15903
387,39884
181,4279
386,10544
1830,19561
861,19766
178,24728
1783,11416
1421,32581
211,41884
1651,32285
1207,40264
821,18954
127,14962
1102,2567
62,41459
1288,43642
1396,27614
280,32324
1890,12404
292,20295
1245,20637
1049,33705
1487,41764
291,31784
1664,444
55,10540
1382,39302
1118,39082
1921,32732
1919,4193
1102,34599
57,43874
939,14988
635,48477
664,19513
1883,20677
621,12629
1774,15392
1143,18057
1409,15850
409,6299
454,25108
1126,26607
709,21322
1511,40741
180,40201
1683,4877
1427,27975
1139,40229
1574,3475
556,26007
283,2650
1417,44753
716,8872
1937,33287
1105,14829
1154,26469
26,38883
1518,2756
627,43935
1918,49731
732,45268
450,35227
1451,12948
204,23008
97,42553
1754,42647
1743,34194
1409,3960
1305,18284
1410,4134
1805,26727
584,31318
1293,18450
90,40422
863,45728
1408,36900
1560,25387
904,15639
1099,7077
710,41412
74,48174
1276,14864
1807,46974
1277,6031
1770,39131
1359,27134
1697,32204
1191,35852
18,42669
1337,10839
1028,15691
466,22209
307,45264
1046,22202
1947,18513
782,47769
275,15176
1735,4257
816,45509
1260,796
1450,41196
108,38824
708,19005
302,14975
244,3779
693,23854
1927,9722
372,40253
897,39863
1601,24336
106,13685
1337,4466
210,9093
1796,46367
863,30812
1032,34829
1731,33025
111,10013
260,15618
401,9765
896,31
140,27215
437,37539
836,4053
330,3609
42,31475
1753,6614
85,10905
1474,46475
649,9179
1813,30230
1895,40295
1041,2598
349,9861
990,20476
873,1122
189,10065
132,38843
1060,32291
748,24047
1674,22709
1984,2477
344,47638
858,5858
618,14552
1308,4682
787,29874
1034,28073
1560,29631
1940,47953
170,42781
470,40914
1430,8778
1642,18928
1762,22969
913,38072
71,39145
96,7181
1708,29479
1896,20176
1945,46197
144,41903
1768,28442
1591,14199
78,33526
161,38763
1257,34477
1608,21984
1942,31241
1989,29539
11,10214
1239,42612
1256,5325
139,32180
31,28779
292,1022
372,15119
423,10565
537,35830
1657,45775
713,21696
936,38026
1084,26168
614,29139
1924,16009
559,5900
543,18862
1733,48903
1823,21575
1026,21069
685,13940
1097,779
682,18153
789,16211
1082,27065
1116,8083
485,13516
60,13657
4,3295
682,37008
661,20578
1247,795
1674,36494
1687,18033
1535,21742
197,27757
1357,16838
1609,32716
803,12280
514,32451
1672,18653
1566,41188
1622,33354
897,31333
1595,46185
284,1440
382,28962
1229,36580
763,997
562,21029
1476,37604
1214,4208
633,31645
1800,33150
1066,16302
619,20495
1896,40188
1330,40626
1880,49516
1764,34479
931,39047
567,42098
1984,40187
1804,8518
941,15340
1615,23088
103,16408
1772,17760
534,46363
1454,39660
736,18995
1313,49389
1413,17440
1936,41460
1102,26078
1857,31879
480,6404
1693,32644
1689,11821
1879,4918
899,13096
1006,11126
429,47469
1787,10392
263,25739
866,21270
1748,28994
592,32526
1849,39365
990,4901
1270,2062
457,23866
386,19866
1644,13086
1259,39513
1306,16962
1090,18070
1738,992
1767,25827
1143,23250
504,15746
485,2796
1328,43315
1688,30132
1142,20926
1109,24369
263,43287
1491,1261
1679,12313
985,34554
1203,41369
317,34013
1015,45810
1523,46340
504,44628
1597,47281
943,17240
384,12686
505,33516
776,1152
658,35669
183,45229
255,31290
1074,44619
285,13331
382,26786
1353,29095
1342,32566
1703,40844
1282,19538
343,11854
390,22103
1779,25904
314,40536
1005,728
984,17616
649,48321
1308,47718
519,7822
97,11235
293,41873
1789,11866
1146,47975
1283,17519
76,657
192,11080
99,33441
1440,19877
878,2157
182,16110
1639,33084
15,4271
794,25968
478,44349
1966,15022
1912,17366
1436,20174
1554,5194
1603,850
99,9528
39,32397
553,14205
1090,3823
116,26750
71,15496
787,10509
1636,43328
956,23786
239,2944
1791,26869
55,40338
294,24992
564,10499
1693,13947
1143,3812
782,43654
1399,20510
1687,36460
532,28703
427,22763
1568,18117
1881,47073
1250,46368
914,29214
1254,15110
1054,26499
964,37505
13,30587
429,24797
1402,24092
1676,26487
1338,337
1703,32125
594,32939
1870,34009
1661,6084
130,20455
724,7067
1730,22561
1051,24975
697,49874
1848,25749
1746,16684
131,3296
1527,46349
1826,26122
625,26096
1441,37364
951,21875
1140,11554
1402,3606
836,7116
556,24219
692,19107
1002,38828
1647,30799
1027,18756
116,17617
1804,34803
1307,35571
47,4753
1470,36567
1787,40613
1004,19806
283,14646
1272,25063
1596,5219
460,44951
312,30658
1655,30075
274,20933
1259,598
587,33980
1525,11898
135,1879
240,1325
1574,1651
492,25877
11,20504
1591,49795
186,43614
1791,25662
570,25453
655,3176
1111,14798
521,18410
1173,43216
565,42297
1845,4790
1740,30906
820,18441
736,28045
532,18348
255,40877
795,18286
689,31676
1727,42748
789,37265
186,20616
428,22258
1193,31984
1721,38756
1137,12411
756,30558
68,38517
248,47924
221,45974
1766,36476
1118,6848
1503,45948
1879,21517
1120,16790
298,31604
570,5350
1014,17943
253,28233
436,25509
1762,37838
1034,12158
1846,34134
597,14740
1812,4837
1343,8164
370,27733
1820,43738
1308,40571
1708,30766
523,28417
951,34039
1578,6342
212,48817
694,2341
728,13972
555,31614
385,12680
522,16721
1416,23060
520,16005
798,23142
1048,15375
980,39098
598,10830
1608,25421
416,11644
1610,14300
714,34835
1857,5744
1963,26082
537,38773
306,26717
694,37685
1131,28089
1342,30708
1549,25942
1913,1225
148,12539
893,31325
567,2482
1601,19952
1105,21891
1371,41003
549,34423
471,25989
1540,10712
292,14478
1464,39878
1648,21026
670,2023
290,3764
1210,40390
12,28155
578,46421
145,21235
1803,33250
1648,23336
601,46779
1691,5761
1976,29748
1278,26851
22,20264
638,33971
905,41469
514,36027
1756,34891
173,15772
1003,34497
123,6836
979,30872
1093,15476
1789,15704
902,11058
1291,10131
1911,20123
1957,11171
1859,44093
1384,14663
1522,17433
435,24026
1908,3717
642,26561
1903,42158
1041,31368
211,28619
58,49523
1633,27838
1211,46045
1566,17642
349,29047
1020,44046
1494,18900
958,22555
1899,49540
1647,9920
1845,4827
283,17024
1332,3917
688,48959
1112,13006
331,21836
1524,47851
993,28248
648,41279
453,30399
1069,35948
397,17884
875,36437
1255,43573
1615,35852
1347,31981
242,39379
1174,18612
1506,38869
1602,42648
347,28616
176,7416
1866,31307
343,7684
1953,15137
1832,7466
1325,14219
997,23105
1357,2612
1240,15081
1831,22886
1715,47442
442,24523
1482,18626
1546,43612
1010,1995
705,21044
560,40613
340,25635
1732,36388
1966,16859
456,44984
256,7070
1589,7017
1436,42909
192,35273
1713,43974
748,18787
564,27903
1157,32350
485,46163
1598,4823
1062,45071
1830,16392
331,26907
1675,15962
1902,46059
1220,5872
536,13990
1575,14717
299,5874
826,40821
347,16649
745,16296
1355,6443
298,38247
1072,36561
949,31265
1716,36721
592,45486
456,39708
1439,12056
1396,675
1158,24273
322,6330
1887,14002
1968,1844
793,8591
1786,12161
1122,889
1169,35900
1580,13420
1026,17102
480,18055
383,21870
943,41160
301,49579
1242,12027
891,35216
1789,10106
1785,19524
1096,31127
1812,1265
1894,42376
589,34590
289,47908
1403,8835
153,12706
946,18195
1369,35106
268,5806
1993,32514
217,28093
1238,31915
672,18020
1943,7798
236,4280
1427,24002
550,9720
592,25811
372,4664
1257,36803
1259,23544
1471,44360
1166,25223
1934,38824
63,15407
905,44514
1102,22660
121,33534
715,40224
1175,6860
1951,28791
1181,42722
770,28048
1752,41276
1339,32699
1700,32030
636,10889
605,41119
340,23836
554,34098
858,44767
121,41691
1321,44265
1373,41373
811,32737
1518,18013
1669,44174
241,1744
134,43133
916,19036
476,44121
616,6481
423,402
462,35784
794,12034
828,14689
649,12090
1155,25136
42,20780
1970,15321
1372,49151
709,3107
229,30715
165,1574
964,26107
1649,18839
984,18999
543,29837
1976,41416
203,12475
1170,41308
1089,37386
1222,25504
1816,11618
1370,47414
749,21063
1763,7967
977,39189
455,21450
1295,33909
1403,13349
251,43318
1964,32312
1009,29035
1798,29594
825,27061
80,45200
787,6775
74,17999
1530,47249
1189,43663
553,36133
1199,11741
448,10322
783,10613
1867,8077
320,43740
838,48087
1825,2067
877,1221
1656,36013
991,37405
1474,34705
1720,6540
1916,15983
1575,12297
305,31079
432,41654
1898,7639
1660,33752
192,11695
1777,42389
1798,29895
33,31
1951,6744
562,40873
1757,2342
1853,6403
462,47163
1917,1332
1169,31013
1572,26072
1230,6154
1607,18559
1931,13806
1188,12750
935,41438
73,5666
1666,43396
630,33631
472,31278
479,7836
1717,14009
1517,37465
945,8816
1939,40311
1125,46191
1522,11454
1639,26106
832,31219
1140,17500
316,2865
649,18962
1145,45548
507,29702
1652,15746
1036,28188
767,31573
546,39181
198,12820
695,40449
1186,41573
1442,35748
793,8584
1070,44954
1976,30684
1022,34093
289,43211
1886,31686
1893,5777
1305,18285
1233,48573
756,11365
1779,8784
774,19697
666,25095
21,48285
952,41048
828,11034
1277,2874
1978,15310
1698,28128
887,39727
1864,47639
918,15156
914,17822
1886,39175
332,38777
99,23083
84,18808
1848,39939
672,9759
1660,40796
1098,13977
1785,20115
4,7972
1238,2235
1192,18411
525,26156
335,13559
489,132
234,40273
1379,13232
1168,3585
1677,13942
1785,36716
457,35513
42,13378
763,14382
1630,46509
172,31891
664,26542
2000,24790
760,1259
97,21693
1946,48383
335,1575
252,15907
1344,15195
627,12608
1938,28992
1519,40552
1687,41975
1137,28787
1084,24661
1890,5802
1881,34839
1929,43403
130,8785
925,33328
437,26561
897,41698
1608,10248
1369,38538
1174,30373
976,34936
1584,28303
1318,886
616,29979
1874,6878
439,119
1679,17452
1299,49182
913,46155
72,39709
637,33826
909,49116
1224,11985
380,39128
1566,26857
199,26159
842,38028
500,24651
850,8823
1457,12098
594,3491
211,44436
328,18309
865,15889
423,12226
1512,377
859,9767
343,47672
1021,14550
631,39721
419,34457
1743,40694
45,34169
1088,48166
1333,46066
187,1867
734,2107
206,10324
509,37262
635,33129
349,20689
478,29535
1173,16020
741,37081
706,38334
1837,45260
1569,23760
1230,2602
1462,2665
239,25060
1787,14700
304,13895
999,49319
134,32542
1208,35183
1283,14867
1711,6234
904,19161
76,742
533,14459
1159,27802
590,45031
1715,5156
1159,44361
1994,29651
1967,24657
1823,49536
1537,40735
1246,10679
1338,48562
1103,28683
243,12477
1790,45618
1889,48222
351,3215
934,11318
1778,40096
571,36771
977,45022
1791,32910
310,44414
880,34847
842,11802
2000,23707
1757,13073
1184,12309
1186,8710
1754,5023
899,44038
1836,10457
356,18221
322,33013
1606,11259
1745,747
855,28729
1291,11884
1577,26862
1149,45834
1704,32922
1922,1362
291,20081
1155,30051
304,39997
1749,43931
774,16533
1552,32525
877,30944
784,34719
809,3692
1678,23589
637,7526
273,21921
977,48320
446,39187
1208,18031
770,12743
319,15866
135,36570
129,15419
836,10668
1410,3292
1515,41644
1859,24250
981,22115
1966,33845
177,15886
335,40990
1419,26793
467,589
837,1432
773,31857
1822,39967
302,48052
1562,32158
158,6695
580,10957
1414,16054
917,15721
649,22065
965,48722
1105,5522
633,9534
461,47895
993,29521
1007,39695
1914,34766
476,48781
795,15199
1394,33601
1134,16197
1680,7212
1021,37298
253,42222
964,1792
319,9533
1008,46813
956,42850
1616,14315
433,34965
1267,31141
587,46848
286,17363
1730,1138
291,18925
107,14655
948,48049
99,10069
126,6986
219,5738
718,35427
1459,10772
661,19492
764,31980
1319,17481
1446,33248
1398,21283
1645,9147
428,32275
927,22984
893,42837
620,16812
286,1747
1734,48146
18,29488
697,7133
812,12388
537,10313
1985,47606
1190,45525
267,27155
803,18995
1878,31103
252,9811
1675,35147
729,45897
1972,16506
1398,15654
270,32661
1429,40258
1192,16995
222,19014
668,31680
1386,9041
844,13446
964,37380
962,33230
525,37292
274,6978
1775,693
225,39699
559,41849
1136,19114
707,4317
1052,31788
1298,6085
1306,2446
1257,36297
32,1747
870,10265
1268,27376
631,2040
1939,45736
1408,37143
1492,49425
787,8006
1291,11583
1035,26877
94,15968
1860,46013
421,4465
874,32561
1646,26535
1189,399
406,17104
746,368
1145,38456
321,25027
236,31801
997,194
1658,19285
1779,24256
976,21012
320,24258
9,18886
467,32076
445,33619
895,25102
237,20413
984,16275
1624,1657
820,14365
1883,26543
1845,28701
1575,26390
177,22844
1193,5406
703,3329
632,24890
548,37836
208,29727
1704,38575
1557,25078
702,20158
1260,31581
672,37279
517,13719
1771,16142
1294,33741
1466,24528
182,28542
1447,18538
1094,1888
1044,46615
1860,45517
1050,31650
1490,18549
570,38989
361,2255
638,7097
1286,47553
601,25522
1389,45476
795,39554
420,13363
477,21795
1002,9312
1910,37205
510,3562
1129,22979
1117,44015
1080,30949
471,14835
346,38329
289,13765
1403,43759
220,36914
710,19301
1661,22071
205,1240
900,48877
1433,42571
400,16444
1940,17279
205,33490
1579,15303
591,21526
1129,23028
566,47644
36,36942
666,37887
1153,23709
1132,32516
1725,33792
613,17541
806,157
1611,28977
1103,1478
1309,37600
188,40672
476,4127
810,25987
785,47180
1354,46491
193,46197
1832,26791
1589,49350
26,28920
341,25391
1128,49457
1141,25755
309,38964
1997,39414
1817,15286
130,28167
1906,47286
257,33007
356,10790
678,25847
429,14525
1776,21071
574,20547
1167,6217
105,23064
683,3534
802,36894
1863,31932
1610,19161
1668,46060
1298,11323
112,35249
1932,24375
963,22178
745,7501
543,32788
1727,41706
1729,49638
950,48190
1165,22755
354,4022
593,16935
16,14508
1961,26031
550,48968
349,49653
273,2802
1817,21575
461,40415
667,8227
1412,15618
1537,16372
360,10357
245,29377
454,6710
1244,39855
1806,5750
1099,19927
842,32630
465,46835
295,5747
1432,7063
315,18250
1763,39768
1751,17154
1663,23065
1114,47699
1602,32741
1066,19662
1204,15617
1678,30428
1971,470
916,28565
730,9096
879,2073
952,7166
1874,22195
768,10766
166,23378
1010,47230
1994,5246
1174,29864
1080,47293
458,26414
663,6732
866,11215
931,5712
1784,41253
1298,47727
234,23962
1984,6365
1159,10621
4,29506
917,8635
1451,28826
485,45875
159,39197
1410,5932
1693,14873
728,11514
149,7839
1374,39296
1519,20976
1858,16019
1819,28706
985,1358
1047,46791
168,35309
1233,12398
68,41541
117,22665
561,32140
554,28943
765,30954
313,17267
1722,40257
901,10138
21,32780
13,30268
337,26221
571,7155
92,28191
517,18037
703,44229
1097,29449
1335,10999
102,40338
454,37232
306,46003
990,25253
437,10367
985,6908
1422,6501
893,16009
257,15326
1294,2571
914,33585
468,12941
1614,16310
1037,9209
897,13501
1359,46559
995,33691
15,15730
437,10120
662,7300
1001,28805
1545,29752
323,26338
1804,31288
313,10639
398,45187
1588,36174
7,42117
663,44774
1982,19419
1658,22765
1873,28660
1652,16403
837,3151
1252,18254
1657,17703
517,31215
1114,33991
1183,21058
960,39741
195,47782
1664,33954
372,868
1922,29640
227,8338
1031,8229
492,26578
596,14283
1004,45333
543,17444
1098,1947
919,29142
1358,10133
1022,41722
1007,2530
1037,36966
1471,992
249,36991
471,369
1337,13908
1091,3999
229,43340
420,19406
974,266
1978,7899
534,31763
1170,22546
1535,27447
1372,40602
1916,40527
434,6729
1935,2741
751,30022
539,17694
1284,22682
1000,33560
818,31757
918,47207
681,36277
800,39836
1448,49783
1089,44350
388,27024
50,11539
1284,32619
753,47971
1701,45936
170,40038
1930,12182
599,11236
1067,22970
277,16968
372,11482
1229,13926
836,25885
162,49097
1334,34765
1899,29150
1510,12194
540,21568
245,37613
126,13915
394,40833
1981,21445
1924,38524
770,33839
1979,38095
1946,25779
462,909
824,21182
301,25736
177,21536
610,262
762,15487
1304,38093
1141,26389
1019,42044
1073,25307
1818,36804
1388,10897
470,49872
98,24920
1640,33111
1998,35579
1225,2675
1273,42865
1122,43928
1956,24015
910,11055
1715,1847
853,13450
1524,32867
529,15499
516,14072
803,27374
561,3072
1300,25944
725,49685
935,15542
619,49556
1621,26503
567,5727
278,40185
1716,24234
1602,6736
702,165
544,5953
526,22437
800,40216
848,46368
1918,43858
104,6933
1204,14628
1947,49368
808,43358
865,44158
1525,3121
874,7348
719,32392
1009,12433
162,7526
77,45714
1665,23749
892,1898
376,22871
60,41939
1415,37924
1880,46291
1209,37097
767,33648
924,3278
1257,24180
960,35561
974,40287
1869,74
947,14486
1735,49812
903,48217
1278,17355
1894,9197
1767,39739
1044,32012
1025,42734
234,39786
664,17574
116,1035
46,3417
1194,16872
1610,15869
952,17313
1142,47692
807,36064
1699,41635
584,26306
1049,22092
899,32840
398,29459
85,2746
22,46937
1836,5588
1452,9928
1162,42523
1985,510
1066,18022
1697,26319
252,47648
172,45108
196,17345
1021,34759
1685,60
1537,11092
263,48081
525,41582
593,22331
1698,25952
153,6545
1189,18012
1170,25641
165,12983
21,28384
1609,45337
1889,35159
120,6611
1006,4732
1572,8784
627,22220
1096,45844
443,9598
721,25912
1496,11788
208,31981
838,39897
1649,17482
315,21359
153,39318
460,329
1477,47220
1673,18598
1180,47778
662,32375
189,15480
248,4154
666,47138
145,30111
1377,636
1030,9844
603,31514
428,23637
1628,8954
251,34774
1604,11950
1040,48584
1410,2012
46,23306
1099,12838
1462,16415
1106,12424
1420,23969
1257,27738
1482,32964
164,41370
1378,3475
1980,19651
30,30919
1522,285
1991,32629
491,31710
724,8506
472,12095
1602,31823
555,20410
1496,23568
224,446
744,35852
979,2861
1433,43790
249,32464
1328,26896
188,1487
55,43875
1299,121
96,27897
605,49403
1820,23451
936,38987
1811,37488
1720,15902
1493,6744
1466,18542
1614,16669
1094,20760
1814,39447
96,822
1228,656
813,49281
729,32834
1381,30150
422,48987
803,2402
47,7550
299,33391
880,28122
701,39271
531,5840
1158,37003
908,4710
1706,47957
1619,19921
1413,23380
1100,22842
907,48223
1095,6261
1635,31596
1262,20344
763,11796
757,36035
1568,49730
399,31837
1579,10135
184,6860
1385,14972
1965,3440
214,10526
360,43564
1920,48016
664,23948
1249,18154
1065,16137
1671,33258
1230,40945
533,41157
1265,14596
1198,36894
1673,17290
474,32547
1423,11418
253,15561
1504,42166
951,23141
1748,4004
11,36316
1390,49472
1549,26159
309,47352
1615,30457
1801,20606
1758,2364
265,21245
300,6170
136,21257
792,16495
382,43992
409,48110
1383,46807
1559,45911
56,24801
1328,12955
392,4381
439,43896
1451,24779
1799,11009
1825,8881
888,11198
1544,45455
1605,38886
1709,27257
1130,39695
1365,29127
826,37876
454,44696
419,41119
159,36440
370,33407
1517,9197
1953,23681
653,31966
162,42893
1122,37134
1611,37997
412,38916
627,5967
1351,11564
1698,937
1332,47139
1725,21339
116,6582
1828,6707
344,32349
1986,10639
1813,32553
189,29381
277,20236
824,26976
447,12076
433,42873
1866,4911
1013,36804
1479,39167
100,12795
548,3449
1883,11746
818,10550
1180,32067
843,46708
1530,6175
1517,38391
1610,35354
1604,11632
129,34293
1323,6669
708,48237
707,23217
5,28423
422,5773
212,6424
1029,10909
863,16144
251,36683
1033,1608
478,36587
1730,17862
1414,7360
1722,39732
43,18779
147,29645
1677,26074
301,21786
1536,43656
563,29310
960,13770
1995,4930
347,17623
426,48505
554,36065
486,49160
728,44091
1533,49218
829,23150
1879,19765
1661,3360
327,33716
992,38809
132,14801
1505,36066
960,35589
462,40240
1230,730
1363,39016
536,34788
1954,13208
346,48932
656,7539
436,19892
1028,38661
536,3369
319,13768
614,25152
1337,18717
1872,23244
1814,6943
201,22906
1966,11643
250,10171
881,12340
1658,8103
1938,37155
1348,11200
424,7131
1398,21516
965,48154
1093,25260
1522,4536
1022,2123
173,31678
1143,19936
874,39331
197,5766
1433,19466
444,28354
1708,14645
1771,17088
204,17904
549,38118
292,38820
1195,35256
1106,25806
1243,9454
1300,30152
471,48218
1,14767
1717,36799
1848,13038
1135,44040
1043,17801
143,47042
376,46651
1854,15413
214,49419
198,32766
1028,39191
402,18927
1538,31315
1235,37977
71,29082
1483,33610
886,29835
1654,3358
904,13586
635,13059
1875,21993
1649,20908
775,35038
1616,29646
1651,10825
1234,30253
199,22709
795,29902
350,34487
1927,17112
1543,28306
708,29465
1119,44718
1066,8390
1400,34139
864,33614
1971,32700
1506,21805
496,21501
1368,29987
1040,8845
50,9729
1066,47479
167,47814
891,43688
1606,43740
3,26828
271,12497
1523,34973
1723,8682
144,22661
1645,33507
191,7588
870,40745
1747,44736
624,26579
54,30107
510,20806
1133,7483
383,22376
1835,3555
378,39013
588,21525
1137,16069
423,23819
232,38802
1097,45120
40,39733
1678,45972
195,2903
138,40450
919,45464
424,16931
1891,6640
314,33553
1536,44012
1102,42404
1828,2646
746,40662
640,30244
189,43893
1504,37826
1648,34052
1945,40672
1384,28245
853,46014
356,31222
991,10511
246,5704
141,21842
911,30203
1715,46479
613,45954
160,33059
1446,26067
924,10392
24,7002
1548,43041
359,1905
520,19354
1700,47046
1319,1246
1293,34149
430,21043
108,817
1283,22228
1966,38488
1199,18212
503,9975
223,36601
1465,17122
92,46353
1452,3768
796,45412
424,37016
999,6655
396,12423
1812,34184
380,44765
682,22077
1201,26496
59,11830
738,10483
1156,38614
1690,42668
1045,39049
1627,7395
93,42797
462,4524
1131,30415
1753,41721
564,31422
456,25427
337,4542
255,47849
1326,3992
38,48093
1830,30426
1191,47573
332,47602
843,46754
497,28764
1522,49540
732,7198
11,37706
216,18005
1939,22145
1504,26060
1439,30309
656,3820
1715,8727
1292,29159
1511,16705
1209,39384
1917,15358
1510,20109
689,7329
1792,49507
1257,36318
694,47967
1448,22389
1258,17314
973,6655
735,37680
1824,4492
81,21621
1485,38949
1313,35927
1351,20483
453,19204
1642,31654
1343,162
580,13048
805,13898
1940,20254
521,31259
1796,4387
1496,20542
914,47062
626,34408
84,17238
638,9550
722,1629
940,20005
1758,10865
382,39890
401,40400
1539,22092
492,37493
1570,19237
1984,24561
521,33281
1151,33710
861,41238
1720,468
1070,13814
1195,9253
1913,34678
470,3009
616,2706
180,32201
1976,22990
1392,30154
1106,2258
120,26364
1606,44539
1403,22476
602,27628
999,26561
1798,3658
1295,24879
748,31285
1584,32098
332,36961
1940,11416
399,24465
66,37089
212,42795
405,39715
499,45568
479,5649
542,16842
1233,32789
1212,24828
608,8020
1595,29571
1087,440
1003,36543
1281,26255
841,10189
1090,32273
1604,30130
1461,17038
1768,43731
1653,43226
848,12714
1255,34930
1890,29897
590,12310
1857,27607
587,18968
275,40573
1860,25547
1852,23298
902,4893
1381,13821
1909,21723
1584,41515
218,18589
964,31392
306,26510
1555,41363
173,23745
1636,5828
1297,41178
827,19381
1737,561
1779,5267
874,39912
875,21636
1002,45156
1105,24763
573,12100
1807,36072
1427,34241
209,29328
331,15138
1204,11377
100,20776
756,26106
1801,21035
1540,8479
1513,28965
314,31374
1251,37753
1726,611
1817,21557
1825,23067
633,30492
860,21038
529,40950
1707,5147
334,12376
1359,1219
703,40755
1571,28733
12,26945
1605,798
810,47617
734,21225
668,45448
1188,26089
1179,36944
1094,4822
1416,42939
1324,14513
90,11332
1897,8639
1388,6564
435,16129
1234,21865
797,16976
1628,25699
1462,16171
586,13739
213,42059
1662,2250
531,25324
1208,3210
1423,1330
1199,16717
121,18601
322,23358
1035,49670
1060,29920
1817,1645
212,46581
299,4400
238,30902
62,19087
1760,34523
1124,17404
976,23422
1736,28553
119,16241
546,4222
1861,27815
922,11096
1528,3587
161,21275
1938,43537
277,28506
293,26358
1605,949
832,19693
1320,46646
301,14409
1235,11270
670,24180
1717,37487
268,26553
1500,2925
1045,48395
725,4776
1997,27394
1756,6492
1080,36498
1231,34488
270,35765
1599,18799
1028,26364
1628,42957
1286,45674
417,24472
901,19429
1882,20748
688,47929
1954,13185
478,49910
403,14282
367,47681
1537,22741
1691,15551
1139,5393
508,12199
552,15732
1730,23834
991,47888
662,37678
1809,41530
1802,5990
1822,48888
543,16635
549,38682
212,4693
1323,28366
1806,47969
882,32999
17,33484
1207,45800
1859,42488
1992,34491
1803,18575
1349,20070
108,37366
1741,31116
1068,7735
166,48224
1638,28335
1555,33203
1582,6146
1380,6929
675,7783
773,14890
756,6017
1476,23596
915,15512
1716,47107
1253,25433
379,46352
959,22328
286,17669
212,1663
571,32004
1632,13758
789,28324
1608,21014
315,33611
982,27813
1513,25501
281,46450
550,3316
975,35964
1599,38365
968,28068
883,49587
60,37814
114,21564
872,24779
645,37811
1106,1580
441,21802
1878,16393
319,19077
1020,1588
1709,40038
829,25312
426,35317
1079,27409
1215,22559
1840,37500
1076,31198
251,41078
1294,45962
1456,2992
1369,38446
555,27742
1913,11822
478,2580
1813,6199
1750,35073
1881,19523
547,44832
490,29523
819,34114
214,6630
1343,40926
640,22396
1077,13267
1656,35005
368,39226
1623,18285
1278,28967
889,6841
1099,27313
916,36823
665,23180
1764,49236
644,43517
169,22723
61,43415
1566,25875
1708,38487
1090,24274
1705,42327
610,39276
62,24850
712,27261
154,30023
1884,44761
1891,8995
1209,19746
1781,45087
74,23687
59,4204
776,23503
1996,12227
1561,41015
302,12542
1881,27856
425,3689
1984,5429
791,4429
697,40594
692,42665
1650,4672
578,35944
485,47956
1527,17318
446,44276
113,17266
601,41398
249,16679
44,8832
864,36106
1725,1813
354,33455
1670,39791
724,41810
1805,4063
1648,45112
675,49976
1465,11029
1380,13716
274,20393
60,9722
1345,21725
987,41886
985,6284
1953,7676
682,28996
1690,8814
994,10330
195,47810
1430,9759
1483,22326
1872,48265
416,7958
1407,45968
1694,47963
1327,27280
67,8567
382,45185
1420,27290
285,48239
1440,24787
1786,43979
1811,19074
1552,47891
1460,16730
1192,16892
1623,47778
216,19339
424,39324
509,50006
1442,32026
4,40983
322,12740
1135,17289
108,17988
457,16157
1351,29404
521,20663
591,22144
1637,38039
596,44833
1464,18417
918,193
125,49751
1906,6268
1104,46501
1101,22397
1709,32056
1885,25342
381,247
1725,34301
391,39539
1825,17978
1827,38225
1482,5206
663,44005
1418,14831
670,6740
1320,40321
510,37714
431,9291
671,9035
1422,23257
69,41
1850,13644
1752,7374
14,19579
1847,30677
1430,1958
528,46586
981,23795
1497,42230
1912,27762
45,25925
1441,27601
44,12644
735,27261
189,13090
949,17097
1507,21846
1378,33833
1096,37823
749,9108
8,49751
1313,2811
857,46812
397,5163
1529,9878
1058,26032
329,1694
1531,2436
170,44664
1744,42852
961,21621
632,35163
1313,43780
1415,35502
295,16652
1520,1868
60,12778
1363,28940
251,48534
1223,4214
1274,44444
474,42722
942,16095
1229,3147
246,38532
1142,26725
1346,1863
877,25367
1141,27990
1823,43973
909,7464
973,43264
1020,46985
1811,24392
82,14413
1360,38928
1020,9766
855,44399
824,46719
1327,2001
718,29167
366,26184
1857,23125
162,14833
1494,27883
606,14866
571,25687
261,25019
1468,10634
1613,1371
701,5576
1707,40281
1706,8345
1780,49752
1774,14491
1202,9614
1748,31363
1859,17559
16,39433
1183,28113
1612,43088
941,27990
866,11278
220,912
1668,9414
690,4223
296,24821
238,32189
93,8796
1990,36714
1058,35451
184,48088
760,17160
291,17488
689,2464
1685,35207
1682,7866
1877,15607
1349,29948
672,29036
651,45347
910,5915
554,10566
335,18270
1228,1760
1132,12012
449,13831
594,25502
1159,464
654,26170
1733,21143
561,24183
1674,35544
1794,45171
1316,20537
830,24607
80,11329
1326,27547
432,37519
271,31326
706,24147
1752,5030
1535,34947
1793,12396
169,45782
719,392
707,35173
1548,33412
468,39996
160,13371
97,12043
602,29745
454,2127
1085,15713
1328,18209
296,41680
1865,39596
1831,20798
553,3831
169,10961
273,41316
1943,31096
1335,39275
1903,31099
1756,15788
1189,25768
1657,44682
378,24650
487,18892
1397,46027
1677,5277
873,35357
1652,29469
86,11489
1234,23224
1425,20205
1661,10389
1014,5815
1099,38814
1641,19320
1249,6536
1947,14525
547,1445
1236,31796
1239,40219
1072,34178
1931,11598
469,22708
1628,28812
1566,868
1226,41390
759,41956
1374,35899
1492,39763
1504,20248
1678,25717
461,1846
1606,47695
1445,11398
317,28576
394,40721
1414,12361
844,29286
1582,36247
1500,33926
841,2346
1741,6734
1004,27199
1210,23309
536,45281
43,13986
1267,22503
1350,7594
1835,1313
57,9512
838,24967
442,34598
589,14665
237,12438
635,30565
285,12923
510,2189
696,34577
1766,40552
87,33
980,25995
595,8034
1200,42441
828,41920
1354,35528
1789,42147
728,30049
769,14581
48,24117
804,13167
1552,49552
1599,47103
1208,17681
305,35095
582,44188
308,32298
1429,21030
1044,12433
734,36813
761,9374
280,6975
920,48881
189,32465
1440,18116
1500,18841
374,1752
1536,28188
2000,40432
999,28420
948,33541
261,2678
365,46271
1061,25991
1158,18942
1565,26737
1874,48123
91,28925
481,20160
483,46501
730,47150
1503,14411
1042,15142
1481,25026
923,38304
1538,25627
1833,15632
1166,23726
1689,46056
947,43418
76,31242
1750,21252
1945,13316
1014,44181
493,22891
1240,47995
1898,13595
1943,30110
1156,14592
1638,28742
122,33711
611,12810
661,4515
347,37539
24,39046
1096,6177
1478,10544
1603,33167
590,35102
573,31541
134,27834
692,988
739,7565
108,8272
726,29527
1827,39939
315,22691
1702,1336
969,15932
1738,28556
217,35165
372,47090
1205,5200
918,34406
5,4447
81,18380
1802,10473
1457,23319
621,40759
1268,32722
1635,10078
1835,36208
1975,31486
1920,48933
1509,4517
1996,25488
1386,25607
987,12223
1723,45426
1542,27305
1705,18667
1213,22207
973,27697
443,38595
171,25617
158,46511
1185,35793
695,36856
1869,25388
456,10380
781,11590
647,49493
1383,31272
444,47795
424,2701
1157,27438
952,3973
1864,32242
1988,30582
709,12812
1443,30326
766,48004
1573,17985
1333,3365
1626,13164
1322,22452
1473,13943
1601,16643
1175,611
1104,42096
1736,21323
1497,5259
1589,32917
1772,26796
1968,44921
1207,24404
1436,10372
591,2405
1991,21794
1870,32589
1902,1463
1345,43901
1849,28267
778,29811
169,50014
1355,35571
849,41638
1179,10257
836,43301
871,22350
1538,15642
1457,47324
453,23488
1049,48176
1264,44665
741,27927
645,24108
61,30479
281,43388
104,37026
952,18623
1300,43377
133,16138
1182,2234
1922,40259
1015,28647
1830,48033
153,14337
693,13498
1156,16841
1865,46344
506,15870
1508,13054
236,1292
1423,36183
638,32541
731,18947
101,13426
26,14073
946,14964
1820,33415
1534,23314
256,42351
937,27270
1623,47626
1351,491
164,1466
768,3400
1745,46202
1778,44396
1204,31393
1510,47550
955,32469
378,9577
211,38132
326,35442
1990,11189
1152,49422
1273,46223
169,37839
332,29395
934,48425
4,1171
1789,40431
1998,24660
911,14042
1908,27594
1784,34786
101,2046
412,6946
466,11829
1226,43300
459,1177
377,5080
494,26927
852,16333
222,428
1161,30251
1489,43187
609,38666
207,34795
1715,44127
1741,18201
1086,45324
333,14429
1384,25751
860,16691
520,24408
1741,1462
638,4659
659,1284
713,45965
108,29020
1733,26443
1521,6342
990,21569
1119,1433
343,1945
1080,28861
1537,28340
862,14757
440,40331
464,6691
899,40079
785,27810
364,24018
136,35323
76,16517
1045,11332
543,33381
1211,7552
1097,18757
379,5930
1748,40158
1456,38421
1590,7395
578,17310
806,6514
960,24843
1333,38153
1673,42224
1376,47835
1867,9759
973,5917
1582,45007
1809,31786
752,25786
1004,49778
1301,30509
193,7916
745,40924
1713,44994
1168,29036
1349,34682
1655,37399
1536,48387
1733,46616
1684,45935
357,13275
1532,48114
486,46391
838,1019
816,49948
1992,45386
183,44089
215,29518
1892,33071
1543,233
1353,27605
351,4717
1129,7366
237,8003
507,17883
1266,9704
265,49001
515,11751
999,26391
1336,44691
1136,3825
1777,48275
1252,22747
440,26211
328,39019
286,24183
1524,35312
11,2422
1098,5986
310,23170
708,584
1902,28853
1546,15121
1405,19337
1810,24009
1885,44734
1596,34916
1468,21958
1299,5218
807,19485
1666,39293
503,32747
955,47795
1404,38936
1234,22862
1772,26907
383,38654
1288,22560
587,48546
254,39603
501,22750
1781,40962
1084,12876
545,3396
210,6948
885,35145
919,24304
29,10585
1820,26255
1253,48919
1637,45063
1543,11484
6,33889
484,10329
1386,38887
1279,256
553,8330
1369,25377
575,39202
416,6764
1809,46978
1349,48817
231,48222
1121,27759
1484,24972
1834,28112
1208,45942
1060,2384
1300,103
1508,39186
517,30019
125,12799
150,33381
1610,43977
1296,32285
1977,42737
1658,46918
928,41475
1082,8927
870,44778
1283,46507
856,30056
960,24637
404,24918
1597,4298
160,18300
1653,43928
543,8446
1273,34926
70,23511
1742,33819
1879,40640
171,36138
40,21957
133,4117
144,34632
140,29482
107,11261
1470,28136
1398,10409
488,25701
1747,13631
555,5823
1606,8730
1570,25355
1017,11177
510,7929
1321,38947
3,4855
1079,12914
583,2188
1958,7994
605,26162
1814,36754
1216,6807
714,49338
1821,10867
1138,33678
969,3558
373,7953
1438,11968
1824,18159
1822,27795
1214,2285
331,4999
898,32913
1381,37808
57,23131
1641,23816
741,424
1758,15781
1637,38748
1372,14036
76,45861
379,9917
879,28869
1245,27130
1270,27491
1488,14332
1002,27277
492,32054
1081,46442
808,47255
462,6035
1436,736
896,3072
448,37451
1703,24318
1314,30167
738,4500
1257,48189
1608,36883
1104,16464
1762,36097
1053,24777
1378,48966
1918,6122
1342,12472
1202,16041
1920,22530
565,10314
580,13612
230,24597
373,2545
376,36439
1285,32841
463,25547
533,25518
381,21513
1621,2675
214,38219
1442,8037
1740,414
1954,10402
664,11225
907,8896
682,6899
729,34025
355,30966
1140,4149
1331,18544
1475,21278
1692,4500
1382,19100
857,4307
1887,21873
1175,24823
634,3854
724,22089
361,20344
1315,22839
313,8258
8,9998
1639,49178
762,2378
220,2078
281,9480
1621,1217
1044,48888
322,25274
58,39502
965,4660
1556,31555
258,8690
1138,20934
1626,15974
1551,49798
841,15402
494,42325
645,6819
245,47702
488,39250
1764,27097
436,42723
1378,6464
148,20740
1569,16406
1644,20237
1134,8161
1529,32046
121,9194
94,35686
850,46943
1990,10990
1865,26217
1427,1607
798,44163
1380,42750
1602,36097
1147,17148
512,32918
988,41352
746,17335
1973,46501
593,13606
1720,17434
479,18861
1083,8368
1156,5914
163,40948
1416,7249
1602,901
1850,31410
55,48266
75,37455
1292,14671
855,32290
703,7138
1883,22798
1777,14529
1545,49412
1,6613
131,15747
233,9067
229,5795
1937,32416
793,49179
517,19112
1045,16770
689,30087
75,43483
1753,49766
686,19317
220,33938
82,36416
787,45329
276,44445
271,16969
1867,31999
1113,2104
1614,21684
1715,41574
526,47351
1841,41948
1217,1996
42,26331
378,28505
762,8842
2000,42343
1521,8656
656,41340
1052,2577
1126,16823
690,4991
1864,42986
322,38738
1205,44607
179,21898
277,13560
1451,8256
1242,48959
591,38399
323,24569
769,13035
1490,7148
1003,25185
1694,21013
60,12014
1466,20585
892,11297
118,27949
1475,44172
841,9400
1032,4313
349,40177
447,22657
531,10227
695,27113
1463,30268
1831,16269
1173,7368
153,5764
9,44231
777,23629
657,46151
1498,2851
675,14502
472,28770
1165,15768
1476,14330
608,30629
1381,7071
1953,11804
132,29796
825,24670
875,16261
523,20558
1848,29605
1151,42863
1790,764
425,16704
1678,41087
308,36576
1281,25499
441,46054
117,38951
1507,26452
1366,23292
1386,9204
1677,33933
1065,43067
770,11370
1114,10065
1360,23315
1194,35908
1011,21217
834,491
1383,19298
124,9877
1132,24383
147,46682
607,49956
1942,34877
1977,22108
990,2193
1333,33540
56,7840
767,3218
1239,29995
1114,43114
933,31476
1562,31869
206,19783
678,33912
986,25429
287,21619
799,48832
495,46099
1898,3528
1732,36095
249,41974
225,46583
991,1703
270,9824
420,26464
1015,11918
381,35406
898,16961
296,1716
1145,26558
899,1909
1885,15169
1248,46378
598,9113
1787,20310
1314,20545
1539,15726
1658,1583
1786,34296
1077,37084
1939,5519
124,39724
1419,2738
1019,9015
1014,34226
1942,31697
1104,140
299,5179
572,10342
1753,42460
317,37481
769,45839
7,5924
1755,39478
1319,37258
1501,34946
1648,13211
1457,38904
1388,9439
1189,37300
1858,15098
1315,24741
1029,16440
768,9475
950,49300
51,17580
728,48621
1387,38625
1529,25354
1303,5088
1866,36025
1557,13127
1285,13228
1123,10611
474,37392
1903,25772
1887,41316
1897,9166
1164,7210
1942,19351
824,42843
1044,38906
872,30765
879,8302
1296,3818
86,43905
486,40108
247,30040
1267,43301
1798,15454
866,41118
1997,1434
48,47020
1079,6262
1312,32114
850,11873
479,24114
1662,21259
647,15899
1508,35907
1318,35739
160,12936
704,29183
1930,48239
1570,40383
1037,27931
50,38114
1932,13251
1667,5090
1427,42503
1835,14965
125,4493
1067,21433
1163,35568
309,32618
1697,19896
1841,31676
1645,34577
1884,30751
892,34980
1044,30633
1093,13669
1409,35952
1238,37392
623,9297
919,26716
1196,45173
456,47537
1829,28350
85,39087
76,28135
1166,40260
96,23736
1898,25968
833,39317
839,46042
1755,39963
1957,37491
828,11827
222,11303
37,5448
876,16586
1418,39628
807,18477
1645,45465
18,12921
1654,14140
1141,9363
1485,12639
407,38363
664,15979
1359,36830
1017,49276
1002,25239
1316,20963
1101,7527
55,16309
531,11892
1090,34832
331,33098
699,13871
163,28834
483,44571
1809,30317
1154,17905
406,19788
1948,30260
17,28137
1308,7386
220,24504
166,12871
1305,42826
1326,116
406,9496
353,16215
1101,32495
1223,39785
1990,45909
264,41618
1619,28525
987,18744
981,19194
1902,21581
1515,23100
1937,13979
755,44599
1855,32351
1343,24119
400,1768
1504,6131
1662,38925
1643,6537
834,46528
153,45149
155,36025
1197,42406
212,40661
889,30825
1938,44266
1223,28084
714,10847
1710,21748
544,75
437,5876
1971,34451
1474,37686
588,46746
1211,47758
823,27883
1489,25208
1235,13863
1300,5088
1987,23227
1003,25909
1791,40618
139,46603
1399,45870
216,43344
652,45272
91,9040
336,16374
696,7448
1603,16659
1816,40702
67,9036
189,41170
419,42921
1932,41266
1447,15213
1413,44073
880,11892
114,43816
1230,12058
1100,13131
1770,46248
411,15442
129,4869
141,2115
561,27129
1934,25574
573,18392
895,40175
896,38149
1267,12608
1222,48454
1830,30944
1054,4728
1091,46493
199,46129
765,40241
9,38668
458,12332
767,38033
1689,42383
987,23365
1763,7102
941,42284
1583,25723
1597,18554
661,950
206,33748
1864,4885
1984,32311
1605,4225
1492,3125
1733,37248
201,27936
1145,1853
33,49297
1295,26202
368,32695
1179,24030
916,824
1502,23548
1822,15766
361,1480
1695,29875
1667,41909
1981,42233
389,16632
608,16596
324,436
642,34137
590,15697
577,33191
455,23662
212,2575
374,4282
924,3036
889,38855
924,45378
125,9273
316,1490
354,43532
251,9062
1025,27094
107,10559
1329,30459
844,48403
1252,11976
520,48223
1808,37927
670,13781
1262,41430
846,28434
467,25673
1036,36346
974,45122
1592,46746
1543,26110
1598,32956
1862,21203
298,10151
471,17843
309,32725
1136,31692
153,9342
764,45118
473,22485
1487,38472
1845,8590
1866,17160
848,38822
1539,20974
1943,19449
684,10375
1497,1485
1592,42470
126,20816
423,49204
197,37903
998,22996
1409,28851
1650,48118
772,9753
1237,29714
192,34545
861,18089
1046,11272
1861,4368
1685,14459
308,18294
876,23275
618,33210
842,29664
428,9700
395,14811
1287,20667
1846,6370
1826,47481
1773,44266
1722,21879
225,6249
689,49028
98,42182
8,29691
378,40992
1354,23628
1538,7858
39,21971
715,14445
864,36446
993,10372
383,21240
1657,29210
1485,6568
900,39650
451,24069
466,8169
1092,47388
1900,14741
922,5073
884,16335
691,24597
1607,15724
998,8757
1282,28834
1984,42786
1582,45965
1651,34884
337,33027
658,8406
172,49451
1673,11171
1152,19466
1235,24209
1372,21331
1386,11241
557,540
245,20490
1002,27182
61,5534
866,34436
1307,20359
1103,30231
1843,19961
973,16407
127,36724
1272,45218
1982,13738
1557,24567
1208,49378
653,5054
149,27625
500,19376
1317,2491
1891,12826
1454,42720
1746,23356
538,46555
985,41088
15,42899
1896,40453
150,3028
354,5920
106,27317
1586,36545
975,37640
1079,33919
1418,45951
1217,17982
1664,26142
162,44132
1337,41588
1700,35184
1945,21932
1631,4592
1097,8939
1020,40327
348,32395
2,6342
974,49238
1219,35940
1942,6529
533,5500
1293,20155
1430,47767
858,26741
910,38553
1060,4630
825,3865
10,39999
976,25896
186,27105
753,40205
1035,31809
1726,15617
1828,11722
1520,30684
1052,41750
1725,29590
1342,31564
1308,48205
1447,49986
377,6590
49,3442
558,17483
731,35105
1087,7951
21,34327
25,23457
1304,13174
32,27196
770,43704
676,19209
391,47714
1965,4265
324,32016
908,32621
992,49389
1244,8396
1586,32272
1379,46323
1573,33672
1037,14080
905,19748
297,44473
1616,15326
219,43116
1697,12092
1234,8713
902,7850
433,35975
1425,9214
61,31755
369,20988
302,1901
252,9034
1381,49199
102,48932
608,14197
385,26937
1915,10955
771,14857
1016,45386
1349,26035
346,38590
1720,34573
1802,37342
542,3740
1365,14184
899,10463
88,28874
743,18177
741,21634
1038,13811
463,24708
1160,24633
581,32529
1890,45789
321,34326
595,27465
1658,30964
66,10172
284,7449
1103,48890
578,31138
444,29698
393,45285
512,4059
265,10114
1803,13115
1773,14330
491,8499
1812,17860
1222,35815
172,15444
1693,47374
320,10158
1983,12920
1851,16969
1893,26087
359,20945
179,3877
1485,37981
427,24155
415,19541
734,29993
627,22816
924,46563
900,29244
194,28925
1389,45239
401,44214
555,31208
124,29872
1150,48029
210,18188
858,24309
486,6002
163,13828
1134,20439
966,35677
323,44623
1155,43420
1912,16287
748,10245
1790,34337
1813,30292
1148,27251
417,8812
1145,48812
1818,49758
38,1035
1826,17933
478,47146
1724,43395
623,29302
1714,14575
245,23538
212,35208
234,2218
1375,32417
853,31245
415,17314
1185,2011
907,44699
1855,36432
1203,21915
972,2651
1598,10448
559,24521
260,34592
1357,7874
1019,31583
92,9832
767,28717
1481,10923
1435,14645
1518,2263
235,42589
1060,18804
596,33560
1827,35432
1972,28846
1791,46402
1860,15261
1749,5869
1937,35520
47,29203
1768,45694
554,31665
751,11444
929,16865
557,15353
1706,7795
388,15648
94,2807
255,29714
828,4313
1796,37895
972,37777
579,26729
1339,23124
604,1449
801,30900
918,3897
1265,474
973,42543
532,7692
1817,33096
79,33219
890,10892
913,43475
941,40799
575,23592
752,13752
400,29753
1287,28219
625,46852
1658,3055
341,37359
1414,623
1437,19098
573,22466
503,7686
1180,26127
1856,20383
464,44914
116,13046
1218,33881
1110,1565
996,8682
16,21892
1093,16716
1295,39348
854,26912
1106,21366
1428,42124
79,21923
1147,28917
71,40275
127,31238
783,4640
807,29368
1420,12547
1911,49191
1911,41958
1045,44591
1102,13076
1598,18117
1230,13694
1406,3875
565,28622
1901,23887
1968,30471
1339,33665
1947,23555
1900,31207
515,17944
285,23922
1319,31942
1995,32852
972,31847
1875,16516
779,2556
848,16936
1651,847
1108,43954
857,49092
1565,25146
601,42792
136,1206
1305,44740
1471,31802
193,9017
1373,24359
381,46211
380,20012
344,40159
1410,19346
84,22191
1724,31675
310,1060
1800,36875
1935,32612
360,31972
542,15804
191,43952
2000,41210
1850,40989
350,24101
526,20990
1295,37837
1033,49470
1418,21738
1895,26164
1635,41042
1674,14857
1273,50033
1484,44637
148,25484
1027,42336
444,26627
262,44112
1096,22571
304,13920
113,44162
1162,26446
1331,28598
183,16290
1139,15663
1624,39483
1380,6727
1783,47651
1806,46002
27,25661
780,5194
880,10209
1893,41961
1732,48473
1755,22904
1527,19772
262,33365
1814,15060
1216,6255
1437,8277
1400,13951
522,16814
1531,32549
1774,20297
343,40866
1101,3982
1876,14267
650,6281
1070,12823
1071,33575
1395,10077
408,36496
478,39004
588,45636
13,14946
1139,21519
718,10153
1163,26247
1635,42568
1016,7456
1212,48415
1286,33625
1695,17950
1356,36016
849,11482
1094,33827
1302,23102
661,25831
1532,21766
216,5541
504,24569
1342,10184
1384,40985
1969,35525
1448,44247
1576,5807
1427,43457
1725,46250
1197,23076
333,2081
1050,35454
435,40858
1193,21209
29,18500
1738,30086
1479,7031
1219,26671
1667,16530
758,34143
763,37895
838,25841
194,4101
115,49821
1386,38365
1083,49625
586,9404
556,16308
1769,16905
1023,14510
1299,17366
1697,6352
1734,6394
229,48517
348,22195
1413,28661
599,43414
1643,10262
950,16711
1588,20608
31,11051
1661,7429
876,9289
1301,36186
1107,33751
1711,17258
1118,37915
459,48708
1085,41487
720,13890
1380,27110
29,49666
189,3294
32,46696
671,26714
847,39485
1886,24359
893,21554
580,22246
990,19784
182,31914
143,3738
1865,19319
1725,28234
993,38242
1936,42804
817,7389
895,23481
904,24832
170,25763
106,39615
733,49122
78,50036
616,47699
604,20937
743,41306
345,20719
336,15248
33,21095
1535,10170
1283,20429
857,49915
347,40969
789,11881
259,41398
1720,2424
1234,39091
945,44162
730,37719
1945,28271
1097,46513
1851,22366
1565,5767
766,21605
1795,18619
1208,7814
1035,7115
425,1990
1003,16737
976,32160
508,35302
745,21597
1983,41768
1808,27714
1112,41058
55,2492
623,14513
1984,31959
1718,15962
1354,31525
302,41147
1287,5239
1285,37538
541,6267
1384,16128
819,18033
684,200
611,33041
841,406
345,9096
460,28973
96,23688
857,5371
1027,36001
798,7585
743,34124
1414,13347
456,24670
1071,31911
250,26456
1485,38738
1962,24751
475,43143
88,24688
1798,4989
1057,48835
1474,38084
466,47528
1414,39623
189,4400
52,139
1341,45200
1295,4521
1899,14999
1240,24462
1395,1725
759,45230
214,9142
1732,23719
532,17642
1224,18054
131,9777
1746,49315
919,1995
793,19473
1322,28712
906,22356
1983,35379
1340,49738
1542,14728
1513,1199
927,20709
1890,31285
408,696
123,27674
1468,11950
836,23081
759,18133
1,21645
1141,41962
1508,11710
1473,22511
1940,28288
844,14821
1083,25744
947,47956
1780,48204
1311,345
1491,8863
867,6473
205,2375
1112,18323
1907,30767
981,48595
870,48072
1145,9685
1033,8771
508,48898
1945,6493
788,35555
179,43898
1619,46277
329,43211
865,847
1814,12387
1385,30734
1477,39811
300,21470
841,46520
1449,14330
688,619
1808,806
1322,35272
1897,29628
560,22629
1691,1494
119,49671
960,24040
272,11106
57,42529
1349,19265
903,5275
267,49255
767,12449
893,9511
1893,40541
977,12892
497,3317
1959,19480
587,48996
789,42909
1038,39263
1859,27198
1665,7583
467,35234
1178,26110
1334,49929
1644,31031
1209,9765
1456,26202
914,11521
1563,12772
1471,12158
1558,47534
38,1175
1917,26875
1543,25644
1973,47901
121,13273
1590,21364
326,8461
1305,28893
1604,21215
1367,29231
1268,14294
1027,48306
341,9554
704,8325
377,26884
1972,7884
906,1969
1138,43205
248,8348
458,22876
1865,16066
1588,6576
971,24111
1600,20554
683,35630
1240,10532
1598,33334
1890,32907
1178,16186
1595,27562
1647,27430
92,21928
1053,45839
758,11325
778,13044
761,30793
1581,5344
839,47935
1693,27573
1877,33009
1869,3270
1199,3931
122,22128
909,11547
970,35897
153,46106
1724,44222
1804,4742
1711,24991
1822,20016
1219,32123
392,38103
154,10804
1873,34166
813,42627
1787,10323
1486,13176
449,24425
676,40975
99,45439
1143,14626
978,17670
584,34288
60,10667
1001,8616
1370,22070
911,4980
506,43566
1809,16995
1694,30585
722,10173
1348,2950
1130,6834
1446,32852
760,37641
1538,44423
1175,47715
667,10194
140,14039
1054,12538
1843,20584
1982,25712
1000,41870
547,20096
1749,41124
1716,48147
1163,24268
681,15260
1297,12058
1809,22039
819,23795
1058,49606
350,9161
1608,1036
443,24690
1476,5432
1122,19539
309,27208
285,26283
791,26331
1239,6494
398,26108
1767,24741
470,18308
32,18256
865,23728
361,42876
1009,49099
77,6666
1523,45682
830,11139
352,45957
247,32325
601,10261
908,40718
1043,3623
616,36761
422,4091
674,35276
24,19703
1112,36141
242,9835
1456,29975
1407,44698
1640,24188
542,26625
833,34039
827,15192
1607,1446
1634,41738
1220,15344
1179,23028
1828,5001
273,41794
1839,5756
1392,24678
589,712
350,4003
1041,12519
974,6359
721,35115
953,46296
62,48009
1102,39995
1964,34569
555,35741
1705,33374
1239,30512
1383,637
463,11283
1904,3618
257,15550
483,33819
1226,23629
840,8902
1055,49341
578,20597
76,5625
1248,13580
1808,33619
963,42191
1101,48074
1834,26667
1909,39464
808,38851
1699,44017
672,25997
194,33467
1996,8711
855,41962
1839,29439
166,14977
1979,17932
728,28976
1728,49534
1273,38628
146,12335
1437,10106
373,33942
1419,29492
1831,6476
243,48128
1966,8620
1505,19326
1148,20454
1305,29768
1932,30771
1488,35901
1703,7084
809,27986
362,48243
1349,32761
1984,30468
195,18699
554,7909
1181,40375
32,5192
542,19868
1943,38953
1526,26916
212,28592
955,5865
95,36667
1569,43166
743,10880
678,37324
40,2097
185,332
829,6603
1154,9204
1926,36773
657,6893
1291,3260
770,47523
1007,41163
1257,13926
785,29891
170,37966
334,17968
443,18682
1283,40040
1857,26317
907,31264
824,11368
1661,40955
1141,36800
1433,10822
966,33934
1755,7534
1144,7563
1762,12511
1388,37728
1465,17457
1531,13929
596,3205
1531,41124
1851,14164
1176,31476
1339,34816
1734,32805
1005,43121
348,48022
554,23923
1321,26633
1018,8416
1283,8675
1413,22470
1990,38022
999,25847
407,27989
1317,16050
691,15175
684,29796
1898,13526
1134,27929
834,58
1497,28603
1089,18173
1896,34959
1692,22122
1915,6507
1313,33165
1173,36647
1206,27288
990,42644
57,31230
1890,40252
1898,32034
646,42567
18,35646
1025,34767
861,21966
1980,43484
334,45296
561,46826
1018,29122
1464,9317
663,39561
1058,24474
637,26415
750,13664
1344,26612
538,9050
1478,38601
758,909
1982,28816
1390,12997
368,36250
798,14680
577,40897
1912,33353
181,21950
1164,16892
950,19574
763,9287
90,40839
1333,48275
1507,745
1321,5907
1800,5547
1063,6867
915,19998
405,16244
1990,47434
1232,39206
1379,32341
1935,19581
186,39843
825,6560
438,18334
798,21618
1204,38011
1790,26072
1896,3757
149,33676
591,3161
289,47290
1520,8069
1534,4652
777,38713
549,30744
1094,11994
69,36753
1868,27228
871,28787
282,4911
1879,49538
499,46165
1605,22650
1932,18771
861,12655
1230,42438
587,24956
55,13800
439,34759
62,42052
1448,28430
1134,29861
1140,19558
289,29843
1036,5087
1557,35666
797,18703
1214,32342
1987,32570
1302,11658
62,36495
1742,35384
1371,25801
575,32753
583,47697
1210,38360
1297,39398
843,24720
710,47103
1948,19521
1721,29476
1852,40600
742,22002
208,44065
817,38583
990,44286
1875,25807
561,36793
99,14705
1622,41929
370,31606
945,24445
1009,37984
92,16064
1626,43493
1114,30384
694,34260
574,12563
1331,27715
1976,31059
19,5454
1129,10700
1440,13824
1317,38856
73,21664
204,20516
1601,28288
389,37398
1108,33159
1898,17203
1822,15640
1912,24203
1391,13607
1154,49090
1353,834
1304,26829
1233,4704
1732,39830
1249,29992
1427,41539
717,14692
1226,28589
737,32383
1916,14796
155,39048
1168,898
1965,3513
1168,29607
1351,11642
478,1087
611,45756
257,29034
718,22402
1391,26644
1180,32751
1772,39207
329,21759
1802,46912
1934,30252
687,27554
1398,33805
780,22853
923,21290
782,40393
592,16770
310,19286
742,19870
825,38801
810,31061
254,45163
1354,34755
1593,5201
880,13426
1073,30004
868,2854
1135,23136
1459,42884
740,18334
533,34880
1994,44649
348,16319
1178,12976
1859,45747
1536,43591
32,5780
1340,10070
1432,41283
1148,14078
210,36011
1840,20973
928,7494
427,30971
1551,11184
936,13973
1558,45650
260,13597
944,16979
43,9271
1197,48931
513,26398
993,18835
663,20085
1186,26662
1603,37135
1022,48662
1766,22056
359,13672
1738,38706
971,39402
1498,36270
1979,1
1137,24921
1597,23968
16,4141
1342,44431
1322,18929
1686,31171
482,45942
10,34056
1597,11083
1425,36338
183,13826
477,2444
1418,5393
253,7531
225,12376
1079,30639
549,14127
197,13294
765,36969
1636,5820
1259,6168
1977,15386
314,24198
1463,8967
324,34188
13,48572
1116,41807
275,31275
774,5531
1998,45659
1290,33154
1583,48973
1738,1261
1613,15773
773,8635
1678,10912
1995,28442
494,3706
881,46562
1885,11918
1650,20229
919,5907
755,21776
1295,30868
316,26327
1317,19380
1744,27505
1630,20987
299,31410
1401,39922
404,41333
988,26869
534,40334
780,14151
1347,43141
1849,29773
646,11153
356,28422
1934,8461
962,22417
745,3400
1199,47903
742,23518
1783,13421
1085,33411
1953,3899
655,21407
346,18853
1245,11806
306,29072
1834,35992
1815,33747
1552,5615
1750,39356
1766,19373
1887,14268
952,13982
305,2563
541,39561
1422,16713
1433,38278
669,20823
908,14633
1624,49259
711,23185
1817,29784
808,39711
160,132
902,18343
1003,21876
290,48058
95,46771
994,35302
1948,43615
979,25034
173,7572
767,38163
1868,11921
1115,24946
1867,35830
367,31426
20,28616
444,16943
455,26159
1934,18878
1626,27206
1434,38129
1242,34611
1971,37553
372,23341
75,8494
483,9441
861,36924
1820,36432
640,36991
49,3702
1477,23838
346,44061
786,48792
965,34962
1185,23787
154,26424
721,17003
293,5536
1469,38483
1622,8426
1361,11213
313,20362
165,19284
1061,45933
1443,21377
1216,46749
1914,37053
286,36744
160,20743
168,19277
172,3529
1996,2457
247,18556
24,13648
1577,13293
1574,10200
415,19335
1600,38712
1933,31666
425,7761
184,8222
442,32232
1373,42200
979,32747
1755,24542
384,26185
464,17059
335,22622
385,35876
485,48424
1010,44539
22,22393
321,23467
307,32001
1729,30657
879,32319
211,17280
1758,18650
957,14701
1984,35625
1501,24512
1920,26844
386,9623
147,34387
288,8973
792,46101
1031,39147
1571,36144
1081,16651
580,13487
1445,16254
745,49125
602,27541
1778,3806
258,35251
498,33843
1172,44148
874,49499
1567,38789
1010,11485
208,48383
984,29274
1010,36246
679,36446
240,6053
1457,12524
756,1875
937,10319
1819,34584
674,41602
1908,28595
1244,16028
1784,27555
132,32734
1249,36631
1561,38727
350,12140
333,17759
775,32713
684,30232
952,10178
1173,18621
1565,17687
1228,35525
873,22902
1338,48417
431,4637
736,9090
74,46703
1628,30816
92,21905
1876,48973
592,8475
237,11512
135,48758
475,46740
1263,7826
1853,24630
1724,4497
473,5780
412,5030
513,21697
225,3993
1939,48558
1554,44180
325,33314
272,683
1987,33710
1484,8602
520,26284
796,18839
1109,42317
1018,26508
740,37297
488,19783
848,49825
1404,29710
828,7383
1015,2593
158,9584
269,17215
777,26092
865,1649
122,46209
1765,30892
216,32895
1739,3922
1292,25961
654,41024
259,23577
364,28859
1193,34370
606,19568
19,21217
933,37194
157,32792
1650,15421
593,22339
627,35212
1825,18578
1826,4081
1230,40580
233,12522
1404,24957
1397,12349
2000,11240
1289,32881
1962,24817
323,46341
428,32372
365,14752
1763,6501
1356,3126
332,14866
138,33271
641,4181
1751,46782
565,44854
159,39328
1448,34599
1463,21604
1100,40898
143,33402
851,22043
913,30452
1150,37743
1162,28668
122,5365
619,3638
957,12196
1473,9421
630,30897
26,21885
878,11847
1306,31528
456,49234
268,34248
545,24063
732,48695
1843,22714
1448,16226
1010,43278
576,24750
1707,49794
1585,11599
1880,822
23,25498
858,16076
398,23513
539,14916
48,34565
490,6753
995,10208
1232,41865
661,13340
1233,7788
770,47703
534,9687
1812,41062
1289,25780
258,14227
1321,36886
567,17414
1427,9774
502,41158
1328,49229
1064,47935
230,40179
298,38158
949,23206
1485,46804
147,42432
1504,18928
1061,26921
536,15946
906,46765
1381,4327
1076,17605
1397,37942
1091,36089
1276,46506
433,1702
1265,26708
678,46227
1563,18644
277,11603
441,30504
1532,25939
1015,35686
1128,33817
1862,34716
240,29236
539,30547
1324,3789
1037,8627
88,13769
103,865
1786,694
1982,6152
709,28139
140,39194
1151,46611
942,27821
711,7920
398,20165
689,13596
495,1636
1933,5279
688,15684
998,5502
1271,29894
1273,26449
1077,38610
1464,16290
844,36344
1957,11638
1711,15690
1425,42823
1930,46393
893,4184
766,7935
1030,38669
1747,19300
1804,36065
1570,4883
1810,2969
105,37442
723,1932
1859,34153
479,47620
1356,47351
1744,7321
1963,29414
681,36740
1481,35431
1733,10581
1380,45451
1461,13857
1504,3435
1185,1039
1318,38516
1425,39284
642,42851
606,18821
1143,35510
596,34478
1727,28055
1091,31777
1718,45114
451,13188
1998,28162
638,19700
509,39619
33,3970
679,3388
1355,16552
1954,35856
837,36040
1470,35291
923,31418
129,19662
57,2543
1770,5628
270,38691
138,41761
350,15521
486,26754
1708,33750
1121,7878
1825,33018
1499,17028
1799,39820
1497,31210
1998,33317
1925,30516
1161,24776
113,3901
1530,5522
9,34043
768,11326
409,46442
1764,35019
1623,18162
431,34195
951,29019
530,42454
1213,37188
2000,16688
1378,43592
1106,35171
1819,7319
1104,16959
1182,35440
169,39894
1403,33003
451,41985
1999,40403
1846,35456
1806,40401
683,22468
766,39396
1133,25707
1717,9105
1041,23059
387,44903
1905,27412
1044,10719
1019,24872
1212,9024
832,29994
901,46017
60,30654
1908,11373
116,12568
432,20594
1754,44710
61,18140
171,34807
272,42595
1120,39289
911,8363
1223,36728
1375,21581
1374,2632
235,5904
1277,6120
1910,49947
1819,8245
776,46636
994,19799
1342,11775
203,41203
867,38837
1434,41505
1620,8873
1790,24637
1157,1191
922,20052
705,49445
1351,39546
1142,35625
762,28058
289,36059
607,42800
1579,43033
1693,27062
499,2220
1275,28035
589,43809
968,41947
370,9313
706,34974
1386,31391
1173,2629
317,16083
1369,18773
641,42905
687,42057
377,23596
273,28183
468,30687
1904,600
1672,39250
1,40312
1831,7832
1953,1108
72,9737
1241,4272
1883,4702
200,21847
546,16405
1866,42564
1407,18957
1779,31501
1763,5062
601,11942
966,50034
29,33324
191,7151
398,5125
47,25430
293,14257
509,33352
1665,8730
1183,25733
1865,13961
231,22656
587,30040
810,26414
1338,11174
1664,7431
1860,20049
856,10168
207,24124
1383,22805
1484,696
1183,5864
1242,36932
42,45848
1186,46386
1529,1567
339,22135
826,38218
196,1985
950,30410
1492,27438
673,23230
478,42129
468,49351
344,39016
781,13050
756,22919
1350,30605
813,30110
873,30923
24,48760
1920,36134
1880,47323
21,26381
754,7012
1251,14154
708,5071
499,26794
175,19006
926,35488
1770,37315
928,27608
459,16642
1395,48631
903,47930
473,49093
1626,26282
1436,28912
632,29986
768,4683
781,11627
1857,37477
1637,23754
20,31398
950,44047
834,38796
603,12685
643,41665
1408,31759
968,26956
1854,11224
1068,37978
851,48707
1112,21038
1778,22242
1467,14337
451,24192
1087,23788
1526,43420
540,44975
458,41015
1466,12362
327,5080
1188,44043
1500,9373
1544,24835
960,36136
1410,14331
720,40035
1497,24347
1099,1287
171,40373
725,22595
440,14688
1893,43742
483,42879
808,10670
704,2527
1617,46921
1156,27605
998,49929
989,6890
1335,19002
629,12502
1568,31211
976,3134
1977,12723
1388,11748
1824,6283
931,36243
383,8602
1134,21893
1220,22597
1474,16137
632,26787
688,22718
1470,42833
1572,1154
1368,19247
792,34324
945,48611
486,36514
465,14549
729,44988
1034,24852
693,18486
195,37301
1893,23564
745,28852
1620,39150
1679,44550
177,2418
1725,39510
1080,45568
1843,43133
232,36993
400,40484
1990,33351
1260,18515
1319,3858
1151,16105
1975,45845
346,43587
1499,11146
1636,30338
1751,42040
1184,12183
126,47112
424,11082
1915,28029
365,8024
1631,4332
1468,9794
1416,9309
824,34226
180,4675
692,27416
1322,14539
939,47705
662,11368
1204,42489
1052,49739
312,22968
1902,24579
176,31009
305,6326
174,34162
1934,21508
972,28042
1220,27446
178,30949
906,34284
718,37789
162,40049
1312,14169
901,22399
196,1830
849,13428
181,34249
1550,45534
1101,9680
1792,5338
1065,39847
1687,18740
1292,30381
271,32503
500,5789
1171,5820
563,6986
520,1942
1738,35080
86,30345
713,20997
265,32906
1344,22246
121,10406
1668,49921
906,32362
469,36415
523,6753
561,9944
1160,39508
500,11694
243,25294
1908,8251
1665,12112
1540,11153
725,38668
1506,8405
180,42347
1433,36956
1967,15380
1403,26411
1893,27442
1513,35025
1564,8141
231,22698
268,27561
805,33803
71,22813
575,45599
559,11182
601,26289
496,5944
396,3068
316,43118
1686,7818
167,1871
1009,41793
173,36375
1750,6766
179,41847
821,2692
97,19600
1916,46192
244,28531
235,43603
1656,14379
1191,15535
1937,2374
1288,20599
1270,7761
100,42568
1876,13762
352,10887
1935,7656
1867,20936
634,34986
1237,49366
1272,33070
1049,48634
1453,42405
466,43252
1047,2016
566,40607
199,5000
1870,36127
1615,12332
1243,18788
1417,9454
35,6547
1571,1148
1353,22534
1886,2215
1001,33472
731,42634
1279,18193
1095,25680
755,5768
569,41563
1099,15788
1417,36061
1903,28431
181,396
1760,22877
647,49361
1305,43685
1171,49444
1869,13137
1833,44322
1071,4654
49,28511
927,34582
332,41258
1231,19560
1052,46673
510,10160
521,19308
599,7684
490,40031
1307,499
1823,20876
1693,5062
1184,43625
1522,28539
1662,36181
1158,48810
639,13246
107,11635
243,38524
980,5555
140,47332
546,27516
577,6203
1486,36216
471,1380
1524,18097
1606,18480
1637,35364
1404,24534
1787,44516
808,1717
893,21733
737,12067
1477,9891
245,44636
1886,22018
1705,37765
1693,41488
1276,12054
1891,49702
662,46504
1414,49892
1535,41871
312,26798
831,17200
1629,11313
115,35069
1341,16441
215,48848
681,40420
94,40439
1342,9795
928,26689
984,43041
313,133
648,36265
1263,7134
205,21828
423,30969
543,23015
647,32471
1431,32390
530,21632
367,41664
1539,32769
1316,7369
1160,14060
878,34033
1303,2341
1512,9345
577,19521
1749,8110
1123,30432
150,44957
487,34258
541,37947
1401,13114
612,35968
607,29762
25,12478
635,25796
158,20797
589,37638
1387,9370
177,41525
1867,33401
762,26272
644,45631
548,40313
887,43332
1800,24916
376,10268
1737,39962
1439,5884
336,29997
1074,49972
1513,26447
1417,9045
952,14917
1466,7206
596,18659
1907,40321
901,11771
1926,3737
3,16264
1115,13502
799,2437
1020,1215
1583,3045
1599,17059
528,13228
1182,46344
1272,6615
1690,33642
1383,4456
1935,4519
1230,9977
674,34911
38,17066
746,21432
544,5109
1444,8964
90,40808
902,39774
639,3117
1191,7671
13,23501
460,9752
513,35834
1231,34543
1333,11257
1176,47140
474,30656
1558,17763
1856,30169
451,32227
1904,10829
737,34992
654,41912
1611,23289
366,25913
763,3096
1211,22367
1672,49437
1608,24750
1391,6651
781,22317
1648,31225
1691,48540
792,18736
1649,17654
1788,35174
98,34924
1445,28112
823,17625
654,36933
1526,35450
437,24735
884,23585
1495,27576
1815,8414
371,48346
535,14303
1675,49143
850,20927
1144,44484
1414,19555
1927,28652
354,46852
835,47124
465,47194
338,18822
105,20309
1141,11261
68,3439
1705,36632
756,33604
1979,23429
75,35804
1725,23577
760,32175
643,5312
1303,14427
1352,14051
210,6873
1355,25270
631,14864
1130,34026
1307,33852
579,11290
1072,31696
438,46381
1918,47882
364,36001
604,40399
315,2660
801,39923
1867,48137
824,11203
941,5538
463,37237
1888,37505
1674,8933
103,43605
1630,45424
1213,2349
1545,32628
702,6259
1031,1828
883,42797
1704,43006
1789,17140
269,42304
366,48819
890,48226
825,12874
21,987
46,35385
1128,30008
1614,17394
363,7743
667,16031
672,47141
1277,49793
1203,33490
1854,33212
1062,28447
580,28324
1847,41351
332,35948
830,28274
357,29043
1985,24524
55,48188
1203,562
552,8113
893,48936
1152,16249
1295,33830
999,36152
919,4744
673,40484
1155,44691
1550,25607
1918,8512
638,25247
1483,5047
323,27127
776,5140
1982,48197
683,29724
318,12809
440,11278
477,35359
858,39275
1363,8873
300,46668
1848,49724
98,14812
1204,28797
1036,3712
1791,4004
332,34155
521,722
165,42210
605,26923
739,20313
502,41154
1371,36505
1880,30250
417,39572
12,11723
1504,16747
1270,8963
501,35834
1484,46421
926,48653
869,15214
408,19530
295,19248
186,28434
320,47427
185,17040
943,26088
1145,40233
1266,18308
1426,44282
23,4323
1882,17436
1810,41484
1324,40765
1317,1009
857,26230
1413,24211
1619,27584
524,18023
763,4033
1478,36368
394,29577
1286,11733
93,13832
941,46568
1769,11428
1699,18051
1452,6390
1861,28663
847,46947
4,20722
1747,42551
803,31307
996,42962
145,9656
937,9754
146,26109
356,45832
1411,26660
793,5474
1626,32073
398,33269
1737,6802
1306,23150
1778,46484
1029,24077
841,23472
244,39696
1296,718
900,139
1311,23436
971,47222
1700,827
813,10328
1666,35109
1548,38697
1764,25897
1611,31745
1497,48033
570,18784
1365,14118
1936,23735
1411,31414
738,3321
131,35579
205,37022
1442,17892
1095,22236
833,29982
285,5688
1068,40189
746,22178
656,391
1568,7657
1629,41058
1051,36369
97,36882
1917,5805
1661,8047
860,20094
1789,42158
423,38548
575,22735
1528,31936
1831,6717
178,26222
73,13961
425,5946
1913,20927
1282,33888
1434,11072
358,2899
1019,40953
561,21670
685,39240
1712,36750
1060,28912
482,47282
1777,25390
1459,37554
595,47415
1465,15008
486,4710
430,43492
1129,45395
668,49787
752,42641
1574,43085
277,25864
861,41265
1138,26168
1777,24613
543,46269
472,12133
908,33894
958,25207
1214,30077
1048,42412
134,13081
685,5834
1469,11301
601,30298
1290,14019
548,7457
641,9623
1719,35440
554,36497
220,18908
697,6712
1487,24286
604,12959
1930,25815
966,6379
723,42382
897,329
981,13025
1271,30370
1862,15265
492,24876
1547,38134
1997,34643
127,25319
1694,26776
1191,11607
1792,40521
671,9933
1930,20321
1865,21275
1896,3880
1933,44699
1657,9268
1912,6890
1014,1160
665,6808
775,21613
1775,27709
1523,22614
654,35600
1246,21180
246,19121
609,13151
320,21248
245,2069
371,40848
364,35516
1680,12062
1581,8562
1510,23843
1553,18339
142,35690
770,27545
395,6357
1824,46619
1161,34741
1319,17195
1751,10632
1558,13556
566,30817
288,19569
874,23895
1998,32088
462,37591
1148,21485
1961,42498
644,12343
573,2956
497,23944
43,40233
1550,37194
1454,4050
599,4801
416,31960
241,33487
1959,34112
1553,25550
86,8456
1292,43601
357,17123
368,36348
558,46856
784,33545
2000,28580
148,22167
1565,6777
707,30200
775,2572
120,42309
1845,35226
1887,36214
893,22625
1008,13064
1306,8019
346,10536
572,32208
1966,34809
392,4204
1095,16487
1830,25645
1526,43542
1054,3018
207,14204
248,2532
1913,13026
1641,33633
1476,43669
739,14322
862,45657
1904,17022
497,14694
372,46467
1269,40609
1683,43719
987,43911
787,26829
118,36138
110,47136
1340,4856
670,21023
1332,40260
454,29961
848,10928
1862,36449
2000,31790
227,11751
1859,14138
1621,35221
1334,36900
563,22105
1819,21921
1757,20929
669,37702
91,13393
988,48230
1319,4891
170,12137
1202,48036
57,31611
1656,41635
165,5012
1613,14120
16,35764
1268,10408
956,28078
1196,40855
589,12063
1825,23215
237,15157
337,21160
768,3826
1970,18786
102,36994
708,49841
812,7876
753,6368
528,45474
635,31976
1506,4088
1457,43312
1196,43839
40,27963
45,47667
1837,7900
1051,42780
25,41964
1817,41919
626,37133
848,36747
494,42736
147,4779
1093,6738
655,32157
764,34707
1811,41677
952,17769
639,5317
407,12805
1440,42365
452,16643
1274,10838
309,22106
1745,40734
1563,7858
479,9669
437,49050
324,5000
100,10239
2,14671
827,47760
491,32909
757,34049
1906,48208
88,40328
1002,6866
714,45603
1180,46282
618,26075
995,28678
1261,39156
693,41732
922,42016
64,6057
1042,16010
749,4582
1762,41416
182,26345
253,34413
722,10738
518,27603
1079,10950
1875,27290
1997,11426
1768,15744
684,24722
608,11678
1008,34397
1880,3552
575,33928
1601,6302
850,37148
1305,11772
649,35237
708,28695
168,25706
1830,44689
788,16881
494,49172
962,23295
1812,7617
321,28378
503,39812
1320,41330
492,2276
830,9223
799,22809
1543,14381
1565,10169
920,22079
1471,9963
1872,40691
42,38896
451,43455
217,10764
686,16756
675,43525
1760,8618
756,45165
1693,26269
555,44
558,24301
259,2292
1557,5526
1528,41177
1575,24986
1915,2509
349,13393
742,25524
949,33449
1799,17087
308,11378
1871,16028
1096,46766
68,34601
591,43660
706,26638
1657,11773
420,25689
375,29617
427,17545
131,12709
1416,26674
443,23
536,10149
1576,11409
1604,6537
1531,12352
538,24477
986,42461
203,38620
1455,8252
531,10921
190,25211
1462,46459
935,12426
1421,31967
855,46531
858,38533
813,7312
1000,32803
1487,406
912,11126
315,13871
1119,49079
397,509
1998,303
1380,35182
326,29519
440,7353
714,14201
1421,21813
511,22110
1906,2657
950,24508
567,49451
1657,28173
1653,47740
1834,37566
665,13864
396,46663
242,45578
1668,28441
33,47500
1408,23238
765,23316
624,22880
1883,2508
882,32325
1531,40275
1734,11783
857,42292
968,30173
1278,43970
621,13147
1977,19385
754,5765
130,13604
82,44344
1395,40001
611,14337
1460,44531
579,8950
839,17434
447,258
1450,2341
1104,23937
311,45576
967,5640
1567,38031
1383,1355
1426,11749
950,22673
598,12378
179,28858
424,5621
1575,38024
1768,3782
95,25369
537,20161
1332,10915
54,30893
1617,49151
1683,40299
573,42464
1626,42922
1204,500
719,662
424,38100
1329,47582
1426,18818
1891,4309
1117,35872
1384,1985
1794,27369
1337,7301
712,14327
767,15267
947,18798
1878,16635
1531,19731
1692,1193
714,23519
1653,42810
1883,22473
1446,49222
469,17018
1421,46790
830,31377
1079,1620
1871,23314
1416,15071
1109,8680
456,12231
844,41689
239,23089
1866,5644
489,36168
1972,48727
501,25278
178,38513
1977,21089
157,10358
787,49657
739,17440
555,29993
71,33916
618,47313
279,4225
1015,24830
590,41131
815,28421
310,5028
198,37093
1378,15559
486,5582
1767,27904
1902,26097
132,3029
1136,42701
1365,19692
771,16391
1501,48982
280,15740
1197,40361
1317,8925
1158,6132
208,12774
264,6948
553,28825
1620,9959
402,23288
508,20299
1210,21762
1333,31736
1598,34965
848,41517
515,2512
136,2203
1597,42432
1933,10586
712,49969
1803,19635
1839,17295
660,42109
422,31608
1740,3420
1579,9277
1375,43311
1050,10426
1965,12042
154,39633
1354,36595
1340,11287
809,43011
1275,12079
773,14913
1823,24512
989,26989
1261,2092
1369,45173
1815,1949
1270,6873
191,41096
100,8936
212,11272
68,23278
1263,24628
1044,23507
280,36212
1341,29447
1962,23790
1758,46998
1495,2011
916,29291
122,15297
943,15776
471,40640
538,22354
1403,12671
1317,34314
1442,22686
136,46035
883,31244
298,47094
151,45212
159,29711
754,19737
1001,27077
1747,20790
407,11774
1870,25651
1931,15132
701,34810
1895,41256
1299,17920
1791,28905
1920,29966
874,25402
1483,26043
1026,15716
1898,48174
363,8018
178,25895
1587,12628
350,33240
1161,22570
1719,16769
1989,16035
862,48664
1937,3515
1335,167
1479,18919
1638,41901
1508,10691
758,46856
775,28595
136,20570
108,47407
523,49490
1417,18278
1247,48607
1751,29812
557,1681
712,31604
917,35175
760,36511
879,16952
47,38524
165,18226
1806,10049
950,46129
838,17632
869,3778
914,44514
1773,36649
869,27306
1917,11050
969,29228
797,34325
128,8387
320,1075
553,25952
398,47937
1454,786
1069,2802
373,19263
700,3192
639,2333
1018,27630
1408,13551
1082,5954
1612,24831
272,38635
1968,41455
1330,31966
518,21087
958,12503
859,16289
1308,29810
407,28419
945,27669
1624,29146
393,41770
172,45640
1239,33025
1467,8092
1943,29094
1103,20806
364,31277
1295,43173
1603,34393
643,2972
951,14232
1537,5486
1414,37669
1857,27045
1661,11327
267,37115
1332,43626
221,26645
1624,34155
4,35078
1774,27441
531,17801
1825,38809
1914,8088
2,25766
1892,12649
1378,18465
1000,29392
514,9030
65,13752
69,12734
1221,14293
814,3487
1975,49886
304,12169
931,26591
1257,8687
759,29723
928,10625
368,10499
638,29327
33,18983
1279,28485
1710,36318
668,1758
789,40168
363,37843
76,14653
155,11380
1899,13322
1406,30765
705,26650
1624,1201
1871,42525
116,35858
1298,16937
1395,36885
541,20673
953,33126
1267,10782
1309,5816
1748,18089
1134,372
1985,24553
1709,43320
1322,37639
1927,48326
1994,28934
561,28463
897,3352
1480,49427
1523,12847
1620,26309
755,10549
1497,16298
585,23508
1515,48904
1891,44375
1067,19279
1220,20676
1815,25382
651,35942
1750,8219
873,21611
1042,30763
630,17817
1312,19319
715,42656
1912,22883
1589,44289
635,43323
281,31526
2000,8175
558,13533
779,18187
1088,27769
1865,18555
1964,47966
893,46741
234,46751
321,20004
1094,4294
229,38105
603,39857
744,14859
813,16439
1539,14350
285,23385
1034,27107
1762,11812
492,13709
1609,33237
1892,28014
213,15196
359,2337
498,28827
869,16906
1078,18093
538,28772
741,12165
1267,21766
851,7552
1682,25513
1820,26244
656,48932
628,38835
1521,40646
1115,25261
241,46154
261,25184
84,20175
1191,13795
247,18338
810,42807
1731,34104
1256,3838
705,40802
1518,41688
294,32117
1461,21190
193,16272
1471,22220
85,36027
820,33654
1587,30740
1136,10543
465,689
936,17505
1505,36920
1487,17741
694,36134
733,1960
1121,28827
778,21507
594,31114
1152,5592
1957,23950
774,4931
1128,14223
1957,6558
135,23392
1262,15359
1620,42571
506,7236
1712,32053
1945,37159
1903,46143
1339,28586
1463,13706
4,456
1755,9733
323,34091
1738,11009
65,42047
1660,20498
1897,16006
633,38511
825,25682
830,9908
1471,24905
1850,44806
500,286
169,31136
524,18268
1880,25819
1968,19443
97,7318
1086,41772
1156,3632
1297,34634
1046,10960
714,20360
515,17098
1917,21910
349,7249
796,46344
798,39910
366,3906
1754,10691
495,30089
11,41130
661,38639
1843,13740
700,24046
1854,25686
1320,18855
1591,35791
951,29014
261,29020
537,7465
691,12335
403,9606
924,46857
1731,9097
1484,35335
1253,47437
843,17199
1653,14431
888,47643
878,31655
1669,23306
1619,44624
79,35527
995,3796
1518,22316
1200,34050
20,13770
1325,43225
534,11782
1536,21530
543,25586
1662,35088
1473,18074
1509,1668
609,23039
1887,47084
928,31949
914,4483
1704,364
1296,10422
1157,26109
678,36442
1879,34914
880,21525
555,10541
229,8744
980,13082
854,6028
401,10320
1803,8868
1759,3361
1252,42833
1207,19118
1924,11441
193,23282
1017,45350
1135,36934
1170,7339
723,24163
1039,10450
129,138
959,19633
1468,49571
289,4911
646,48219
303,13595
1101,7563
1439,40236
622,25315
1800,4737
1057,10559
1917,6071
932,47893
885,3124
1535,42860
518,30444
1403,11668
446,3155
118,10049
711,34003
962,47279
1580,39470
295,46415
440,22854
412,32032
570,16951
1254,38585
637,38937
719,38298
209,9540
694,25468
1008,39356
1122,10350
1245,27407
934,45425
1102,35577
1338,36113
161,10180
1962,3575
161,46250
478,31929
82,3171
1821,41478
469,22934
1985,23799
1947,1837
1418,40575
249,26735
1906,33043
466,5108
1421,23818
1039,21759
386,29948
586,25319
1563,16414
252,46391
1634,38949
344,29487
1253,18574
655,24635
1533,38056
128,14790
714,39647
455,22598
1354,1974
1097,11640
39,44873
221,20401
1279,3546
879,28849
721,15629
535,21818
1941,28013
787,42998
1169,28148
672,39662
533,30172
798,21033
1765,36392
949,23417
414,38718
126,12336
915,29958
1048,47152
1823,8394
741,14292
1832,8003
188,42336
1967,21850
1557,11680
1663,21740
50,30319
721,43123
782,25082
1892,20165
511,21729
1446,12124
1701,26191
1094,155
295,45776
1621,39888
237,19960
860,15541
1781,2665
891,10915
1896,43353
1505,47903
1291,35000
1111,40763
1245,29264
325,21284
1272,44519
538,38628
1038,27438
1239,29739
1799,5453
1200,30822
763,42180
1887,25332
647,7784
1776,33555
1325,14202
714,8018
146,38994
1355,17388
1593,48518
1920,25866
1342,10330
1695,43103
965,30684
473,8199
986,46592
864,45132
1415,25907
1400,5247
1166,14531
1159,45032
1729,10023
1420,27212
1437,25797
651,22095
1621,47484
1164,3908
1401,47294
1719,16928
121,45611
36,31475
1578,10781
1635,14589
1040,7938
175,29789
1766,5966
1273,18608
1447,48907
1172,36291
28,34478
203,24017
514,28537
1904,44592
1363,21965
218,4623
1091,11174
1208,13993
707,214
544,39184
1082,25117
1550,46755
794,18790
1823,31031
956,28696
1527,8309
929,8302
1131,43175
966,40956
1853,40208
1680,49214
379,2830
92,1697
1754,19980
464,33942
1216,24103
1300,37694
706,26650
1779,1853
996,18074
568,16891
568,31638
424,9529
796,41479
1992,1268
1868,30439
1262,21079
1369,24585
1142,23519
738,14667
369,43597
1050,7309
217,26494
846,33150
1632,16523
51,34721
348,37762
1285,32266
544,5421
738,12534
344,5477
444,14480
975,22106
1393,38681
327,13215
1099,6520
523,49847
1912,44224
621,4114
52,28985
1787,6891
1147,18254
1689,12339
506,34444
1485,30985
1450,28661
1502,3299
1992,23537
1719,29714
133,19513
420,12471
1810,8282
561,37760
174,19292
274,33502
336,32769
23,46797
667,9065
1348,13576
518,40368
1270,12346
467,27666
1379,24377
145,18110
1580,38123
1049,40609
390,17813
1738,30797
590,46109
1734,24868
1829,21560
1350,36172
1521,15522
142,34494
1140,36162
65,44402
161,28719
263,12091
868,23149
1811,14207
1276,6999
24,30200
351,19789
1686,13994
1808,31429
900,4998
1096,48352
1153,16666
237,47067
83,18228
35,14997
1688,17965
1941,41903
1715,48678
1304,13148
1791,16174
53,48838
353,41645
1199,45155
89,47664
1657,12924
1945,9374
1019,13013
781,30244
677,23978
195,38837
643,5540
494,23105
1850,29028
48,850
1776,37929
1458,49895
1281,12219
534,11702
447,47144
711,28861
643,33179
274,29231
1987,39957
654,7748
487,41511
1177,32266
363,28947
309,18895
1794,47807
750,222
636,33320
834,17290
137,42191
1807,27101
278,16703
935,20287
1620,7867
1385,33833
71,44605
294,15938
1721,24462
1672,17511
1731,15110
913,8629
288,15127
1937,449
1131,29324
1196,42942
1058,11150
295,44056
1020,47274
1106,27399
121,21006
485,16692
976,15722
61,5739
1433,36933
1742,27969
1711,7633
409,25608
773,3871
41,6299
1442,10138
76,45133
498,653
449,37413
301,31066
928,32253
500,23906
1145,42856
681,28210
1679,34843
1082,5045
643,860
800,28325
381,9614
1011,33331
1919,15226
147,29095
423,18100
505,44340
116,34599
1405,15543
789,1310
441,10789
1113,5168
1252,13962
1709,27696
812,23334
1574,8111
572,8317
1425,24779
194,24675
1370,33654
728,4377
223,19955
611,2410
8,45914
415,9772
786,13160
1870,32880
431,10124
1521,45074
1642,4977
986,49879
255,49139
816,31180
1129,24144
1330,38475
314,45896
1848,35627
1089,10335
1366,13226
467,8560
1157,15334
1039,11921
740,35141
396,29712
1804,6342
735,49950
79,3722
1354,38980
1555,6064
453,33367
119,48159
1529,6050
1466,31905
1759,33442
587,20672
1845,1455
494,22010
540,31315
1416,32404
557,38809
1404,4787
837,30031
1455,28694
1794,17374
1817,26124
1022,24238
493,44402
803,38619
197,15408
1871,30781
480,40984
212,43336
339,3052
1504,15755
1348,22009
1557,45182
1308,33401
106,3254
1594,31994
51,34783
1571,19699
996,39186
1117,11920
361,6662
228,37355
654,6765
663,26589
802,23512
310,39396
1543,19670
1241,7898
917,28073
1922,220
1745,43384
47,12139
1274,44356
783,16313
1919,30169
1872,11838
823,18036
930,49374
857,1884
845,49165
209,5703
627,15166
444,24423
60,41938
140,48188
105,5333
1411,17592
360,31276
407,29378
648,4958
1021,5241
1464,15740
1897,22000
955,49432
1912,17801
1876,43563
1434,33804
1740,28094
67,436
1954,31614
1002,46291
1676,4489
41,36037
398,26412
677,33021
982,26724
220,8416
239,5225
1069,2960
510,25311
1814,41039
756,2507
435,36777
679,17079
45,26610
1552,13933
145,48537
710,40405
1334,24914
1356,28744
25,43248
1092,46154
1522,11895
1102,12178
769,43261
808,23487
1404,34646
221,22135
279,41274
83,16416
308,30935
653,43900
1012,35583
880,40658
1368,44003
308,34461
1434,39876
515,46700
284,49036
1840,19929
1102,33968
369,16723
511,26879
1318,25672
309,38508
672,28632
1423,16165
1192,34491
42,29354
1747,44543
1578,2992
686,27661
1669,42326
1907,3937
283,46625
1712,28415
479,2384
1546,24606
49,21227
767,20282
97,34129
1270,39825
1109,40576
243,41565
15,49454
822,35997
167,11150
938,37476
1817,2949
217,8704
1598,42011
518,1715
537,14150
1382,23727
929,4229
1691,44095
1141,40462
656,20899
70,22537
1789,6136
294,42076
1623,39295
771,17279
646,26188
897,21835
1197,36193
189,41027
268,702
888,48349
404,35271
1881,3585
1756,42064
175,33957
585,12650
1526,23633
744,5173
620,34625
698,49329
913,19691
1269,334
1822,22199
852,19804
1355,7918
822,18816
97,21765
1456,9780
1825,27089
1164,20149
22,43851
1979,23319
474,6956
678,36580
1882,4093
513,36243
274,25490
1764,16770
58,15791
860,1317
299,28601
1087,615
1483,22307
704,31347
1081,14028
1429,1935
1137,15439
1559,23068
1688,28018
40,37609
348,1203
1969,11657
855,31289
580,22916
1659,5794
482,46935
364,48620
695,5325
1548,7406
161,18166
201,24866
815,43278
1285,4565
820,17391
596,29058
1847,11472
852,8452
1812,32079
693,7881
1679,43489
1331,36907
555,31894
1242,37218
1279,12547
898,48284
956,21403
1791,10346
770,41548
1247,15746
1414,48417
1233,34752
1616,13555
1357,40532
1001,7928
1461,7838
1104,1069
770,35573
1431,23183
485,39235
35,35364
1467,15443
1649,3701
1098,46169
1153,7181
1856,6857
1927,17879
923,29662
554,20314
827,27429
1272,42230
967,15987
1690,3268
1206,19258
1401,24638
430,49639
56,38410
1353,17134
1356,6274
453,17884
1131,36953
1004,24939
371,36663
1939,32119
1254,21914
171,17953
71,28883
1985,33957
874,33401
715,2342
323,27674
41,19167
994,29045
334,14214
74,30440
1364,16524
1416,48366
1471,3766
545,1963
1155,45919
1508,41995
883,4265
976,5870
1368,7896
1541,42550
101,1396
294,17860
918,18700
816,6760
1796,7972
1973,5774
569,762
1610,22063
1973,148
161,8783
1269,2140
1576,9475
551,20384
900,29249
76,25539
1030,17554
566,32978
1600,44612
985,13322
243,38690
452,18047
312,42460
1201,47385
458,26701
292,25168
1946,49484
1796,14526
562,6153
1077,18694
185,49814
918,15311
443,3593
76,19597
1401,43948
1571,41931
224,37980
1505,42521
1354,39912
250,12226
126,7436
1042,1096
1534,15385
179,47361
1157,42041
349,39086
411,49935
916,12414
274,21308
641,48355
1001,32478
48,24368
556,654
1505,18951
655,47221
259,26087
1884,10837
773,49184
493,14514
696,38539
882,29476
344,7960
900,6452
621,24722
1111,43263
1226,15575
1784,4126
1007,45386
423,42089
1373,25125
753,21912
191,6945
457,39370
584,19217
958,26626
1064,24420
502,9279
622,10294
430,30583
248,29429
1130,10881
745,42584
1214,29823
830,34441
96,45930
1854,5852
1728,24895
228,46174
1435,39816
1578,35954
1910,11045
1052,27748
98,10063
482,15850
582,24351
836,36758
952,24834
1015,42451
190,40116
1908,15774
331,43556
1892,15091
1838,38577
150,36717
235,13498
715,28611
1766,9745
184,7606
1418,42237
473,5177
630,5280
1163,48931
425,33593
222,22714
924,14621
231,31558
582,46133
1739,6603
1306,20623
1729,34326
944,41206
1156,25171
1048,26020
168,34600
1582,11868
782,9930
808,28137
1630,31285
1619,48549
1174,25262
1572,47076
341,27127
1896,7640
1711,38100
913,29952
1203,41748
864,14600
1686,39010
565,3913
1974,39835
956,16314
659,37683
1949,20980
358,42322
1420,2757
1136,5905
1809,19699
1343,29285
1059,48857
209,795
1824,36529
1484,40385
1464,23435
506,44429
1879,11807
424,40949
184,46664
678,39386
266,2323
1400,48103
736,38537
412,21741
1222,49206
889,19310
1683,1215
1837,29479
981,45789
1677,13477
1844,38565
734,42038
364,25412
1337,5526
1670,14400
97,33758
866,12617
1382,21250
1556,34020
1004,19408
397,23756
24,9386
709,36594
1784,24100
1563,12721
1445,32921
300,48089
1262,17365
429,6287
56,14217
141,5573
131,17767
534,49018
1686,27397
293,3847
232,30962
912,30823
1088,11965
383,16473
1858,23474
108,26257
1882,26084
1518,45396
1676,2926
285,10858
955,28272
1677,16125
1776,42582
1305,27323
1117,29882
1047,7805
1906,20323
1255,49378
931,35059
1207,33746
205,34241
1209,31301
250,1027
1800,43108
1340,49065
1293,27403
1873,42041
1386,44731
1958,40319
1301,41909
1835,20064
633,38837
398,19930
308,26233
1715,20789
1141,29875
1948,11811
631,12432
96,10579
796,8984
1015,19928
285,9050
821,31069
1669,5308
170,31103
452,2962
1401,3062
1472,3768
1013,20086
804,19238
867,25871
426,49656
1789,19446
1880,47498
277,33925
407,30335
498,20072
393,31307
283,47453
482,4250
336,35292
643,21890
834,2020
648,12009
735,45553
546,3550
527,24158
1396,9498
1610,11478
803,10813
1173,31191
1605,25285
329,31943
1001,6906
356,11699
73,34109
913,50037
115,30347
1652,5466
1474,16044
41,12
814,7761
1208,39134
853,23762
1233,36952
470,18245
1080,48379
111,18720
688,44784
154,42152
674,4611
1270,4515
1954,1137
931,41084
205,18428
1279,855
1770,12008
1113,48786
1580,11649
1181,45120
1456,3678
1983,6013
234,12311
1936,269
1436,12588
621,41740
1780,47498
1052,7588
1266,5135
843,44775
402,21848
182,37368
1202,9551
1717,27436
627,16356
681,47764
1203,13899
1435,24317
538,34246
1851,45913
626,47931
890,37746
55,48093
1715,11363
1895,5738
1146,22031
796,27619
1613,6430
1810,14406
323,45097
1574,34847
1070,17505
1889,6749
208,43118
1335,41709
1159,14428
1286,37698
1190,14514
1961,29696
1628,45207
569,44355
1134,49156
54,766
1126,47071
298,47124
178,15699
341,40731
21,15205
808,40877
746,36578
1883,19090
421,15499
632,28219
38,33744
16,46066
1435,19043
430,31062
1282,31483
1747,12446
34,45462
1427,10781
1756,5116
1870,41426
808,22003
776,21699
1310,27508
1534,14488
1821,45329
794,41635
1604,2523
1351,20341
1390,37557
1876,2275
1466,4671
426,12305
254,1231
163,36285
1640,28603
876,9582
190,31200
1452,38104
668,8919
698,7147
1329,14635
1680,49768
1548,14168
99,44949
1542,7896
1107,19607
285,28974
658,41135
1736,21423
1497,10009
1333,48030
1435,32582
1378,13653
1821,5751
818,2992
806,12236
1785,37116
761,31533
1008,38706
1872,11705
129,24020
283,7249
1967,23474
657,37819
95,43108
1178,45082
465,35234
1427,29532
648,46766
1368,32129
1367,29302
590,26908
226,35168
1189,29123
1016,1814
1890,20762
509,16213
1305,17385
1653,21487
214,11482
304,11109
1263,38494
721,47844
1972,40331
481,36933
440,24524
967,15912
50,4659
1126,9596
787,11301
728,36192
723,37193
1831,10337
157,43141
336,13207
1629,47149
657,24965
1825,34167
351,22492
1534,20651
1631,20548
896,2358
21,59
108,13521
1082,8070
281,22135
1141,3812
456,25015
1325,6269
1435,23279
464,29313
1839,34595
1289,21676
830,40150
1555,38633
736,44894
1745,13697
1773,8026
64,42366
1026,10420
1048,41027
592,41662
786,32664
1220,40219
1890,43000
1219,3658
1067,17216
1522,11587
941,32440
1284,17029
1195,14324
1849,39156
1923,28719
81,47122
1745,10956
547,6958
615,33781
591,574
1493,37344
752,37192
1793,26221
1881,199
304,25104
451,34178
1382,11834
452,20652
1243,21550
1275,9325
941,15820
396,9122
1653,14168
1279,20000
5,13896
1283,9858
1275,37806
709,14833
1390,27821
413,9182
220,33205
1077,44207
1278,47089
694,2387
1553,18033
1238,47031
795,8007
903,37798
1514,8694
1977,37430
243,27399
1579,41747
1809,10407
1456,11533
651,13809
711,28661
625,48857
380,48828
856,29306
430,37539
479,15709
434,13070
753,2628
251,22685
516,25221
508,38700
376,25241
244,17036
1874,44454
446,31333
1875,33985
503,15763
1244,27888
779,22268
1418,13159
875,6834
436,932
1178,10
1462,42841
1477,22096
432,19758
564,35242
1293,34949
283,37173
753,38966
1710,46663
25,37815
1421,10344
258,28502
772,34413
1918,46279
1982,46818
766,10548
277,32424
555,29162
1122,24217
111,17638
267,11322
614,22883
475,2442
135,14414
622,19934
1011,32066
1521,3270
49,45767
1798,49753
1869,43792
1929,35486
311,96
290,36259
827,25204
920,12267
338,56
641,43562
102,18764
488,34587
1978,3040
574,23222
1223,12846
1718,25163
98,5905
1150,42775
1821,11640
49,25601
880,8096
1864,41847
174,8155
563,10467
229,853
254,39713
598,43249
412,30731
1146,7283
602,22367
1382,19130
580,36728
1732,9945
899,28364
482,25219
1433,33329
63,12521
1249,28374
399,21688
1738,48776
41,1152
1269,20460
1553,9136
633,38387
10,29405
641,17782
159,34830
1693,17213
1587,2314
1627,13732
1684,10564
10,41446
1309,42476
1115,46628
1077,13229
1883,10031
248,5249
292,26872
1503,34422
181,38342
1052,33230
616,20186
1570,28388
1221,13315
1149,33462
625,12910
629,37971
1604,20659
1295,21410
623,17995
1415,271
824,29976
77,20879
1833,2251
1346,46879
1080,43694
802,32559
1472,25258
1945,6830
19,31378
940,33137
1299,13421
1096,46707
798,16548
1337,16718
1194,27279
1985,33863
1277,1944
650,25191
968,29401
679,8190
1219,15958
1635,17243
1798,30150
1009,9781
1847,30890
1732,26211
703,35535
1691,17237
419,43100
888,5315
44,47067
104,37480
1255,3372
1768,41902
1931,39920
329,33272
760,34163
352,24531
1006,19878
600,46842
1464,23018
577,42645
1934,28623
843,45716
1092,14167
37,19022
1419,9637
1473,11259
376,21466
1447,42943
1549,13415
466,47203
1681,45457
1664,19552
615,38244
1846,13849
681,40121
1357,317
576,30597
1683,27967
336,34164
83,28392
788,21685
554,5429
1021,12924
1266,27362
599,23349
1195,18429
513,31667
758,18310
1851,14155
1451,24579
564,13313
1232,11360
1195,22685
1328,22943
855,39411
99,46109
1982,35325
421,4868
730,19598
1992,45377
591,34473
1862,7804
1510,20943
268,33192
1041,16870
1251,40054
1310,13409
303,16073
1550,18185
617,7608
1371,28542
1533,10033
1047,2793
1506,23107
216,42302
317,11991
1159,11131
378,7330
1870,43088
888,6026
31,8351
805,32962
1329,19097
578,31840
1307,41129
389,22640
1800,30642
901,12507
1674,33178
424,13075
1327,26030
1644,32243
1716,6012
1736,46624
1928,2198
1364,46808
8,8141
1069,11257
91,10827
1162,31650
498,37806
1510,13290
1850,19606
1737,28482
1248,39477
1088,47411
664,45215
1022,42208
1436,41830
1643,49429
720,9048
896,43811
1486,46739
893,47861
1097,26758
1069,23683
439,14235
29,548
984,36785
768,38041
1069,38423
211,18340
1122,47487
1223,26126
1421,18159
577,24706
1865,23597
97,2125
408,7174
155,7211
6,18192
507,46280
1283,9836
679,22648
506,48835
717,30363
579,633
1368,43119
1620,27525
767,40054
836,8119
821,17923
250,20525
1926,40988
1296,34890
1524,20007
235,35560
355,18845
1923,1223
1634,17207
1825,41609
1801,16278
692,15135
1448,5544
980,5839
684,39329
322,39212
105,12765
511,25193
1712,18347
720,20864
890,45728
1457,16809
205,2131
1864,11906
1815,16111
285,11021
899,45166
1352,17571
1951,8112
1412,30384
633,30067
83,23990
765,30430
161,26103
1539,2294
899,49538
1355,45480
1666,45634
830,36267
780,25039
1049,43576
597,25936
1818,13726
465,36492
436,4065
942,9381
839,10663
1425,32254
1736,19338
867,44672
331,45220
1230,11267
990,6629
75,20917
1713,3942
304,7735
1384,20770
1444,15255
461,29122
1398,25442
222,7797
913,43419
1567,14024
48,26654
521,26600
1793,9855
905,8350
769,25265
1193,19211
840,3632
1358,39589
1724,18628
945,10182
1203,27969
939,2208
1224,40525
1343,47068
1819,30039
1021,41791
714,6123
860,11500
31,47070
1100,45468
332,41973
1354,2924
1833,27147
1005,45296
1437,31395
1648,6240
121,33310
1740,26994
1761,43711
1151,13818
1628,32258
1481,5126
86,11811
334,8788
1988,42481
978,2158
1807,5773
1270,18173
1370,4152
645,39897
236,10871
1780,46698
936,44361
441,34636
1934,28636
110,15666
284,22714
1004,23986
517,47487
714,44060
1808,10284
1012,44087
160,39403
1578,47287
1330,27609
1502,15903
487,42021
725,27640
1251,20484
407,28530
1311,24689
348,16034
1804,21250
1963,45443
500,6081
993,19313
188,38254
1228,35208
797,22465
1418,21081
1915,28732
1130,9533
59,19027
692,37523
1693,38332
1003,49393
1459,42300
90,36431
449,33675
472,4008
1777,37357
1556,41357
249,42543
360,38116
1804,34593
344,13469
644,48357
639,40948
656,22010
918,14065
1325,26904
868,14693
1338,34157
1139,6811
1989,557
717,6511
1926,32153
1550,1140
1119,11224
1628,31
531,13235
98,37343
11,31473
325,9952
1916,44466
829,42325
479,10007
155,33158
1512,7917
1920,17217
445,24527
1847,18079
715,37701
753,45536
8,38598
1413,46951
1835,49974
676,26291
1851,44474
590,3527
217,25089
433,37654
1837,48267
1826,47262
1899,26730
959,34363
927,959
1836,14014
1016,38813
1616,13316
809,6431
1396,41950
710,10787
1689,6924
627,10320
551,40467
1519,27039
359,27521
1739,15636
529,12741
1844,32548
1830,27961
516,35992
1576,20471
1536,42439
1535,28513
420,22593
712,19535
614,38500
1924,49264
272,34092
1148,24429
452,48757
106,13345
818,44826
298,6359
361,19846
169,31351
1525,34293
983,16434
451,28763
982,43216
1277,28680
1052,2288
1204,4661
474,18789
1919,28669
449,42117
661,11521
779,39544
48,33030
162,21085
318,7343
34,25891
578,34013
1065,38657
139,47515
1739,13021
1077,27483
692,25426
1728,27642
1368,29290
1758,356
758,46516
1031,26765
481,21333
521,39052
510,19037
586,15175
1119,17013
839,10134
746,40185
1870,34830
957,922
1731,22114
628,49885
605,1699
1123,32255
879,942
75,22863
1071,13034
922,40606
175,12569
937,18261
18,41683
263,32426
597,16664
1333,16621
440,36261
646,5403
214,3312
1775,19760
349,20422
447,33425
986,21458
863,29833
1517,19401
518,11951
1356,41007
1983,5001
589,32822
945,49770
719,21804
53,35106
1530,26971
1150,19409
597,18202
251,19022
799,47024
87,40716
1304,39157
318,49255
484,22914
804,29525
85,27450
361,16204
421,43144
281,37843
519,45480
496,22478
759,724
1588,7721
1764,40174
910,13040
356,17537
1716,44670
772,45066
1893,21666
1157,22515
847,37096
944,49517
1613,27641
992,16897
1685,40145
1236,40165
1487,39265
962,30120
1681,15131
742,10490
549,7173
1335,34296
769,31712
122,528
40,37998
510,43553
629,2563
1785,22009
1391,27370
1161,22466
1935,16544
750,22985
420,31537
13,19020
777,43875
292,19481
724,47074
358,25348
457,4759
378,30757
680,20482
933,30650
1689,30058
981,8244
919,47276
1227,43107
1931,22584
1385,49203
1760,22380
375,49487
1925,30060
20,21635
702,20381
752,40381
565,12640
501,47218
1912,40779
1330,42727
1144,26210
1236,41739
1225,32916
1015,6579
1961,39486
1079,36083
1286,5194
1120,15405
1836,964
456,1560
1203,5634
1845,44325
880,1156
357,4120
446,27976
187,28957
371,31591
301,35783
1588,9447
1565,32184
1169,24722
1749,17846
613,20903
1645,9424
1057,10572
399,1972
57,29051
1009,21364
1840,20621
806,8213
1508,16307
753,46027
1351,23965
286,20053
1312,24206
1450,22466
382,29330
1879,17720
32,13154
219,39208
787,37528
28,33105
1517,12478
1068,12554
1482,626
1227,37133
99,44411
1962,1939
242,33120
1206,40632
963,44153
325,9560
1122,8027
1835,45541
815,41782
848,31204
1769,9552
1171,28562
1809,23673
1987,31517
1452,27274
1169,33693
246,10958
575,23874
372,21357
1157,46241
766,21676
468,43528
1255,6726
502,43419
576,6419
213,2766
271,8893
1348,24162
1102,20513
969,48926
1947,21286
49,48423
237,12892
629,34
264,30665
336,7159
1349,45706
1619,11649
257,47806
278,25951
135,44359
1949,47017
1054,37129
1669,28662
1039,15512
1222,32424
698,4437
7,23657
1737,25628
1916,26538
1533,48348
225,25945
1274,22854
571,41464
1176,25408
1038,26952
359,12350
1618,12034
328,13867
359,11481
1341,48447
1842,13917
1088,16821
1299,45937
1386,5703
681,48204
644,48976
1463,25469
522,15839
730,43017
1109,1755
1929,11855
1869,3373
852,1056
820,13741
777,1787
1681,9736
400,10424
982,41740
14,38938
143,29058
277,29360
725,29691
796,27103
991,44682
458,7929
414,13004
1459,24129
367,8957
1340,26025
894,23671
521,5259
376,15503
1921,43714
1213,41924
1179,39991
1588,42596
761,469
1469,36418
1483,16968
1729,48129
453,45633
995,20072
1433,40415
1575,34991
841,36094
943,16156
1377,21470
1422,3280
890,9941
300,33619
1502,6432
68,44613
335,33140
1848,4090
731,45165
308,14873
849,28426
253,48373
135,6224
869,36321
564,44225
25,6047
491,27529
1574,33728
711,16497
1795,41747
252,4809
1650,28634
1332,14296
1366,8573
1094,40500
134,3726
754,19169
828,27959
1543,13251
434,23021
1032,15441
1226,29563
1836,8816
1138,7587
1177,24248
583,25328
1038,1871
1483,4552
476,2763
344,20849
351,47461
1187,28274
1615,43070
473,3343
493,4304
1495,13337
1138,6930
1819,45669
1647,46609
1637,33348
815,42203
181,35770
485,7256
1611,35241
1398,21597
1068,43815
532,41620
498,15328
1758,25026
1818,40905
652,17141
615,21567
1033,37174
219,46498
1159,29845
194,43245
1071,14884
1267,30413
744,44764
1653,39262
1484,21306
1588,17352
369,22239
1381,32727
912,18294
853,10207
656,43849
199,10600
1244,18959
359,49860
848,22403
1084,42227
822,25599
1532,1333
1748,49990
1296,28793
1913,42502
1604,14692
1605,33421
1117,16903
764,5143
1457,19723
367,39511
1799,13160
1005,11662
630,35227
1875,13535
1383,40022
1824,44203
1017,26171
372,9622
483,39520
833,20159
697,23067
470,15429
1556,47892
1454,50054
1134,23231
1232,24248
172,45978
836,39705
103,21298
1754,21136
817,49618
1947,1306
1129,34726
1897,35947
1987,2069
1440,7792
402,44036
1293,22354
1305,36529
177,49058
1129,37587
1220,25425
985,27288
1544,31114
594,2416
509,16025
1058,44386
958,21383
1324,16514
1144,48925
962,42322
1732,37007
634,5627
816,17468
1378,45554
1620,6917
1125,34602
1053,29505
1360,24919
919,32870
402,39671
287,27558
223,35224
1140,24771
1058,46822
1639,30403
1152,42756
780,3265
1777,35183
1758,33398
241,17916
1018,32551
1449,22457
1062,17943
546,46235
769,26145
815,16470
1844,3231
77,23377
1869,8595
1706,31256
1152,7782
1057,5220
836,49875
1724,143
521,26035
1990,40280
1527,40159
1356,31712
596,4719
1134,28911
1229,32488
1049,49227
358,22876
246,9111
1858,30346
670,28916
41,17634
897,22998
1208,37817
1771,39949
1214,47927
1141,30710
293,23664
737,38482
201,10194
1719,43467
898,30953
47,17439
1729,45319
1428,889
602,12276
452,12804
1641,5848
1081,41980
1542,28852
325,42824
75,181
230,2340
703,37779
1917,18214
1234,9236
928,45822
1798,32310
96,25555
1434,26745
1976,4845
244,7475
1289,33598
1676,21452
465,28783
778,21204
935,42539
1553,38034
874,26177
217,20224
1884,36710
656,41209
1025,46098
756,6439
1778,41611
1910,25449
543,24406
921,26191
1501,8676
1578,20617
1086,8738
579,46894
524,44851
616,47449
1956,23071
1441,45401
687,24703
28,32726
1250,17893
179,4207
1617,5378
634,44116
1915,48588
1817,4698
1874,43661
18,10807
755,33254
1498,18795
1325,34328
522,7526
1024,5395
991,8096
1945,49524
1526,47070
800,31505
531,43967
158,39429
1620,36552
534,14570
741,13435
1004,42039
1809,4464
1113,11773
576,4980
862,18438
881,27947
305,42781
1183,19528
1711,3088
1588,33698
958,4441
1326,1843
838,9537
437,37720
1172,17932
227,36676
293,3347
650,29084
49,3736
240,11824
1453,31598
1333,27736
1799,11166
560,9932
577,27105
1873,35154
25,20996
448,49867
876,13924
1054,30273
1225,25705
1331,14159
232,12776
1176,39939
1896,4099
1621,2351
624,43720
60,41210
419,36534
1731,39240
1730,21254
1198,46288
1558,24643
367,9649
1340,41445
1348,8507
229,20124
1046,15221
1096,9610
1743,9431
215,12450
1684,24246
43,28835
4,3757
1839,1952
1154,342
1401,37974
317,42496
485,29122
329,4124
1620,16455
759,34848
989,49285
683,18133
1430,38845
800,38779
1957,46949
141,24646
201,1747
853,34755
1891,47546
979,37806
11,13399
491,731
595,4342
96,39466
952,25624
679,7013
255,38156
1378,37013
323,19998
885,47697
928,6285
572,37290
1227,25798
1035,30978
1547,9374
1360,30311
334,7557
1573,4805
1771,13236
569,872
299,38351
1702,7154
107,14808
404,13795
300,42600
759,28757
8,41701
1110,34251
944,30944
1861,19063
1351,26874
1586,15328
883,31952
517,17862
1269,44134
522,43012
1692,41477
1548,47563
515,6096
54,21909
985,45065
504,9324
756,41999
1584,31968
1899,15141
1358,40826
455,9552
493,47957
1059,11432
23,41390
264,33818
338,20782
255,2137
1095,48160
116,46395
916,3195
288,34186
347,5860
1227,7985
1953,48463
631,43289
926,25897
1671,41055
1450,32720
1042,25188
252,48403
1007,25006
1841,2199
100,19181
544,22267
1678,46958
1369,35859
1351,6310
1847,29262
714,13585
1963,5983
521,47620
1191,37790
478,38463
792,45383
750,24962
919,31465
1600,26101
60,467
1594,38926
1200,30616
1271,45529
373,21880
1304,20792
1420,17335
1902,7932
495,26080
1530,36981
783,32818
94,32780
1302,7967
1455,46293
483,26245
1486,47742
1042,2591
1704,35820
1019,7481
1002,21987
432,8955
1600,7133
349,40563
218,19417
491,29159
1262,11819
871,24574
1266,18500
1007,28467
519,30031
1871,26661
687,46141
1678,21935
545,28496
1122,34369
1582,31692
1907,49748
61,42285
1517,12125
109,15469
1062,16720
1278,38759
1110,10212
1713,13221
270,40107
1042,24381
1859,18007
1190,37091
603,44256
985,41302
727,24256
155,47648
1565,15123
853,43390
1583,32652
961,1451
225,560
1079,34368
1437,37118
936,9757
1778,32681
1239,25341
1473,29414
604,45601
1,28222
330,35023
1991,33166
779,2085
1786,15141
494,13433
826,27969
532,35310
790,7920
244,13371
1035,36402
356,1072
619,32429
343,1124
898,22655
1293,11149
1166,39712
634,18232
287,5980
1156,36659
1023,7373
1081,34299
1996,18302
485,38004
931,2128
397,46600
1458,31822
269,6073
603,15861
903,44536
506,42782
646,16780
1358,13547
183,4495
1421,21448
876,40218
1265,10003
178,19831
1539,27917
1230,10480
424,12039
1887,46580
600,24872
1319,32273
1965,8857
496,22916
534,1967
449,946
1617,7728
55,30535
547,6452
1581,22039
726,14421
1520,13536
1064,20435
1369,35569
1021,26677
1347,12518
307,20624
1732,40827
327,38204
771,9736
251,13061
1978,5140
264,46937
1851,3792
1426,18805
448,36320
1283,33658
229,32864
1238,30259
1121,47199
1351,21414
641,3204
299,16781
614,42098
28,37739
619,12285
1334,1138
324,48690
1557,11851
1449,6695
1027,19367
1865,26216
1727,31150
1213,31760
361,22647
1206,37320
1992,26084
503,27490
1284,16830
1373,6853
1548,38166
1551,11678
1714,6646
1683,44219
1043,24970
1535,5271
1692,22168
1465,10442
1462,27142
1823,32339
1223,14883
1547,37712
594,30335
128,28127
1342,45060
1554,49623
817,35820
573,13
60,33289
1115,8197
32,15187
39,32387
1752,27329
993,30749
15,15804
1911,49900
1902,49039
1163,20492
444,30750
1970,23597
1709,49260
696,2767
1316,48031
1901,23752
1075,42939
1644,23780
1532,32723
20,39401
919,38125
1749,24992
1874,463
1527,14740
1013,5104
336,33309
825,12893
355,20139
312,32588
1626,24926
267,299
1447,28661
403,30541
774,25010
729,35144
1165,14020
1756,36022
1262,30436
624,13405
1034,10012
180,45997
1824,31375
439,38169
417,7197
1065,29261
689,33534
900,26880
595,33986
698,38546
699,8792
1128,18051
1060,37356
1541,13786
1223,49740
270,39565
1319,42490
1853,42499
714,34347
1535,9460
1831,34151
1435,30267
1620,4636
914,30508
1084,17096
8,45208
21,32483
1386,9444
516,46398
1037,17983
1398,26462
812,13081
1106,47362
1271,11486
1681,182
765,46359
15,801
1313,34239
1695,10355
281,3958
426,34000
700,36449
659,26925
672,27364
1610,15411
725,3823
1228,14769
700,33877
527,45257
1819,46753
1408,33917
677,7493
653,38188
884,19219
1285,21575
618,40153
1654,16420
1305,3471
1957,38382
711,18804
856,2882
1053,10596
837,41279
1406,45847
1623,37953
1021,6996
1643,22977
866,24947
460,43909
1159,49834
909,18231
1008,21183
731,42450
1502,3296
489,37582
1409,16147
614,34898
1491,14216
445,8321
663,18974
1060,39626
1218,49965
1600,22575
237,27187
1142,1679
998,45619
270,36191
70,17139
552,24005
184,38625
1407,8554
472,3943
1119,30725
1054,47963
1844,33959
1938,27564
731,29253
1989,4955
522,40291
1025,33572
77,41495
1841,30958
573,25069
1706,29312
1078,47944
186,17868
1117,35779
1418,40610
748,9172
770,37323
746,41821
166,2950
142,20501
236,14534
576,41703
93,38501
1775,18072
730,48552
1023,39994
1736,3657
1869,8157
321,24856
653,14325
1843,38590
1538,11960
733,34335
1812,4824
671,23521
644,8865
1150,15200
222,25469
1185,13377
641,48886
501,37281
1228,41077
347,10061
1151,29529
353,15736
210,28689
722,29243
1520,35824
1688,43176
605,8696
841,42639
1973,44138
988,49831
1326,24150
486,17062
440,40993
749,19526
1052,40618
1071,30921
1800,3641
550,35116
1559,35727
994,12371
1675,46022
1255,4336
1908,46326
1541,1095
1081,41675
1070,47304
1315,38055
1357,2028
1003,39773
1151,23893
820,17512
871,10898
1542,29743
1413,7997
482,11069
636,44342
211,5107
1406,40262
883,35323
1140,33916
1002,16148
1413,49260
1128,13610
1594,3663
685,26707
85,6414
1942,42385
595,11379
77,29101
352,7656
623,41469
1873,34788
1700,35129
646,31750
902,16346
1831,30314
1528,39073
755,45435
530,35272
1412,4791
650,12659
766,604
490,19253
583,50055
418,29448
1551,20704
1513,41334
1184,46545
1049,42589
1785,17268
663,10854
1536,26149
984,33655
1866,24111
452,10143
1239,40166
1602,39127
1717,40254
1666,29476
1243,36400
1198,18708
672,13620
1547,103
1333,35902
986,46207
784,36656
754,41144
149,47811
257,31234
1372,10909
1173,42933
90,7662
1468,22061
1630,40543
1851,15036
768,439
550,22478
387,24648
575,47667
344,19988
789,18324
1937,19490
956,2863
1495,37121
1951,19659
148,10802
992,33843
337,18583
1741,47060
1754,25831
1779,1644
26,49762
1529,20643
599,20510
100,20664
1666,36089
1144,19530
239,19121
1379,49448
676,48558
1367,12016
1203,2181
1378,10299
1817,47300
844,22596
1093,1749
1290,25725
830,32966
1205,7596
1401,32801
2,9593
17,49605
1940,30748
1646,29238
576,34506
1122,22069
1736,8701
1899,14317
124,32456
628,5533
1465,40900
1343,10254
1081,35363
1269,42812
546,48999
320,16114
1021,39539
967,36483
360,36900
1864,9620
1360,36837
692,15871
628,20953
1938,11997
1887,49903
682,8072
491,14572
1344,23927
1910,1883
390,9311
1213,47178
767,23768
1138,27198
1624,42439
1053,45312
1541,24096
965,738
138,48613
1171,25255
1549,9071
1556,4571
1853,28254
181,26492
517,33578
1030,33592
1949,17786
674,17309
1754,22283
759,47093
1384,49771
490,2880
287,2251
416,12358
1433,17569
1605,30588
1321,22958
1627,8278
930,10542
1250,20609
1063,34915
965,17868
325,14468
98,31666
437,18282
1589,27221
560,28734
1997,34348
999,10876
1012,5482
91,29359
1335,28853
1347,23182
1167,39858
1408,47114
657,41755
236,519
1477,5378
1584,15380
225,34948
1706,34604
1227,21113
164,17773
716,28870
513,21320
1942,48208
1176,13301
29,31978
1575,23100
1944,45531
578,48858
805,19775
937,33217
264,21643
1281,29198
291,42847
244,8373
1550,2386
256,32149
644,27056
116,25098
1713,16725
233,2988
1590,46526
7,40004
199,5176
1588,31452
1313,37968
1150,32822
1647,25732
66,11992
1189,33668
228,11426
1853,49647
1101,43608
419,40012
332,24433
1560,47901
1750,43926
1129,5877
1026,40935
1806,43154
1294,32883
1728,16927
39,45133
245,15945
956,35899
1792,9946
497,35731
1139,15558
428,46517
1770,5891
1065,10195
1243,28177
482,3918
704,28723
1147,37352
180,7254
939,34184
126,22464
1292,24641
522,30502
1025,47141
700,28469
1754,7598
363,20039
1542,27262
55,1195
1970,13414
574,32038
893,11610
399,44323
642,16895
131,44132
306,10062
1449,11084
588,41039
223,46423
1918,25974
564,19125
1226,40695
684,42392
474,25247
1019,45100
1297,18312
1889,31985
467,14580
1965,30673
760,45661
52,10629
1007,48459
255,1505
668,7159
851,34385
1493,32730
1159,20819
1774,15419
435,4785
1500,2475
593,48362
1118,44132
1878,33953
681,22030
1456,16421
698,22322
495,25433
1645,18037
160,10388
1116,22007
1638,9553
426,17103
644,16717
1505,3852
622,11276
1569,40554
709,47794
1933,25123
79,12620
179,13264
1350,29856
546,21864
1067,17828
496,15569
1842,4525
34,45160
66,26565
1597,36702
514,4831
1072,17618
296,37573
1854,22015
306,869
589,3224
592,29041
261,40729
1404,13778
1571,43481
1950,38313
1042,35604
1185,24430
1490,42964
192,47549
1225,47295
1920,11737
1273,16742
514,28124
1800,28049
1889,48880
117,37338
1419,39099
608,25996
412,946
1885,34607
1621,19559
1434,48878
1372,7771
1798,30585
457,25816
488,5941
1072,39636
381,18007
675,16166
1218,27056
1800,48300
1018,24644
1713,314
15,3505
1339,7673
353,41258
1511,20740
813,7590
1791,7558
1114,3184
155,10232
881,17832
766,23689
414,43056
1801,45171
781,17001
430,5653
549,17205
1257,43482
1881,15267
1431,38165
1198,28791
165,4274
969,32763
1041,35311
631,26585
921,36327
1014,4633
912,10096
471,8641
480,27764
227,22947
1872,31446
1718,38885
1948,32115
1347,13795
932,49877
126,4751
750,41841
844,22624
4,37661
471,5828
1930,43421
44,42787
1369,21301
56,7504
589,11950
115,27642
1495,4985
1025,37000
1841,25444
731,2719
183,5359
1692,44361
1379,20784
918,11235
1415,34521
755,14870
1261,39370
1110,38995
1007,24377
1259,49796
1030,44402
668,36441
1760,6720
1521,28784
538,547
107,12417
1937,11756
209,30431
471,45510
27,47660
1129,18675
706,4210
1500,18649
626,47522
1026,32613
1756,42677
525,32573
313,19095
1979,48052
1595,21431
1661,28453
1987,26751
373,43033
480,15283
201,1904
60,35950
1115,478
224,40735
813,19593
1533,17890
1804,48396
86,28129
874,43261
1563,37331
332,40862
683,16768
471,36265
1271,1610
84,8683
1107,3040
651,27695
1811,1661
890,47581
868,4191
622,2732
184,46130
412,5489
1307,31585
500,43855
1147,50064
87,9325
978,18055
1814,32722
1761,248
513,30679
517,10697
981,24889
1508,23977
819,7807
1562,37464
1794,45459
734,14909
1794,27359
383,37712
1035,41558
1124,44759
1370,45888
1700,35466
1343,27647
1910,38003
1257,9070
518,19698
638,31546
348,29443
122,42406
631,47055
651,39142
1822,26648
811,20118
1909,40648
1084,34880
568,47444
990,39984
1917,35111
1704,16900
568,44324
1685,49201
1636,21427
1542,13676
1021,13009
322,15396
847,18631
1371,20876
1221,35983
906,28238
318,43676
75,29280
796,48575
1864,40563
545,29267
295,43463
1046,28782
1735,2071
1371,40391
498,41568
1598,425
1530,34471
1037,42711
356,3923
1836,2934
46,38254
771,11361
1433,37641
851,29855
1597,7562
443,15752
1490,27015
1086,21624
1184,39374
1620,18835
383,13154
1450,29561
1183,18436
313,29778
1374,10321
868,42904
1927,42108
1895,16176
414,28017
424,22604
4,19292
249,17144
1809,15617
1538,49955
646,11082
1755,21471
1089,15025
1240,30232
1365,27921
205,1001
1877,45278
1610,24074
429,6794
1566,18225
982,33753
777,34872
1165,40442
301,21010
517,37535
912,3837
689,33152
1211,42442
752,39541
1154,2789
1271,32470
1981,45856
1058,2806
1240,31396
491,29157
245,30093
71,34872
1425,19795
1404,26840
513,2446
1351,500
713,12945
989,9269
297,26694
1776,10350
1769,23518
1103,15763
351,2935
289,25935
10,45863
897,26347
1847,18406
1881,44328
1424,2863
842,17412
1090,2999
191,48901
489,35230
769,46690
1243,10658
176,13961
1061,45465
278,30204
803,20608
508,12822
29,1689
34,37668
649,44686
269,49670
30,9750
863,19057
852,41227
8,23420
1781,48724
1629,33716
274,27812
1242,28638
894,12499
1613,18796
1436,42216
285,17316
1097,6790
533,39845
90,43948
369,8077
1004,31388
1465,47490
512,11174
641,172
204,49027
1887,7978
1098,11310
773,22574
1338,1609
684,29071
1220,14354
633,306
1229,44903
1729,34092
3,41111
1753,46648
12,37105
170,48176
1077,15431
1099,11393
1537,41530
932,10724
328,10097
1494,36024
937,28947
1626,33158
1945,49618
820,23854
1466,5887
583,7080
895,44273
1878,11472
13,46531
918,36331
1171,30095
140,11456
1744,21790
1121,18059
698,22199
666,35837
1694,22483
658,15059
1632,28764
1771,24698
846,37163
1708,36901
1265,9274
833,47001
213,44630
212,43638
448,35231
1714,34563
1959,27481
423,17182
1487,15488
102,29985
1661,29372
1172,18351
529,27582
809,18988
1071,11735
1676,43029
59,28260
1453,26446
874,25719
80,1618
446,28621
1754,17495
1524,35674
393,44685
113,37542
1374,6103
230,1988
851,3790
163,10974
1175,7045
946,19809
1090,29578
464,44790
164,19343
370,5920
1409,39897
169,21064
818,25544
803,3883
1131,14138
403,29818
1836,39113
413,23326
414,1290
1849,20282
910,18227
842,7593
1110,5412
265,29068
1427,8696
845,13712
674,46524
1148,37862
374,42833
1180,13401
671,41824
1189,2913
888,42275
1817,29756
48,34935
894,10806
1603,31510
1839,5725
412,3329
826,13749
1804,10861
1521,35867
153,18469
578,44577
1722,33233
1613,24329
453,27322
432,44965
1070,7741
1350,10219
136,15495
185,21850
1972,21769
1422,20371
1345,6953
1832,46697
644,17371
1178,39676
858,14444
1003,27960
114,35552
1522,28997
163,33868
1888,10989
1107,49705
1362,37344
1910,14121
1467,10662
730,9354
1853,31720
939,13601
1808,2311
952,9558
233,48330
632,32389
1007,19219
563,33756
846,43078
563,45039
1652,8052
187,42703
727,5236
1506,38862
1473,46519
80,40197
835,23159
1143,348
1919,46308
840,5417
848,22807
212,35188
1410,1751
234,25635
675,1876
1187,15636
1190,31635
1005,8454
1154,25108
714,18952
1606,41873
1021,10698
879,41442
12,17532
1768,24162
621,40735
14,1753
1381,2864
795,20175
1843,6239
1662,3563
1597,34884
682,28947
995,18886
350,36111
641,24227
1669,32581
418,37082
577,46279
985,14830
1593,41528
1463,36373
55,46864
358,17352
1137,21566
1303,47806
1455,18036
263,28539
194,42767
412,33456
133,23799
1335,7598
1305,12673
250,29306
871,43342
1313,43200
148,47555
298,8756
1107,8444
838,8695
620,21791
1533,11789
1679,24038
1110,29113
89,6218
1358,33945
661,2260
195,30395
1681,4605
1756,31581
302,32888
714,42192
1671,40989
576,12895
1784,6331
579,33941
857,43727
204,6105
1079,4668
581,5432
97,36422
1600,45610
410,16169
971,44618
1734,3549
1464,33642
658,27696
1625,12161
1206,1520
88,29453
532,35404
1109,21919
1905,21454
1271,22672
652,24529
628,9312
1814,32413
1586,16210
784,21417
1661,508
444,34583
1154,14988
337,27342
716,12785
921,822
1358,40076
1482,15571
1919,1483
863,39460
1166,47689
1532,46914
563,20835
1655,25162
1404,31986
697,10129
1809,15615
480,49054
1226,21615
858,30962
981,24307
798,48037
1759,24325
1303,22901
627,3416
1871,1349
891,40652
911,36772
592,14799
1615,16961
325,36114
381,38134
864,30465
891,4239
823,14536
372,30082
708,21695
98,24996
1822,25089
1843,43240
810,10943
1504,38366
1088,4912
628,31003
850,45792
643,25936
1439,23288
1330,5911
222,36278
921,9220
1988,48142
164,37734
1925,25712
686,42778
471,34228
92,1906
210,31534
1968,3723
1631,20207
1703,47480
377,1790
1578,48651
1205,13011
904,19478
1630,48415
67,8294
34,36067
1088,15733
1953,28984
1822,38921
1165,20508
1011,16841
448,8351
1037,30064
1378,185
465,49163
525,39826
351,45688
140,42495
156,27546
764,9736
427,6157
1557,21072
1546,41605
1961,33843
338,8374
176,2829
1834,30464
2000,39135
562,48686
992,6044
178,7939
1349,45271
984,32879
929,39237
268,23193
114,37752
1876,25711
1827,7155
313,8924
558,980
1110,10275
614,37323
742,22981
160,26964
1886,20627
1403,2890
796,3853
1998,5145
202,14116
1949,30726
12,45727
1405,17329
1260,10595
626,13436
1078,1830
538,39467
500,31379
421,34712
1436,42662
1381,40351
616,21857
197,24387
1890,2303
1620,8761
1142,3664
1749,30524
1220,603
1871,18654
1156,33272
1348,35175
75,34530
1240,11220
222,44599
933,37783
935,19277
1746,20964
618,20062
1504,2787
655,29538
259,1223
562,23969
847,9648
402,44068
1277,44219
1838,34859
303,17016
464,28932
29,16126
334,44400
196,5602
1846,32056
68,23428
1410,9430
1935,32625
307,25352
454,39124
480,28279
830,36011
1352,40473
381,1451
3,4512
1466,3462
573,32857
1543,931
1604,14387
144,28750
715,20888
1724,34607
1198,8658
1237,19666
1823,23721
5,939
954,16033
672,49979
1538,33944
296,10988
799,20078
340,25072
1781,49841
187,29264
1413,25835
568,21159
185,2311
1418,29724
712,16692
1877,34255
815,45636
539,41159
262,7657
1489,18254
1949,1197
1021,35138
658,43730
1506,14586
511,50042
714,40418
585,29635
898,13149
825,30683
886,17908
697,2796
921,28118
434,39496
67,41601
1158,44502
205,47917
635,24779
1417,29735
1155,3368
729,27437
1767,35574
1683,43499
1255,22714
1809,7166
1188,27432
1716,2045
1509,14553
1034,31987
1144,30977
200,47618
1507,35227
1718,38144
1599,27795
326,12194
794,40467
971,38836
1689,1299
1744,29610
789,27322
51,17034
1888,5329
1595,26866
1667,40370
989,33446
1622,15016
1305,25255
1218,26611
583,5693
1837,36494
1425,12737
1627,31918
733,46877
801,49760
1684,16144
1631,40769
462,39511
156,43954
1263,30401
1728,14055
898,23978
408,39848
1092,39775
1482,33226
271,34081
1541,23916
1577,4674
955,2698
1475,44038
1158,33692
553,33963
920,30226
1857,49662
1636,27833
186,29262
1464,30448
1450,46007
1620,7496
702,30360
1961,44042
1897,39057
1245,30716
968,47321
1804,6652
605,19252
1147,3273
615,26084
476,3065
829,6453
615,31700
281,30273
645,20176
1288,28349
1976,5967
848,2258
1521,9459
1662,9263
937,44364
459,13585
94,29234
615,10088
1208,5988
601,42619
1887,37427
1704,18659
655,22422
1918,23681
409,40025
1104,46746
257,12897
1686,19097
1212,1707
340,15438
612,17623
1856,29525
907,7259
327,22718
1435,12539
1557,22930
1211,34977
844,31629
742,3614
1205,36986
939,23666
1505,38639
1989,22512
939,20468
241,43486
1349,42240
163,7937
39,17728
1948,46045
1757,9052
1620,10052
1682,32093
956,4270
1236,35988
996,13671
1405,1125
281,15349
1387,41305
215,1339
523,44452
1026,45730
1075,43990
1059,29541
1325,49409
1915,26704
1109,34020
1456,30607
241,37101
1090,43047
447,49451
1894,7622
1096,23045
589,728
398,4992
1431,5462
216,17071
1363,10565
408,46049
157,29836
86,21094
1284,32566
1428,39894
1344,41043
603,47182
1433,24209
90,43034
953,10834
1092,13882
582,30723
845,3966
819,25644
1367,30578
885,45906
734,22071
1357,14482
8,14231
1761,6838
922,27804
1750,1377
1901,49568
873,21333
901,18382
269,38651
1146,20718
1868,45936
514,47376
269,49964
1122,5699
1804,24579
410,39738
1399,49151
850,12131
106,46210
145,32723
790,3122
1377,10682
1162,39315
1172,43599
1710,21772
876,30983
332,908
506,13281
248,42689
1073,20704
228,21343
583,8064
211,16191
97,8308
296,449
456,49360
1112,44989
1187,9831
124,39511
1249,11862
1106,24308
255,18689
868,18290
670,35590
611,45449
911,9419
1287,29520
1763,34138
1660,27060
1827,47059
305,3005
691,21463
1005,29060
1301,27123
326,45099
1631,15248
1435,3631
1627,8525
1957,46985
169,6874
1224,6394
1913,27314
1868,10822
1820,95
659,49792
1505,9755
1918,21716
1748,44984
640,15528
287,20207
812,20866
784,22615
1772,30657
989,11956
1599,39430
899,37962
941,5438
355,33825
1762,28858
1105,6996
815,13265
248,26059
532,27730
336,35175
681,24393
444,36005
843,40288
443,42096
1515,18272
952,39583
1680,5725
1110,25335
1224,43618
1146,20913
642,43783
127,17035
1372,45234
1975,30258
1269,41128
1345,19402
1476,14567
915,18934
1826,25391
422,6428
1133,48833
697,43634
762,23972
1900,30826
40,7014
680,33349
1869,47032
862,23812
952,6535
1221,23369
635,22437
1025,5549
105,36526
312,9522
1954,32724
1930,16267
1817,17059
1686,20988
384,48536
906,21049
1311,11332
1413,39834
909,33994
1064,20354
638,1004
647,18849
1372,14900
293,34468
364,45986
1703,11795
1465,22328
928,6479
587,5945
1247,17013
1460,3197
1641,49523
118,8655
1977,44356
957,43058
433,30702
1967,30221
1072,25213
579,49906
1510,44837
636,48983
1206,28034
1785,9845
1036,38745
1837,18520
1266,49327
548,25804
1432,21344
48,36061
615,11231
1909,49066
1716,29634
1226,18605
1404,20799
1601,30053
414,34613
1838,32743
1801,1505
985,8881
1785,45529
1398,30071
1985,20613
95,36679
87,17755
497,15839
888,19215
1181,16068
913,39739
443,14619
324,21155
1560,17886
752,16527
549,22688
639,11743
1626,337
350,26665
86,29844
475,13030
1246,39537
1270,24124
356,47340
164,4603
1304,3624
515,25046
1092,32506
116,22436
252,35851
421,7286
504,2731
1073,17331
1141,47334
217,29545
964,30882
630,18216
523,31843
475,3319
773,40386
103,48302
365,32201
937,18187
807,42602
1076,1267
169,24767
1554,39447
541,2335
396,5055
1234,18478
933,22689
248,40687
369,13180
60,6879
1808,10096
1136,33185
1419,23239
72,33427
546,15803
41,25210
384,33891
1528,42319
1798,16440
271,33082
928,37422
669,32884
418,37165
1775,14806
1262,8975
1642,32049
803,40434
1446,8634
12,35786
141,45526
1050,20795
120,23163
595,16066
1779,34293
1152,50020
724,3475
1480,29949
457,45411
1448,27417
98,36065
1838,2385
1592,46292
1153,9855
438,28940
1694,17027
942,25533
1075,10133
1210,11344
1289,40232
424,21691
1474,24882
705,23959
1030,17267
1459,21680
22,24587
1499,7887
872,34588
545,29011
1709,48375
108,7627
322,22909
1151,24842
1397,5383
1390,29626
10,49083
1764,40941
211,15308
1673,19841
1680,8165
1476,8690
1416,26847
965,20795
1314,44180
1207,36907
1651,35814
459,17506
567,30029
702,6318
907,43087
301,27687
1204,6068
780,24178
1540,48269
290,3141
1169,40996
1502,40725
608,15424
1566,5633
499,38832
1905,4540
1242,37832
1681,28578
1848,10771
529,34009
433,30709
247,35280
1028,41998
1034,21928
58,33648
914,8182
928,1213
126,7488
416,83
392,33624
641,12279
157,19463
1753,39260
1190,5240
1335,7081
662,12335
682,29265
255,14277
1643,45747
611,44893
460,18882
320,32703
1268,12718
1181,34514
635,27875
1786,37577
1638,15860
286,28598
1387,1435
134,29238
838,28348
524,26290
1601,40410
609,4759
1624,41983
1648,28139
454,43093
959,5512
1018,47704
839,10624
780,43161
1412,21138
111,30165
1055,46667
1123,1458
271,15823
1684,23612
1228,21031
1507,6484
732,19932
1127,16809
98,45219
1636,37945
1503,20827
661,17537
1573,3768
488,24914
664,18506
600,41227
1346,40034
1880,35526
962,35025
128,40834
1682,28150
1535,20418
376,19973
32,6683
257,10259
170,35821
1824,40912
1784,11038
424,31140
773,31452
701,46450
1253,6359
1934,43046
1308,26986
908,31953
1289,9384
641,33991
1513,13926
409,10310
1802,9104
1638,48919
1995,3027
1015,37078
730,15835
1357,3230
1061,43334
271,39476
1945,14633
1530,50045
898,7408
976,35728
1656,17211
781,36325
422,39772
483,27946
1978,3918
1259,10131
1837,6032
783,11978
594,1934
850,10956
512,3153
615,16618
1111,34397
1517,25513
209,31042
390,41245
392,21388
18,23158
634,21321
1844,31728
986,13324
656,44928
731,38814
1746,39405
848,34748
282,28588
1061,15967
972,6017
577,13191
1657,1037
1496,33850
1813,40664
1776,20064
95,40908
1832,17516
134,9339
1949,44401
469,21987
561,44978
1336,46835
1676,41849
1070,24617
1470,17037
1514,229
711,44143
529,12536
1669,20465
1479,23184
58,14592
525,30438
1869,37725
957,2435
1757,17975
144,25158
484,428
597,32014
221,1685
1886,27559
804,6028
1298,28318
1838,23069
1532,485
1591,14755
596,19804
783,23359
1897,36732
1223,44750
1242,25303
510,5654
332,12492
1174,32401
1332,6550
1404,47678
694,1396
1954,10581
1237,47225
662,10747
285,3159
1043,14765
1052,36369
425,32749
1539,3446
1029,6077
654,37829
822,38097
1815,32480
1397,41668
1842,32762
348,10539
1896,7576
1114,18116
930,26622
25,11666
1606,41239
1066,40634
1310,13694
799,32739
1366,26750
336,39437
104,30532
1705,50010
5,44339
1154,29427
1910,15030
644,29034
1864,6223
1127,21535
1985,34482
952,42906
1675,40361
1961,47014
894,27365
1805,116
1031,712
1284,16869
986,34848
1670,20491
694,30892
1201,20725
1061,14126
991,15748
1766,7708
1632,42248
1593,26116
97,33188
1317,9401
1668,41780
1908,13769
880,5558
1975,1065
1168,10571
452,27409
183,1356
116,14915
1503,45300
345,48918
992,44940
1308,20739
1946,45509
825,10244
1323,20861
1556,19388
468,34137
591,14790
17,6490
938,38079
336,45431
577,42216
691,26167
636,24472
1241,2636
877,23251
670,29370
606,24099
898,44116
1883,29326
229,18756
580,1131
21,33166
1187,7808
1851,26350
665,34065
1180,38402
108,27485
659,17011
803,8347
1590,48790
781,49891
1433,23493
285,34250
1709,38353
1768,6951
1646,8293
1997,46514
353,34250
348,17385
1299,3730
1552,11681
1619,42598
1107,7300
479,45578
75,14125
1575,11488
283,21125
1569,11185
1389,16175
1705,13984
1597,8980
1217,37104
1295,9816
1816,49139
928,43200
98,32448
1253,47177
1812,43206
207,17432
1234,26274
536,48576
1912,7041
565,19983
421,32765
713,47753
585,45239
1683,16533
738,45622
446,30256
1384,40050
1319,18760
370,31673
1482,10159
1696,7497
1185,45088
602,2066
368,29898
1317,11655
904,31553
1010,2470
1005,49641
1328,39837
185,36222
517,10613
479,27359
767,13275
1377,30964
190,10319
1121,49059
245,93
1581,9368
551,1027
1400,40556
1307,7222
934,21858
716,43519
795,19113
1534,26408
670,16346
1595,14389
1426,38859
1270,31078
921,8983
1619,8346
720,13629
479,7195
509,13727
839,1433
1621,41980
76,25987
1093,39564
434,49447
1109,33896
1947,30176
126,49685
1003,31848
971,43137
1013,18169
797,25644
525,32361
370,25782
975,34525
954,41763
1517,7460
583,39452
159,12257
643,3675
1652,48150
674,14184
1543,10532
736,11164
1495,30065
643,9416
1569,17621
435,8498
795,16843
714,16375
1542,25338
877,19393
1796,11653
56,35572
202,30024
177,161
1572,3138
328,32141
160,30244
1434,33255
1703,10703
898,29229
618,31233
1564,36940
1314,22537
1551,16819
1095,21303
782,41483
356,30832
738,20034
1877,27166
307,5083
1826,40609
1575,13632
1588,155
1935,48648
1958,18305
534,31981
986,48757
154,8618
473,20085
1775,44796
113,29648
1173,18433
1832,3584
1667,38727
1664,38746
1930,32072
1391,27173
467,15189
1944,15223
1531,22707
1885,39837
1169,38511
1400,19229
1283,43657
1945,44385
1627,46991
1849,23915
1360,42370
1752,45028
1387,23292
1760,39209
483,31293
842,36439
785,18858
1038,48903
419,35079
1909,27750
46,19293
1825,47653
454,13401
1998,37029
560,21261
777,27235
116,3091
1249,28526
1130,17323
57,13483
1501,18225
1682,31674
555,27302
522,30595
1102,21802
535,17032
99,20512
1755,5628
1816,7695
1482,21499
1475,17184
1780,45574
1542,43517
290,2364
1335,47330
898,6432
1341,11755
1914,4840
1106,15990
1561,17977
1377,41246
737,4379
1936,825
1018,17089
711,12520
1345,27973
1722,1166
1813,46698
1569,21391
1587,9822
24,30821
1622,3734
957,14507
1965,24155
510,39299
668,2595
183,42285
987,12281
334,22997
1209,19774
628,39943
775,44505
341,39674
1747,18673
976,22145
1754,43593
1433,30540
1001,22586
1586,26084
76,10289
732,41238
1510,2260
1619,37446
369,27416
41,38541
441,9721
1245,20652
536,31710
1755,18380
282,41784
196,20306
391,1420
325,47268
1844,46147
1174,46647
120,5265
1148,46565
2,8459
132,37661
1742,25967
1624,16724
1815,19318
1076,6767
1226,39761
50,8880
626,39160
1145,19152
646,28034
1022,30053
668,45252
1716,4848
586,14756
1198,4232
1108,36708
1104,30516
31,15502
1861,33210
774,28061
1757,17779
1061,23011
752,22196
684,8500
19,14217
315,36467
1009,19049
466,22860
1012,33713
592,15236
1000,20823
486,16075
1735,4925
1228,3190
1916,80
889,9498
109,44034
1578,25095
699,20698
255,46808
369,16320
88,14109
222,23964
335,38614
1350,30896
367,27822
1428,1241
1588,41394
1918,33554
1030,36263
1007,22312
1409,46941
1049,15687
1541,37062
1705,3520
1011,7518
1661,29855
627,36959
1993,25502
860,27970
291,20719
1622,3576
1146,47696
490,20673
1549,14666
587,45674
1205,7587
1673,26463
1564,25598
1151,46510
1819,38810
1958,14122
1755,29978
1045,8811
321,29404
1422,3459
1286,36052
104,4490
1048,32024
1395,20876
1658,46263
1137,30801
1881,44477
1039,41676
877,30957
813,46547
610,31086
780,42934
340,42352
882,7383
1738,32387
1226,4354
1243,35434
1915,19874
198,7340
516,28202
421,15447
1990,36574
1159,9754
1881,15533
541,26138
1682,31202
1612,27634
410,40498
265,17501
338,49977
1684,13765
105,34586
1206,19702
1252,2767
1464,47811
1148,15882
1612,23802
1796,34997
541,44382
1246,44278
1691,43828
1974,48354
543,9023
732,10967
200,19872
665,4276
1561,30925
676,39109
1385,48643
1888,36201
1176,30521
637,181
743,33536
1020,26705
1454,30493
709,9923
5,16727
780,18728
1380,10092
119,13244
822,26354
57,12046
1802,36149
1004,24891
668,29286
929,27381
1448,49461
427,13818
297,42814
491,15125
650,20629
1562,5098
1801,41633
200,2791
1979,3850
811,4455
513,14667
489,39067
870,26396
259,38712
1065,15772
140,26943
556,33858
495,1206
1256,13206
551,37199
1744,2612
106,42225
836,7990
91,20237
265,44698
1269,42170
704,49467
201,17294
1935,2978
702,14679
362,17895
1271,22228
1890,37077
1608,42234
953,24639
136,47172
1292,22603
1101,13128
304,46901
507,33982
108,48195
1209,13878
516,43303
1960,25779
514,26203
334,28230
592,50039
584,25761
893,46532
1015,38479
491,21002
1914,26212
1081,22406
602,22342
1488,49125
1646,46562
359,33005
1666,6536
1158,37697
383,37614
1072,32546
476,38774
1784,12234
927,18332
1833,17020
1155,29419
1034,16292
1539,9728
900,11688
968,17710
448,45904
1198,33638
1623,14376
583,1634
1476,31630
1886,42226
1238,13594
998,15430
477,45480
244,18852
1057,34436
1704,2555
1331,2230
1959,17141
841,19198
1187,10364
1928,37313
1669,45909
472,44365
1888,11476
582,40341
1775,31672
1971,13587
1146,48271
1565,35861
597,15153
463,17956
757,27564
356,2258
1525,48133
1474,44768
404,16788
1551,37850
980,39142
1044,16841
1092,16095
865,5349
1003,27620
579,35096
381,31373
1547,5043
1922,3504
1372,38850
608,35904
1165,43362
389,43732
492,39025
1168,49455
1480,44705
1078,42528
1697,6398
1467,13483
520,36610
86,4735
1649,44967
342,18811
41,39151
1786,10340
1388,49054
717,41185
1323,28611
1595,3774
1642,23519
985,19494
109,25870
865,27646
694,35631
1781,19677
709,6972
1797,17093
1297,42757
1406,180
1616,29718
686,28292
76,14609
456,47755
1518,10369
1059,29543
236,23684
666,17298
922,36581
1861,13227
1588,36177
71,48051
615,3642
1903,22044
849,6005
764,43227
602,15809
1535,39728
482,28924
3,31776
1865,37756
1000,19580
746,48589
1724,26028
1470,28056
1250,3205
425,3320
490,6981
1851,30169
1040,2572
324,41676
1015,45760
1210,3783
1712,46834
836,36357
303,41489
1956,919
229,44772
278,42770
262,13651
924,16070
297,35998
1826,48913
1440,35429
444,37407
1908,11674
201,44606
767,29858
1700,2747
1891,9629
597,7116
946,48446
81,16977
1676,37893
1848,7178
1421,28096
1112,48766
1675,20873
661,24288
25,26015
450,31325
273,17195
1407,41640
1273,40038
158,37069
696,7781
1002,30472
774,28160
280,31175
484,46025
335,14202
593,39108
808,43789
1970,39512
503,47891
909,40660
508,36811
663,37514
221,1662
394,24228
818,34663
1545,9913
1956,10387
1494,42667
146,20888
878,35106
1878,9098
1650,19466
1578,23534
1788,1285
291,44512
252,25775
827,29736
1337,717
425,11868
884,26192
957,28080
1287,46584
175,49654
1029,1613
398,37804
161,48313
889,16421
38,14945
439,21250
98,1312
1093,12022
1817,17638
1275,30098
1029,27842
568,41304
871,16382
519,46925
995,16735
913,37371
1968,4707
1928,13833
1219,8829
1250,10290
1536,26488
85,11164
504,20132
149,3051
1834,3320
1601,8950
1747,25947
1992,1504
1509,43649
1307,34168
554,27400
147,21650
204,32545
803,13649
527,43875
1762,16725
367,34858
762,38652
1126,37656
595,16012
18,8693
1683,17056
1593,43416
1645,29048
622,24978
1079,2546
317,17889
1072,46353
1087,26117
538,24899
18,34265
302,27647
94,2621
1037,19749
537,47104
1027,6225
700,26519
436,46020
1039,23221
475,33531
319,26424
1317,45376
358,47790
359,4238
236,4865
1195,7815
14,44365
1014,44264
1480,5400
1419,8451
1631,17220
208,31394
88,30797
1505,44405
856,22118
1183,27537
328,27077
942,28581
1550,11039
1409,19146
1020,33778
19,25247
235,23531
1812,2922
556,9545
1520,5043
1089,19687
844,17012
154,42200
1387,41082
1916,38279
100,31753
1298,34041
1422,39155
549,12271
489,1298
161,9848
1126,3712
1369,43598
1064,45967
453,34184
878,7688
1111,49815
1488,47568
649,22332
1478,4940
1235,29582
342,13684
500,19581
886,44795
910,25290
1209,8379
1605,11648
655,14270
1857,2561
1633,24706
1385,27435
19,35270
507,36731
724,37919
757,17998
1929,26090
1824,38119
525,19908
1623,42569
395,41075
981,26970
999,2769
771,1771
134,26743
1390,42104
311,9280
1929,646
84,34174
598,28823
1132,19148
187,11377
156,39810
455,15177
568,26364
1746,36024
577,1579
1101,28336
1465,42554
1010,21054
403,36149
1098,44050
213,30082
1243,28207
927,26797
408,14028
507,32419
541,43924
1213,44986
1321,19231
1750,43732
889,5839
1725,16624
1468,23912
1719,1802
763,11853
1638,34151
72,47390
242,42853
1541,41208
324,29271
95,8221
903,26133
23,33077
648,2693
633,39409
1505,30732
1447,25912
1268,6097
941,45199
1483,14239
1974,26921
1701,4067
675,32929
261,13537
1100,5068
1442,13364
1716,17788
1804,48074
523,39348
682,27564
1843,5025
478,35452
1280,7194
149,13548
649,45689
986,38478
149,42661
1266,40036
1559,44513
212,29816
1702,6449
1392,3689
1870,47553
1795,47222
858,38829
1715,40546
943,39223
1516,49233
821,34644
801,11160
1919,20252
18,19389
497,42696
56,21337
1745,45156
527,5499
1203,37915
1181,14109
887,10908
1676,8631
1700,38777
1215,46863
1896,770
1316,18996
1346,28613
1616,16242
1873,3600
1366,7308
788,10206
1287,24025
1717,19524
1804,1237
1867,26134
1780,35371
214,1494
431,36863
246,2376
1551,585
64,46267
1610,33442
878,37751
1281,27331
1713,47111
1349,24085
732,7849
549,19825
375,16920
1424,24815
1621,47668
846,5811
1597,5062
1514,24325
505,45354
145,23939
1580,7709
24,33041
902,21093
1306,24866
1991,17556
1631,47550
1268,39568
1639,38327
1414,49513
542,14627
643,7837
670,24960
411,9813
1227,49709
897,6550
61,14147
61,19512
1992,15265
31,19040
834,21058
1704,31222
1266,8606
141,13632
933,16045
1921,13734
1244,46370
1771,41840
1582,20143
1118,9233
1223,48733
1926,35178
1344,33692
1348,38013
1211,20605
859,18756
528,40458
1463,21321
561,9239
1410,15191
954,20660
1913,730
1705,24082
535,10210
1470,19014
1798,31433
742,918
854,33433
197,37101
336,1876
672,43100
1060,32191
1239,26455
1094,12272
490,36439
508,41883
188,9592
838,25434
1326,37269
438,13863
1923,30674
117,29863
1773,5711
1464,31441
1007,5535
338,49498
1265,688
1000,33855
1915,22510
1700,31144
1097,18891
1460,9261
1796,35188
1181,11120
1217,5268
814,30891
738,48971
795,12648
1684,29493
740,3062
536,12503
346,46701
1794,3296
1545,17650
348,49983
1476,6679
1258,15386
919,19020
376,1163
1349,26402
478,7893
95,26097
1369,27680
811,5711
1379,10438
222,25132
1833,29251
1238,35669
448,8730
296,14854
1813,6160
1350,36875
579,23845
833,16286
12,15927
1814,2550
1058,44174
1246,23357
1199,31531
621,22714
1971,33788
901,16423
272,46886
1181,46079
1916,29579
757,13199
673,38388
1340,16247
206,45814
913,43305
816,30338
560,4472
947,5932
1867,32852
1272,10703
1258,11503
1424,46826
1169,10313
261,24990
1233,416
1313,42648
1833,27675
693,8012
719,44712
18,37444
470,38258
864,29187
80,10862
1846,2794
1452,32566
194,3264
139,3553
1105,41750
952,37062
1564,37099
1869,13351
891,47635
985,22845
1229,48457
1853,1051
725,17304
159,8138
1508,34930
454,22383
1774,21566
766,30257
1231,14631
1717,19374
825,18043
1158,38222
1405,41815
792,16448
351,3780
1488,12621
1281,43946
1148,35525
235,25971
1424,36685
1475,33056
1318,25195
1652,49146
1855,5488
150,26859
1102,33435
362,40074
1757,30291
994,43762
1931,9647
1032,42378
1883,24737
1715,20338
1494,21120
1716,26379
530,34132
191,28781
1436,48205
1145,16140
1409,19758
709,41636
1374,20604
618,10306
1139,26264
1891,42790
492,39134
969,25380
1590,44076
11,30593
633,36453
48,13641
392,39924
1007,30477
1113,32732
1170,41233
1939,21114
385,33762
1886,7870
1434,11185
1460,22776
438,47818
1936,20408
1539,10316
393,26600
168,46717
417,47923
1054,8103
1035,6245
1494,33776
1810,42578
870,42060
938,32796
1505,15771
123,38534
695,44436
400,8044
1991,16778
1847,31033
1897,27673
1660,45333
131,24087
1110,2339
1791,24075
37,42296
472,38577
251,30537
580,42672
1477,31876
466,39445
1360,41852
1685,19480
964,18107
1053,31658
822,45654
1362,82
1294,15601
1710,7774
131,32723
1672,8593
1864,914
322,45074
176,46878
1696,10898
73,42637
1731,49517
390,25765
1418,10782
627,18292
618,21663
1006,7091
391,29946
1479,35553
818,19659
581,7759
68,28296
494,8488
176,42736
246,35717
1198,31910
562,22757
1263,32865
1660,35255
519,2551
36,12065
838,37992
1753,11841
247,9677
628,46797
1306,45539
712,43376
239,9357
1316,3321
1149,6490
115,41545
1921,34452
1110,593
1651,3830
110,42095
1615,11901
408,46186
1774,5161
781,7829
530,2168
1131,283
1278,8112
1773,7975
1518,23392
666,29416
1110,15181
985,17614
189,22599
1995,35356
1372,18328
422,49401
870,35168
1993,5750
1766,37397
1849,44749
445,41886
1997,27459
601,36297
1633,10966
849,18472
123,27735
352,23568
1804,22709
1845,7146
1360,28490
348,15414
1191,26006
418,6252
933,32420
188,21886
393,30849
1961,32794
1101,12723
1015,18892
1882,11484
93,3659
991,12469
267,25176
1776,15816
1064,32900
461,42641
1406,35980
1741,6673
655,30683
1395,45999
952,26282
795,33255
990,27254
787,3294
1390,28066
771,12345
857,12015
1034,37002
1838,9894
1212,14115
173,10564
1542,31887
1517,17709
1493,48158
1710,18715
742,25370
1161,30562
554,2120
867,35632
821,35514
1239,7531
1860,8687
1736,7353
1743,2901
652,34905
1980,48257
500,3412
1688,2494
317,3998
556,26952
1132,47777
1495,18910
132,35886
1125,37113
144,9197
1005,25679
1984,44951
594,19019
410,47639
986,40513
1163,14869
219,24796
541,34718
905,12532
1498,35993
891,10099
1158,10630
1402,9404
1433,18463
1856,18952
20,9387
1917,6359
94,10143
76,14089
404,32994
630,23505
1809,7403
276,32273
527,49731
701,18818
1689,21796
419,28599
107,15248
1410,48525
1407,46406
693,41647
653,49532
809,17233
1164,33833
1084,33142
801,6358
1755,28188
1339,34473
1601,15608
1790,11435
537,13108
1664,1283
1255,18757
1649,26653
1718,8961
1759,23425
1602,35953
1165,6402
237,5760
382,12211
1255,49503
1285,11165
1132,9474
5,11430
540,25953
163,30560
1148,33427
148,3745
300,24734
1791,43104
1662,32381
45,46358
644,20165
1272,40970
820,33452
1677,49486
1159,45400
742,21344
1200,33926
34,25392
14,33263
1564,18750
405,9032
1560,43726
1850,33659
1591,47802
1584,38663
358,12126
1573,37775
464,2190
1268,11636
1658,18495
1242,4766
175,8161
986,18935
1300,8466
317,13889
1344,35447
1385,33036
491,20321
401,34284
867,37895
765,48697
1989,47757
1655,42936
1764,33008
494,37120
1744,21476
967,23406
1510,32661
1129,17618
1888,35312
268,24063
95,31802
902,19625
489,23819
1425,30881
1909,42682
104,23084
1546,9854
1587,6025
503,29416
1499,10658
1900,1114
1878,34746
160,16862
1502,14844
1889,47477
489,34189
1208,5785
295,11373
1038,11168
413,33871
1104,10048
927,24564
391,9541
1616,48342
894,28339
1766,17347
510,30636
1670,43776
1927,40402
1063,15003
248,45431
174,45554
358,47422
253,30966
1030,24688
1962,12627
613,2978
1416,16966
1579,12853
1654,38842
1299,23869
1040,40602
1010,20451
38,30471
1799,3239
1416,36232
586,30208
1103,16442
286,3913
1550,27683
814,41876
1330,36294
1550,17382
573,16984
40,19902
1781,38993
271,7138
1306,48353
1041,46331
1472,30078
1907,4052
47,45621
758,2287
840,31678
1021,4708
322,2577
1930,49536
1628,5709
1017,15330
654,45575
1810,31082
1246,44439
725,15655
432,25340
1589,34068
1635,25786
910,6477
1002,40525
1392,44902
303,4150
1665,48361
1876,19284
876,2596
1832,31467
213,17655
825,21943
1831,13392
1009,44231
1053,40532
269,1251
1826,42058
1141,570
1751,33661
1218,31806
1196,17526
417,10214
943,14512
1590,32963
1031,2575
1092,36940
1306,10847
485,42913
340,18018
1340,31924
1673,21105
661,41317
1945,33128
1668,21650
97,23709
1631,35269
1652,49835
706,31406
949,36994
795,21009
660,12952
1002,12211
766,35538
231,3581
635,36445
1772,12279
246,40869
1258,31471
937,7816
963,34753
1681,7280
676,20735
1805,8165
1888,26363
964,28031
1526,41496
1394,31305
1732,25138
1055,24774
1373,43483
93,25146
1255,43661
509,30880
1101,27747
254,19481
1838,33960
1542,3014
808,40763
888,27758
601,34902
982,15866
1039,49446
781,43986
420,7247
684,10417
1154,36051
531,20026
305,43316
1648,25469
187,21003
603,24526
1215,39286
89,14838
1327,33363
794,14168
1195,30862
1677,28322
136,12424
1826,22288
582,9995
380,37413
1790,22148
503,20297
1537,3385
1276,38467
421,10178
1023,24978
1428,14851
1783,30201
1726,39942
675,42802
1306,18799
343,46404
340,41955
1934,12691
506,21969
430,4958
379,18897
1549,17569
822,20312
418,40667
1918,3703
322,8729
1892,24844
1730,28245
783,26869
876,41480
1810,46215
1342,33156
198,1914
1001,17889
944,37600
53,3475
817,9802
1875,37408
349,34423
1486,11611
1136,49482
1958,7403
880,4920
1592,21792
148,28233
92,27189
1692,8528
1430,27085
692,25572
905,2740
522,27785
538,31386
1751,20404
2000,42534
228,28941
533,15451
874,40625
212,21486
465,9703
457,18894
881,21395
1790,35312
1229,12745
494,42539
852,37656
1924,24744
1315,14957
711,37382
1574,38501
632,46673
485,7284
394,32039
848,3950
98,42227
1432,5117
1386,24331
185,6579
489,20831
976,13904
25,32133
1528,31436
837,14159
1414,24207
1156,4761
1054,293
1588,41486
471,13627
500,46276
1580,34115
1669,6197
134,3421
905,15341
1264,26397
647,25387
1502,6227
713,12623
1232,23879
1920,39340
2,1225
1255,26445
1629,30402
1224,1015
1158,6391
376,23095
942,21289
227,41017
1627,48292
1325,34811
1855,27411
1398,48510
1237,9297
1829,32789
1503,26567
947,24069
1895,48461
330,33743
405,27824
1745,22702
1948,45948
1403,5495
1073,38558
631,40222
1170,8953
139,36610
1425,48373
1364,45713
919,33592
1216,12456
413,18691
728,44821
1565,41743
761,31728
1703,7850
922,18659
44,8426
1496,24965
1991,30262
1481,3238
275,47108
1652,930
319,43483
1975,5597
40,4540
443,2883
698,11454
1798,16828
1552,8132
1000,46685
1620,18140
398,18653
1094,8039
395,18152
1730,29297
1091,3768
1385,25346
1057,27072
100,7480
61,5400
171,4098
1930,30370
1918,5511
1661,10489
286,15885
978,25460
616,28219
689,32978
1964,17403
824,15546
317,49708
1302,3398
333,38945
773,22473
537,37795
355,9068
1050,17430
860,14701
1033,42014
347,21294
695,33268
250,7829
1045,12605
1981,24911
217,31443
510,4325
1051,11041
1123,22263
1893,27602
429,1136
168,16522
139,16654
654,37210
596,5759
1167,24742
982,22427
1053,46068
1949,45763
1188,3794
212,24037
948,29123
1577,30325
607,6641
1169,8129
638,34483
745,6088
1330,30371
1531,43798
907,42265
580,1217
1102,24496
1398,36676
238,3341
774,563
299,43535
502,37839
153,10095
1832,27747
1003,21174
1179,29754
234,38038
552,16664
577,38819
261,32329
249,20989
484,35853
1252,28111
149,39348
403,1594
902,33798
1160,34333
1257,32174
1111,14431
1136,32241
914,12953
572,29727
1125,43237
1222,3218
828,45554
1409,37988
1714,46793
1565,40346
388,34062
796,21013
901,3505
927,15238
841,44520
449,38897
1676,17149
1454,29168
354,21620
1661,41202
916,5079
1072,6678
1941,16954
1570,34402
31,42368
1997,16752
132,11028
1183,10635
1404,3064
261,3117
452,23305
505,29737
1857,42828
873,14821
1264,33150
1002,48104
1235,26189
502,5479
240,37475
1916,19000
1418,42298
1863,46038
847,24325
210,13006
147,5189
190,48818
502,8370
58,1608
382,14579
9,20024
872,1697
137,29748
30,24631
435,17049
1458,6606
1233,47191
1717,45780
612,34033
339,25973
24,7388
103,25241
187,431
242,6155
1221,38118
1984,2061
43,46629
1771,23555
1726,15878
527,44010
411,43982
499,18569
808,19964
1538,16992
1271,6128
158,44499
647,46527
180,25188
1153,10662
1218,3874
579,20804
673,19054
1942,39708
222,24631
209,20263
846,29643
146,30539
616,26085
1605,34592
50,3500
1245,16654
1374,41720
1908,48843
1286,41055
1542,33388
272,2885
1525,12782
156,45257
1132,12166
157,36217
522,47138
1839,15410
629,65
355,8926
282,25917
236,38288
879,49066
1097,26170
475,3232
1689,26193
1855,14322
90,34659
347,46324
1734,14727
1259,193
1293,27917
548,7063
1773,11138
667,35433
2000,32772
702,12182
310,25423
1640,23288
1136,49008
1237,47954
467,1377
777,20582
1646,48609
846,36005
248,31586
1334,44511
148,35026
1389,20464
794,15600
1834,22274
694,21553
1183,19166
1929,8397
502,45709
1805,3831
818,38370
1350,45610
1172,43207
1809,5637
438,4637
1473,37927
881,9990
1209,42448
449,6455
1765,44504
1280,10168
331,43908
419,28788
1325,24265
943,37669
1105,14918
409,16760
405,19221
1401,16954
1458,15686
352,30092
791,25632
1503,7611
1839,46683
324,700
1045,14192
1463,19046
1850,3797
1866,26843
1730,21204
1331,18341
1615,48106
1083,30094
82,43018
155,22638
527,4670
704,35192
531,957
761,36821
330,8002
1434,23497
1865,15904
549,29174
659,16743
806,19401
693,26383
161,36096
1480,26964
848,38887
966,43942
354,45184
150,41365
1248,40922
891,44331
1712,2495
1259,45994
1991,25809
246,19566
769,3826
408,41424
849,20461
1972,8108
979,35804
204,22789
1724,1105
918,23214
859,8046
1704,1171
13,25193
440,46434
1429,33541
1243,15597
1368,39773
849,7140
986,2793
1179,32546
1637,30834
1223,9030
1606,19013
1906,10464
112,36955
1144,39379
754,36494
157,40627
1787,284
1606,22772
981,24454
819,2121
1533,12081
426,36478
1389,15987
519,50028
433,8723
580,23380
1463,29018
1727,2196
1915,17270
671,42583
1917,22136
412,23413
882,43859
273,1227
1308,29260
1739,6988
1781,28772
760,24730
672,8944
1030,18759
305,17353
908,9382
1083,11967
1586,25037
1197,24321
1627,37189
923,16455
537,11536
474,42951
1520,22904
183,38202
1641,12762
1562,9004
444,17720
735,16444
1379,36580
362,23464
1443,24380
1222,46092
739,28792
1051,33461
513,17584
842,32480
1461,13550
107,2097
445,23695
951,2023
1869,27853
935,14034
404,33617
1499,43679
1635,17801
631,21094
1836,25220
975,48084
1127,30771
1287,24624
1051,39854
444,26185
1491,11238
766,2605
881,7739
1153,12776
602,878
196,14480
640,7997
748,32188
1691,39256
1609,31684
1241,44264
1939,8226
1222,46334
1364,346
219,44236
1270,22617
1388,21992
401,25263
22,28024
247,10545
1393,32107
891,8647
1460,33155
1601,14282
456,43348
249,43151
1706,6307
1406,5212
1299,10624
1445,10080
590,43900
286,9551
1831,32030
1583,652
1131,1426
166,39803
63,36327
615,3783
1389,25727
1088,42426
636,46554
1224,9491
1641,39793
366,39613
563,19401
1839,22253
55,17383
714,16196
297,32963
366,25272
1552,41360
195,11536
1033,38254
1941,15127
1632,22948
1449,10939
1843,44223
1347,24263
1037,33324
1368,19677
171,14989
662,1253
19,18150
1507,32795
814,6118
721,48048
1433,40137
1566,12414
1090,49665
173,30618
1011,11457
714,16692
1743,19956
440,25338
1913,17894
1397,15821
1989,8550
330,39277
158,25103
696,48512
534,41650
1827,25164
169,18762
592,33206
1196,40032
840,19179
441,16281
1841,15773
1447,4477
1446,43405
1654,47808
1926,37217
1736,35466
457,29093
167,33828
146,40164
1707,23342
914,21906
1963,33345
837,42671
762,44487
597,5639
200,29904
1735,45536
1940,11547
1563,43588
561,29829
191,31731
1829,35124
30,32831
672,22207
248,3857
1854,41856
1411,31565
85,32128
1565,38886
1070,13639
129,14274
1550,40331
1547,33827
1204,24110
1425,9986
1363,10928
1534,45214
1647,46156
1134,43333
1220,37068
636,17952
835,4132
1515,1660
171,36416
1730,2186
1956,37406
1462,3415
1440,34356
917,49725
1276,44742
1605,7669
69,43689
1978,32214
851,5226
1008,25338
909,27709
1114,33845
1491,27040
518,38180
1074,2256
1187,42365
889,23869
181,36954
1066,34742
1076,22741
1268,3505
1612,13115
1712,5349
404,94
1669,1169
468,28175
463,607
1016,27286
1346,48098
1603,1463
155,36024
1652,17576
1811,28750
1545,8844
390,19499
174,7425
674,17856
1947,49477
1531,11441
1680,7338
232,25577
1000,27302
1146,17069
1540,17989
769,34857
922,26734
1356,36007
917,622
599,47333
1630,1022
1224,35173
1904,466
528,35841
1620,40096
431,19394
103,29610
30,40896
1573,18143
42,40221
237,19692
1940,16282
1434,44068
556,32741
1312,18472
1249,47888
305,38545
575,40302
1744,39682
51,6192
534,36333
797,11517
730,17698
651,7379
1237,2644
1308,12135
753,34218
1573,24072
1065,17775
438,40913
1011,31629
96,99
716,13089
1485,8773
1750,12623
1422,48733
27,4403
773,37222
276,34007
1132,9972
1406,22286
1494,19544
682,4663
356,275
1672,1916
969,6010
1847,4715
443,45234
1267,24998
191,27880
928,46548
1437,42286
285,28509
1351,4628
834,39609
566,26171
1178,18479
58,42812
872,35116
1834,28907
638,44125
16,15778
1019,38673
1810,35578
153,46415
1717,13460
511,23413
1525,25118
184,16698
1976,18864
836,44595
712,45192
1790,39559
1312,20535
973,2532
1570,13923
1282,13357
174,18377
790,45358
1491,48807
553,13714
214,16243
1331,14696
1165,42635
895,28135
1334,33398
619,16885
1774,48941
984,23987
713,7341
1426,47743
1149,47537
841,39751
596,8956
959,3111
1050,14284
424,20868
137,39403
1195,21427
967,26632
1668,19724
900,30747
1767,22246
1990,40077
1349,39923
640,38148
1028,44869
1322,49922
294,2482
784,11560
84,4594
84,21303
168,31657
1334,41123
1464,8148
289,16084
22,45818
208,11979
1897,12370
1484,15014
279,23990
111,21235
503,31528
1124,29953
1829,34447
501,48805
1272,19794
782,18718
737,228
1926,39086
1544,17584
545,34772
1791,9397
831,4239
1196,1416
1400,39288
50,49032
846,43125
206,2231
771,22181
527,7438
640,28382
926,9366
1009,23505
322,5484
6,1659
1794,28228
282,27926
1567,26759
1363,1398
797,996
1324,37723
875,33441
1046,30630
665,45920
1292,28845
573,13914
1739,14688
38,32330
475,38496
1089,16003
1706,39622
1154,12607
439,2822
1979,17984
1870,8499
130,48888
116,40311
78,1775
1078,30471
959,19058
1711,45386
1434,1649
854,34771
1683,11966
1069,1652
743,39501
1193,34773
1778,25544
667,38771
1985,32542
63,7012
73,22415
1693,13341
1716,13120
674,21757
582,41207
1933,25241
924,3078
1518,21997
353,12215
1679,24370
1354,29483
452,21308
6,2477
891,44457
1913,21628
681,40143
1445,40218
400,2772
60,13744
559,29763
489,47564
976,38851
1737,29847
688,16808
107,29456
904,29819
910,9479
933,37214
1996,48567
697,38421
376,18932
45,26510
626,36723
1981,18378
1629,15
1202,34320
528,11675
1938,7469
345,15099
1341,5495
885,32260
1213,1927
241,8406
1076,38601
136,49282
1286,13739
1149,10349
988,10439
455,8210
1905,8915
1291,9374
1356,24093
69,10745
651,35526
1659,36137
119,42881
748,2490
1620,44160
1385,6140
199,39137
857,13094
825,48437
1015,4664
1641,4703
471,29824
376,16202
1847,43800
1348,24992
188,33635
998,6556
1696,1669
1415,47994
1580,27043
855,46391
323,49849
1502,41382
94,29594
1550,39682
1768,9721
684,6143
1851,3144
708,30589
283,41105
1613,11269
1339,27561
799,11797
1149,43536
1174,28893
1313,14251
1888,11340
1604,10690
876,47429
1995,30627
704,47971
549,11181
1460,2242
353,21730
588,12060
141,41790
1695,7282
1591,34766
1174,45670
469,25584
473,16188
153,49255
522,45367
1211,6477
123,8366
1585,49775
1244,39535
1198,29243
1729,41564
1230,24947
725,40201
1711,33535
730,10072
1856,31088
184,28112
520,4332
154,26244
610,24034
1057,44577
719,8605
1063,3411
670,3205
382,14619
177,21568
845,49203
852,34413
1368,14721
1389,9781
853,7652
805,45757
1733,37483
708,2148
1282,36975
716,29788
751,2539
220,19555
645,35965
1884,26746
1614,37262
1684,35559
1048,33096
1956,8040
1430,271
750,1814
626,37103
1472,43359
823,20242
95,17902
51,21885
716,1456
710,4243
1802,10284
182,20549
1461,25956
340,26827
1612,12879
958,40418
1488,2575
650,20618
873,30142
1176,11914
1431,6858
491,40430
286,32466
650,20657
640,11046
1455,30189
1473,1069
1540,44404
1391,3305
833,19563
679,7315
1016,21316
1336,6451
554,26117
1807,40379
1245,39739
1704,3388
14,2347
1559,2985
1092,40180
764,4445
463,3121
98,43770
1593,32899
738,12044
799,6454
565,3281
1760,34328
1333,39879
1044,42762
1374,11021
471,8859
691,42189
420,23370
1380,8475
575,31330
1743,33637
423,4666
808,33909
42,8053
1225,37994
243,37160
476,21900
179,38057
56,1322
290,49179
122,16156
370,16947
1134,44553
448,14650
1553,39983
1777,32859
876,37402
1857,32168
201,9314
874,29339
1130,5799
952,37425
1915,20033
313,11201
1240,496
239,2250
1868,38153
1407,26830
666,17398
1706,39438
934,39170
1320,457
103,9757
1156,42380
896,10144
112,21472
1558,47599
1176,38115
1953,30873
1934,34645
1308,32647
1096,15613
968,47617
1191,39169
1980,31704
1749,36911
505,5696
462,22974
354,10531
803,6656
1707,17065
1439,40633
1394,5393
633,9552
1335,1697
1067,35048
992,18721
352,19908
615,9805
1625,41787
1179,1599
951,41558
1070,16184
916,47899
776,46354
1532,8480
1946,44305
424,25149
114,32614
1031,30725
792,13059
370,32973
223,41523
764,44360
942,43804
597,26324
1935,15634
1768,18899
1565,14181
81,46266
978,17505
514,46102
1899,17390
14,45254
1768,34071
1568,42629
1934,3981
930,35462
1234,631
1892,25403
693,40721
671,27245
322,9597
857,38215
938,5138
1195,31092
583,46463
1746,46796
1076,19890
1376,22118
532,26036
835,2642
1150,19756
1812,18210
1774,652
1832,7505
1678,26113
446,24064
1882,37459
764,26866
339,46963
1856,11021
1588,30760
1045,3623
1114,15010
1341,42166
198,11121
495,37932
1532,39513
1794,1687
653,23245
1088,11376
530,37578
960,32115
1507,14929
117,35072
142,40500
1670,626
46,42081
441,43086
1149,1593
1077,18751
199,9350
774,39725
1951,46982
1791,31633
1174,394
1884,30674
1227,29425
215,17338
1091,13639
1302,34261
407,44954
686,14332
